<?xml version="1.0" encoding="UTF-8"?>
<gpx xmlns="http://www.topografix.com/GPX/1/1" xmlns:gpxtpx="http://www.garmin.com/xmlschemas/TrackPointExtension/v1" xmlns:xsi="http://www.w3.org/2001/XMLSchema-instance" xsi:schemaLocation="http://www.topografix.com/GPX/1/1 http://www.topografix.com/GPX/1/1/gpx.xsd" version="1.1" creator="gpx.py -- https://github.com/tkrajina/gpxpy">
  <trk>
    <name>gpx from keep</name>
    <type>Walk</type>
    <trkseg>
      <trkpt lat="26.080936061332977" lon="119.29032479635755">
        <ele>12.5</ele>
        <time>2025-06-08T05:51:45Z</time>
        <extensions>
          <gpxtpx:TrackPointExtension>
            <gpxtpx:hr>81</gpxtpx:hr>
          </gpxtpx:TrackPointExtension>
        </extensions>
      </trkpt>
      <trkpt lat="26.080973476722377" lon="119.29032230608797">
        <ele>12.5</ele>
        <time>2025-06-08T05:51:46Z</time>
        <extensions>
          <gpxtpx:TrackPointExtension>
            <gpxtpx:hr>81</gpxtpx:hr>
          </gpxtpx:TrackPointExtension>
        </extensions>
      </trkpt>
      <trkpt lat="26.080983702260507" lon="119.29031941606414">
        <ele>12.5</ele>
        <time>2025-06-08T05:51:47Z</time>
        <extensions>
          <gpxtpx:TrackPointExtension>
            <gpxtpx:hr>81</gpxtpx:hr>
          </gpxtpx:TrackPointExtension>
        </extensions>
      </trkpt>
      <trkpt lat="26.081002631641994" lon="119.29031383184623">
        <ele>12.5</ele>
        <time>2025-06-08T05:51:48Z</time>
        <extensions>
          <gpxtpx:TrackPointExtension>
            <gpxtpx:hr>81</gpxtpx:hr>
          </gpxtpx:TrackPointExtension>
        </extensions>
      </trkpt>
      <trkpt lat="26.08101466584362" lon="119.29030644906237">
        <ele>12.5</ele>
        <time>2025-06-08T05:51:49Z</time>
        <extensions>
          <gpxtpx:TrackPointExtension>
            <gpxtpx:hr>81</gpxtpx:hr>
          </gpxtpx:TrackPointExtension>
        </extensions>
      </trkpt>
      <trkpt lat="26.081022950371896" lon="119.29030114249552">
        <ele>12.5</ele>
        <time>2025-06-08T05:51:50Z</time>
        <extensions>
          <gpxtpx:TrackPointExtension>
            <gpxtpx:hr>81</gpxtpx:hr>
          </gpxtpx:TrackPointExtension>
        </extensions>
      </trkpt>
      <trkpt lat="26.081026929532428" lon="119.29029894154876">
        <ele>12.5</ele>
        <time>2025-06-08T05:51:51Z</time>
        <extensions>
          <gpxtpx:TrackPointExtension>
            <gpxtpx:hr>88</gpxtpx:hr>
          </gpxtpx:TrackPointExtension>
        </extensions>
      </trkpt>
      <trkpt lat="26.08102816525481" lon="119.29030111517639">
        <ele>12.5</ele>
        <time>2025-06-08T05:51:52Z</time>
        <extensions>
          <gpxtpx:TrackPointExtension>
            <gpxtpx:hr>88</gpxtpx:hr>
          </gpxtpx:TrackPointExtension>
        </extensions>
      </trkpt>
      <trkpt lat="26.081025708662303" lon="119.29030667286887">
        <ele>12.5</ele>
        <time>2025-06-08T05:51:53Z</time>
        <extensions>
          <gpxtpx:TrackPointExtension>
            <gpxtpx:hr>88</gpxtpx:hr>
          </gpxtpx:TrackPointExtension>
        </extensions>
      </trkpt>
      <trkpt lat="26.081019364877122" lon="119.29031562384422">
        <ele>12.5</ele>
        <time>2025-06-08T05:51:54Z</time>
        <extensions>
          <gpxtpx:TrackPointExtension>
            <gpxtpx:hr>88</gpxtpx:hr>
          </gpxtpx:TrackPointExtension>
        </extensions>
      </trkpt>
      <trkpt lat="26.081011862328168" lon="119.29032491113834">
        <ele>12.5</ele>
        <time>2025-06-08T05:51:55Z</time>
        <extensions>
          <gpxtpx:TrackPointExtension>
            <gpxtpx:hr>88</gpxtpx:hr>
          </gpxtpx:TrackPointExtension>
        </extensions>
      </trkpt>
      <trkpt lat="26.08100091604147" lon="119.29033565810623">
        <ele>12.5</ele>
        <time>2025-06-08T05:51:56Z</time>
        <extensions>
          <gpxtpx:TrackPointExtension>
            <gpxtpx:hr>89</gpxtpx:hr>
          </gpxtpx:TrackPointExtension>
        </extensions>
      </trkpt>
      <trkpt lat="26.080993068167714" lon="119.29034440511523">
        <ele>12.5</ele>
        <time>2025-06-08T05:51:57Z</time>
        <extensions>
          <gpxtpx:TrackPointExtension>
            <gpxtpx:hr>89</gpxtpx:hr>
          </gpxtpx:TrackPointExtension>
        </extensions>
      </trkpt>
      <trkpt lat="26.08098446188402" lon="119.29035303207826">
        <ele>12.5</ele>
        <time>2025-06-08T05:51:58Z</time>
        <extensions>
          <gpxtpx:TrackPointExtension>
            <gpxtpx:hr>89</gpxtpx:hr>
          </gpxtpx:TrackPointExtension>
        </extensions>
      </trkpt>
      <trkpt lat="26.080979785809372" lon="119.29035988478094">
        <ele>12.5</ele>
        <time>2025-06-08T05:51:59Z</time>
        <extensions>
          <gpxtpx:TrackPointExtension>
            <gpxtpx:hr>89</gpxtpx:hr>
          </gpxtpx:TrackPointExtension>
        </extensions>
      </trkpt>
      <trkpt lat="26.080972664788195" lon="119.29036831725334">
        <ele>12.5</ele>
        <time>2025-06-08T05:52:00Z</time>
        <extensions>
          <gpxtpx:TrackPointExtension>
            <gpxtpx:hr>89</gpxtpx:hr>
          </gpxtpx:TrackPointExtension>
        </extensions>
      </trkpt>
      <trkpt lat="26.08096634357007" lon="119.2903757322509">
        <ele>12.5</ele>
        <time>2025-06-08T05:52:01Z</time>
        <extensions>
          <gpxtpx:TrackPointExtension>
            <gpxtpx:hr>86</gpxtpx:hr>
          </gpxtpx:TrackPointExtension>
        </extensions>
      </trkpt>
      <trkpt lat="26.08095740662538" lon="119.29038365821052">
        <ele>12.5</ele>
        <time>2025-06-08T05:52:02Z</time>
        <extensions>
          <gpxtpx:TrackPointExtension>
            <gpxtpx:hr>86</gpxtpx:hr>
          </gpxtpx:TrackPointExtension>
        </extensions>
      </trkpt>
      <trkpt lat="26.08095048225895" lon="119.29038969904528">
        <ele>12.5</ele>
        <time>2025-06-08T05:52:03Z</time>
        <extensions>
          <gpxtpx:TrackPointExtension>
            <gpxtpx:hr>86</gpxtpx:hr>
          </gpxtpx:TrackPointExtension>
        </extensions>
      </trkpt>
      <trkpt lat="26.080942556446253" lon="119.29039516955038">
        <ele>12.5</ele>
        <time>2025-06-08T05:52:04Z</time>
        <extensions>
          <gpxtpx:TrackPointExtension>
            <gpxtpx:hr>86</gpxtpx:hr>
          </gpxtpx:TrackPointExtension>
        </extensions>
      </trkpt>
      <trkpt lat="26.080936041208663" lon="119.2903984733305">
        <ele>12.5</ele>
        <time>2025-06-08T05:52:05Z</time>
        <extensions>
          <gpxtpx:TrackPointExtension>
            <gpxtpx:hr>86</gpxtpx:hr>
          </gpxtpx:TrackPointExtension>
        </extensions>
      </trkpt>
      <trkpt lat="26.080929355302658" lon="119.29040013219782">
        <ele>12.5</ele>
        <time>2025-06-08T05:52:06Z</time>
        <extensions>
          <gpxtpx:TrackPointExtension>
            <gpxtpx:hr>85</gpxtpx:hr>
          </gpxtpx:TrackPointExtension>
        </extensions>
      </trkpt>
      <trkpt lat="26.080923061860386" lon="119.2904001655801">
        <ele>12.5</ele>
        <time>2025-06-08T05:52:07Z</time>
        <extensions>
          <gpxtpx:TrackPointExtension>
            <gpxtpx:hr>85</gpxtpx:hr>
          </gpxtpx:TrackPointExtension>
        </extensions>
      </trkpt>
      <trkpt lat="26.08091755696052" lon="119.29039922393096">
        <ele>12.5</ele>
        <time>2025-06-08T05:52:08Z</time>
        <extensions>
          <gpxtpx:TrackPointExtension>
            <gpxtpx:hr>85</gpxtpx:hr>
          </gpxtpx:TrackPointExtension>
        </extensions>
      </trkpt>
      <trkpt lat="26.080911151480358" lon="119.29039804346453">
        <ele>12.5</ele>
        <time>2025-06-08T05:52:09Z</time>
        <extensions>
          <gpxtpx:TrackPointExtension>
            <gpxtpx:hr>85</gpxtpx:hr>
          </gpxtpx:TrackPointExtension>
        </extensions>
      </trkpt>
      <trkpt lat="26.080905662392126" lon="119.29039665821179">
        <ele>12.5</ele>
        <time>2025-06-08T05:52:10Z</time>
        <extensions>
          <gpxtpx:TrackPointExtension>
            <gpxtpx:hr>85</gpxtpx:hr>
          </gpxtpx:TrackPointExtension>
        </extensions>
      </trkpt>
      <trkpt lat="26.08089971497077" lon="119.29039464209863">
        <ele>12.5</ele>
        <time>2025-06-08T05:52:11Z</time>
        <extensions>
          <gpxtpx:TrackPointExtension>
            <gpxtpx:hr>86</gpxtpx:hr>
          </gpxtpx:TrackPointExtension>
        </extensions>
      </trkpt>
      <trkpt lat="26.08089542397095" lon="119.29039265403921">
        <ele>12.5</ele>
        <time>2025-06-08T05:52:12Z</time>
        <extensions>
          <gpxtpx:TrackPointExtension>
            <gpxtpx:hr>86</gpxtpx:hr>
          </gpxtpx:TrackPointExtension>
        </extensions>
      </trkpt>
      <trkpt lat="26.080891475400644" lon="119.29039045881444">
        <ele>12.5</ele>
        <time>2025-06-08T05:52:13Z</time>
        <extensions>
          <gpxtpx:TrackPointExtension>
            <gpxtpx:hr>86</gpxtpx:hr>
          </gpxtpx:TrackPointExtension>
        </extensions>
      </trkpt>
      <trkpt lat="26.08088917372654" lon="119.29038879018769">
        <ele>12.5</ele>
        <time>2025-06-08T05:52:14Z</time>
        <extensions>
          <gpxtpx:TrackPointExtension>
            <gpxtpx:hr>86</gpxtpx:hr>
          </gpxtpx:TrackPointExtension>
        </extensions>
      </trkpt>
      <trkpt lat="26.08088682046461" lon="119.29038605746427">
        <ele>12.5</ele>
        <time>2025-06-08T05:52:15Z</time>
        <extensions>
          <gpxtpx:TrackPointExtension>
            <gpxtpx:hr>86</gpxtpx:hr>
          </gpxtpx:TrackPointExtension>
        </extensions>
      </trkpt>
      <trkpt lat="26.080885221221166" lon="119.29038266228277">
        <ele>12.5</ele>
        <time>2025-06-08T05:52:16Z</time>
        <extensions>
          <gpxtpx:TrackPointExtension>
            <gpxtpx:hr>86</gpxtpx:hr>
          </gpxtpx:TrackPointExtension>
        </extensions>
      </trkpt>
      <trkpt lat="26.08088491666915" lon="119.2903775061503">
        <ele>12.5</ele>
        <time>2025-06-08T05:52:17Z</time>
        <extensions>
          <gpxtpx:TrackPointExtension>
            <gpxtpx:hr>86</gpxtpx:hr>
          </gpxtpx:TrackPointExtension>
        </extensions>
      </trkpt>
      <trkpt lat="26.08088611251274" lon="119.29037399918165">
        <ele>12.5</ele>
        <time>2025-06-08T05:52:18Z</time>
        <extensions>
          <gpxtpx:TrackPointExtension>
            <gpxtpx:hr>86</gpxtpx:hr>
          </gpxtpx:TrackPointExtension>
        </extensions>
      </trkpt>
      <trkpt lat="26.080889261515637" lon="119.29037023282602">
        <ele>12.5</ele>
        <time>2025-06-08T05:52:19Z</time>
        <extensions>
          <gpxtpx:TrackPointExtension>
            <gpxtpx:hr>86</gpxtpx:hr>
          </gpxtpx:TrackPointExtension>
        </extensions>
      </trkpt>
      <trkpt lat="26.080892264469302" lon="119.29036894389716">
        <ele>12.5</ele>
        <time>2025-06-08T05:52:20Z</time>
        <extensions>
          <gpxtpx:TrackPointExtension>
            <gpxtpx:hr>86</gpxtpx:hr>
          </gpxtpx:TrackPointExtension>
        </extensions>
      </trkpt>
      <trkpt lat="26.08089621267119" lon="119.29036631142804">
        <ele>12.5</ele>
        <time>2025-06-08T05:52:21Z</time>
        <extensions>
          <gpxtpx:TrackPointExtension>
            <gpxtpx:hr>84</gpxtpx:hr>
          </gpxtpx:TrackPointExtension>
        </extensions>
      </trkpt>
      <trkpt lat="26.08089992010231" lon="119.29036490015345">
        <ele>12.5</ele>
        <time>2025-06-08T05:52:22Z</time>
        <extensions>
          <gpxtpx:TrackPointExtension>
            <gpxtpx:hr>84</gpxtpx:hr>
          </gpxtpx:TrackPointExtension>
        </extensions>
      </trkpt>
      <trkpt lat="26.080904945214897" lon="119.29036290935909">
        <ele>12.5</ele>
        <time>2025-06-08T05:52:23Z</time>
        <extensions>
          <gpxtpx:TrackPointExtension>
            <gpxtpx:hr>84</gpxtpx:hr>
          </gpxtpx:TrackPointExtension>
        </extensions>
      </trkpt>
      <trkpt lat="26.080909074331043" lon="119.29036292511005">
        <ele>12.5</ele>
        <time>2025-06-08T05:52:24Z</time>
        <extensions>
          <gpxtpx:TrackPointExtension>
            <gpxtpx:hr>84</gpxtpx:hr>
          </gpxtpx:TrackPointExtension>
        </extensions>
      </trkpt>
      <trkpt lat="26.08091389780061" lon="119.29036309515051">
        <ele>12.5</ele>
        <time>2025-06-08T05:52:25Z</time>
        <extensions>
          <gpxtpx:TrackPointExtension>
            <gpxtpx:hr>84</gpxtpx:hr>
          </gpxtpx:TrackPointExtension>
        </extensions>
      </trkpt>
      <trkpt lat="26.080918240872585" lon="119.29036415401274">
        <ele>12.5</ele>
        <time>2025-06-08T05:52:26Z</time>
        <extensions>
          <gpxtpx:TrackPointExtension>
            <gpxtpx:hr>81</gpxtpx:hr>
          </gpxtpx:TrackPointExtension>
        </extensions>
      </trkpt>
      <trkpt lat="26.080922988246947" lon="119.29036361438351">
        <ele>12.5</ele>
        <time>2025-06-08T05:52:27Z</time>
        <extensions>
          <gpxtpx:TrackPointExtension>
            <gpxtpx:hr>81</gpxtpx:hr>
          </gpxtpx:TrackPointExtension>
        </extensions>
      </trkpt>
      <trkpt lat="26.08092752783457" lon="119.29036312026145">
        <ele>12.5</ele>
        <time>2025-06-08T05:52:28Z</time>
        <extensions>
          <gpxtpx:TrackPointExtension>
            <gpxtpx:hr>81</gpxtpx:hr>
          </gpxtpx:TrackPointExtension>
        </extensions>
      </trkpt>
      <trkpt lat="26.080932445417872" lon="119.29036030379339">
        <ele>12.5</ele>
        <time>2025-06-08T05:52:29Z</time>
        <extensions>
          <gpxtpx:TrackPointExtension>
            <gpxtpx:hr>81</gpxtpx:hr>
          </gpxtpx:TrackPointExtension>
        </extensions>
      </trkpt>
      <trkpt lat="26.080936572550495" lon="119.29035711961778">
        <ele>12.5</ele>
        <time>2025-06-08T05:52:30Z</time>
        <extensions>
          <gpxtpx:TrackPointExtension>
            <gpxtpx:hr>81</gpxtpx:hr>
          </gpxtpx:TrackPointExtension>
        </extensions>
      </trkpt>
      <trkpt lat="26.08093761638883" lon="119.29035248811292">
        <ele>12.5</ele>
        <time>2025-06-08T05:52:31Z</time>
        <extensions>
          <gpxtpx:TrackPointExtension>
            <gpxtpx:hr>87</gpxtpx:hr>
          </gpxtpx:TrackPointExtension>
        </extensions>
      </trkpt>
      <trkpt lat="26.08093400561564" lon="119.29034895440839">
        <ele>12.5</ele>
        <time>2025-06-08T05:52:32Z</time>
        <extensions>
          <gpxtpx:TrackPointExtension>
            <gpxtpx:hr>87</gpxtpx:hr>
          </gpxtpx:TrackPointExtension>
        </extensions>
      </trkpt>
      <trkpt lat="26.080928916021698" lon="119.2903483642206">
        <ele>12.5</ele>
        <time>2025-06-08T05:52:33Z</time>
        <extensions>
          <gpxtpx:TrackPointExtension>
            <gpxtpx:hr>87</gpxtpx:hr>
          </gpxtpx:TrackPointExtension>
        </extensions>
      </trkpt>
      <trkpt lat="26.080921208132107" lon="119.29035163843348">
        <ele>12.5</ele>
        <time>2025-06-08T05:52:34Z</time>
        <extensions>
          <gpxtpx:TrackPointExtension>
            <gpxtpx:hr>87</gpxtpx:hr>
          </gpxtpx:TrackPointExtension>
        </extensions>
      </trkpt>
      <trkpt lat="26.08091524337295" lon="119.29035941459749">
        <ele>12.5</ele>
        <time>2025-06-08T05:52:35Z</time>
        <extensions>
          <gpxtpx:TrackPointExtension>
            <gpxtpx:hr>87</gpxtpx:hr>
          </gpxtpx:TrackPointExtension>
        </extensions>
      </trkpt>
      <trkpt lat="26.080907954381047" lon="119.29037056427298">
        <ele>12.5</ele>
        <time>2025-06-08T05:52:36Z</time>
        <extensions>
          <gpxtpx:TrackPointExtension>
            <gpxtpx:hr>92</gpxtpx:hr>
          </gpxtpx:TrackPointExtension>
        </extensions>
      </trkpt>
      <trkpt lat="26.0809034853582" lon="119.29038474949681">
        <ele>12.5</ele>
        <time>2025-06-08T05:52:37Z</time>
        <extensions>
          <gpxtpx:TrackPointExtension>
            <gpxtpx:hr>92</gpxtpx:hr>
          </gpxtpx:TrackPointExtension>
        </extensions>
      </trkpt>
      <trkpt lat="26.080898339776557" lon="119.29039930215734">
        <ele>12.5</ele>
        <time>2025-06-08T05:52:38Z</time>
        <extensions>
          <gpxtpx:TrackPointExtension>
            <gpxtpx:hr>92</gpxtpx:hr>
          </gpxtpx:TrackPointExtension>
        </extensions>
      </trkpt>
      <trkpt lat="26.08089359721807" lon="119.29041179195403">
        <ele>12.5</ele>
        <time>2025-06-08T05:52:39Z</time>
        <extensions>
          <gpxtpx:TrackPointExtension>
            <gpxtpx:hr>92</gpxtpx:hr>
          </gpxtpx:TrackPointExtension>
        </extensions>
      </trkpt>
      <trkpt lat="26.08088834274158" lon="119.29042097863106">
        <ele>12.5</ele>
        <time>2025-06-08T05:52:40Z</time>
        <extensions>
          <gpxtpx:TrackPointExtension>
            <gpxtpx:hr>92</gpxtpx:hr>
          </gpxtpx:TrackPointExtension>
        </extensions>
      </trkpt>
      <trkpt lat="26.080883657281145" lon="119.29042730448785">
        <ele>12.3</ele>
        <time>2025-06-08T05:52:41Z</time>
        <extensions>
          <gpxtpx:TrackPointExtension>
            <gpxtpx:hr>93</gpxtpx:hr>
          </gpxtpx:TrackPointExtension>
        </extensions>
      </trkpt>
      <trkpt lat="26.080879353159553" lon="119.2904318655021">
        <ele>12.3</ele>
        <time>2025-06-08T05:52:42Z</time>
        <extensions>
          <gpxtpx:TrackPointExtension>
            <gpxtpx:hr>93</gpxtpx:hr>
          </gpxtpx:TrackPointExtension>
        </extensions>
      </trkpt>
      <trkpt lat="26.08087477801235" lon="119.29043642399469">
        <ele>12.3</ele>
        <time>2025-06-08T05:52:43Z</time>
        <extensions>
          <gpxtpx:TrackPointExtension>
            <gpxtpx:hr>93</gpxtpx:hr>
          </gpxtpx:TrackPointExtension>
        </extensions>
      </trkpt>
      <trkpt lat="26.08087088829925" lon="119.29044157029088">
        <ele>12.3</ele>
        <time>2025-06-08T05:52:44Z</time>
        <extensions>
          <gpxtpx:TrackPointExtension>
            <gpxtpx:hr>93</gpxtpx:hr>
          </gpxtpx:TrackPointExtension>
        </extensions>
      </trkpt>
      <trkpt lat="26.080867662763357" lon="119.29044848180662">
        <ele>12.3</ele>
        <time>2025-06-08T05:52:45Z</time>
        <extensions>
          <gpxtpx:TrackPointExtension>
            <gpxtpx:hr>93</gpxtpx:hr>
          </gpxtpx:TrackPointExtension>
        </extensions>
      </trkpt>
      <trkpt lat="26.08086502616546" lon="119.29045718965294">
        <ele>12.3</ele>
        <time>2025-06-08T05:52:46Z</time>
        <extensions>
          <gpxtpx:TrackPointExtension>
            <gpxtpx:hr>95</gpxtpx:hr>
          </gpxtpx:TrackPointExtension>
        </extensions>
      </trkpt>
      <trkpt lat="26.08086210771098" lon="119.2904660644384">
        <ele>12.3</ele>
        <time>2025-06-08T05:52:47Z</time>
        <extensions>
          <gpxtpx:TrackPointExtension>
            <gpxtpx:hr>95</gpxtpx:hr>
          </gpxtpx:TrackPointExtension>
        </extensions>
      </trkpt>
      <trkpt lat="26.080858586636058" lon="119.29047568214493">
        <ele>12.3</ele>
        <time>2025-06-08T05:52:48Z</time>
        <extensions>
          <gpxtpx:TrackPointExtension>
            <gpxtpx:hr>95</gpxtpx:hr>
          </gpxtpx:TrackPointExtension>
        </extensions>
      </trkpt>
      <trkpt lat="26.08085463786714" lon="119.29048552494255">
        <ele>12.3</ele>
        <time>2025-06-08T05:52:49Z</time>
        <extensions>
          <gpxtpx:TrackPointExtension>
            <gpxtpx:hr>95</gpxtpx:hr>
          </gpxtpx:TrackPointExtension>
        </extensions>
      </trkpt>
      <trkpt lat="26.080849939223146" lon="119.29049639333398">
        <ele>12.3</ele>
        <time>2025-06-08T05:52:50Z</time>
        <extensions>
          <gpxtpx:TrackPointExtension>
            <gpxtpx:hr>95</gpxtpx:hr>
          </gpxtpx:TrackPointExtension>
        </extensions>
      </trkpt>
      <trkpt lat="26.08084515970259" lon="119.2905075589038">
        <ele>12.1</ele>
        <time>2025-06-08T05:52:51Z</time>
        <extensions>
          <gpxtpx:TrackPointExtension>
            <gpxtpx:hr>93</gpxtpx:hr>
          </gpxtpx:TrackPointExtension>
        </extensions>
      </trkpt>
      <trkpt lat="26.080840039626242" lon="119.29051919338359">
        <ele>12.1</ele>
        <time>2025-06-08T05:52:52Z</time>
        <extensions>
          <gpxtpx:TrackPointExtension>
            <gpxtpx:hr>93</gpxtpx:hr>
          </gpxtpx:TrackPointExtension>
        </extensions>
      </trkpt>
      <trkpt lat="26.08083400639717" lon="119.29053354345965">
        <ele>12.1</ele>
        <time>2025-06-08T05:52:53Z</time>
        <extensions>
          <gpxtpx:TrackPointExtension>
            <gpxtpx:hr>93</gpxtpx:hr>
          </gpxtpx:TrackPointExtension>
        </extensions>
      </trkpt>
      <trkpt lat="26.0808276834285" lon="119.29054840747098">
        <ele>12.1</ele>
        <time>2025-06-08T05:52:54Z</time>
        <extensions>
          <gpxtpx:TrackPointExtension>
            <gpxtpx:hr>93</gpxtpx:hr>
          </gpxtpx:TrackPointExtension>
        </extensions>
      </trkpt>
      <trkpt lat="26.080821012002605" lon="119.29056404778494">
        <ele>12.1</ele>
        <time>2025-06-08T05:52:55Z</time>
        <extensions>
          <gpxtpx:TrackPointExtension>
            <gpxtpx:hr>93</gpxtpx:hr>
          </gpxtpx:TrackPointExtension>
        </extensions>
      </trkpt>
      <trkpt lat="26.08081499829007" lon="119.29057884928505">
        <ele>12.1</ele>
        <time>2025-06-08T05:52:56Z</time>
        <extensions>
          <gpxtpx:TrackPointExtension>
            <gpxtpx:hr>91</gpxtpx:hr>
          </gpxtpx:TrackPointExtension>
        </extensions>
      </trkpt>
      <trkpt lat="26.080809806198275" lon="119.2905940177966">
        <ele>12.1</ele>
        <time>2025-06-08T05:52:57Z</time>
        <extensions>
          <gpxtpx:TrackPointExtension>
            <gpxtpx:hr>91</gpxtpx:hr>
          </gpxtpx:TrackPointExtension>
        </extensions>
      </trkpt>
      <trkpt lat="26.080805556721284" lon="119.29060912497985">
        <ele>12.1</ele>
        <time>2025-06-08T05:52:58Z</time>
        <extensions>
          <gpxtpx:TrackPointExtension>
            <gpxtpx:hr>91</gpxtpx:hr>
          </gpxtpx:TrackPointExtension>
        </extensions>
      </trkpt>
      <trkpt lat="26.080802551220636" lon="119.29062368273522">
        <ele>12.1</ele>
        <time>2025-06-08T05:52:59Z</time>
        <extensions>
          <gpxtpx:TrackPointExtension>
            <gpxtpx:hr>91</gpxtpx:hr>
          </gpxtpx:TrackPointExtension>
        </extensions>
      </trkpt>
      <trkpt lat="26.080798622160827" lon="119.29063799859152">
        <ele>12.1</ele>
        <time>2025-06-08T05:53:00Z</time>
        <extensions>
          <gpxtpx:TrackPointExtension>
            <gpxtpx:hr>91</gpxtpx:hr>
          </gpxtpx:TrackPointExtension>
        </extensions>
      </trkpt>
      <trkpt lat="26.080795068862983" lon="119.29065188021127">
        <ele>12.1</ele>
        <time>2025-06-08T05:53:01Z</time>
        <extensions>
          <gpxtpx:TrackPointExtension>
            <gpxtpx:hr>90</gpxtpx:hr>
          </gpxtpx:TrackPointExtension>
        </extensions>
      </trkpt>
      <trkpt lat="26.080790791289747" lon="119.29066618653964">
        <ele>12.1</ele>
        <time>2025-06-08T05:53:02Z</time>
        <extensions>
          <gpxtpx:TrackPointExtension>
            <gpxtpx:hr>90</gpxtpx:hr>
          </gpxtpx:TrackPointExtension>
        </extensions>
      </trkpt>
      <trkpt lat="26.080787472046744" lon="119.29068066112914">
        <ele>12.1</ele>
        <time>2025-06-08T05:53:03Z</time>
        <extensions>
          <gpxtpx:TrackPointExtension>
            <gpxtpx:hr>90</gpxtpx:hr>
          </gpxtpx:TrackPointExtension>
        </extensions>
      </trkpt>
      <trkpt lat="26.08078400161168" lon="119.2906954878703">
        <ele>12.1</ele>
        <time>2025-06-08T05:53:04Z</time>
        <extensions>
          <gpxtpx:TrackPointExtension>
            <gpxtpx:hr>90</gpxtpx:hr>
          </gpxtpx:TrackPointExtension>
        </extensions>
      </trkpt>
      <trkpt lat="26.080781434421066" lon="119.29071056442385">
        <ele>12.1</ele>
        <time>2025-06-08T05:53:05Z</time>
        <extensions>
          <gpxtpx:TrackPointExtension>
            <gpxtpx:hr>90</gpxtpx:hr>
          </gpxtpx:TrackPointExtension>
        </extensions>
      </trkpt>
      <trkpt lat="26.08078013884641" lon="119.29072587261652">
        <ele>11.9</ele>
        <time>2025-06-08T05:53:06Z</time>
        <extensions>
          <gpxtpx:TrackPointExtension>
            <gpxtpx:hr>89</gpxtpx:hr>
          </gpxtpx:TrackPointExtension>
        </extensions>
      </trkpt>
      <trkpt lat="26.08078184462555" lon="119.29074047864867">
        <ele>11.9</ele>
        <time>2025-06-08T05:53:07Z</time>
        <extensions>
          <gpxtpx:TrackPointExtension>
            <gpxtpx:hr>89</gpxtpx:hr>
          </gpxtpx:TrackPointExtension>
        </extensions>
      </trkpt>
      <trkpt lat="26.080784919049957" lon="119.29075473373881">
        <ele>11.9</ele>
        <time>2025-06-08T05:53:08Z</time>
        <extensions>
          <gpxtpx:TrackPointExtension>
            <gpxtpx:hr>89</gpxtpx:hr>
          </gpxtpx:TrackPointExtension>
        </extensions>
      </trkpt>
      <trkpt lat="26.080789339166287" lon="119.29076831867476">
        <ele>11.9</ele>
        <time>2025-06-08T05:53:09Z</time>
        <extensions>
          <gpxtpx:TrackPointExtension>
            <gpxtpx:hr>89</gpxtpx:hr>
          </gpxtpx:TrackPointExtension>
        </extensions>
      </trkpt>
      <trkpt lat="26.08079237745943" lon="119.29078228503123">
        <ele>11.9</ele>
        <time>2025-06-08T05:53:10Z</time>
        <extensions>
          <gpxtpx:TrackPointExtension>
            <gpxtpx:hr>89</gpxtpx:hr>
          </gpxtpx:TrackPointExtension>
        </extensions>
      </trkpt>
      <trkpt lat="26.080795049803022" lon="119.2907966693011">
        <ele>11.9</ele>
        <time>2025-06-08T05:53:11Z</time>
        <extensions>
          <gpxtpx:TrackPointExtension>
            <gpxtpx:hr>92</gpxtpx:hr>
          </gpxtpx:TrackPointExtension>
        </extensions>
      </trkpt>
      <trkpt lat="26.08079640394582" lon="119.29081165604808">
        <ele>11.9</ele>
        <time>2025-06-08T05:53:12Z</time>
        <extensions>
          <gpxtpx:TrackPointExtension>
            <gpxtpx:hr>92</gpxtpx:hr>
          </gpxtpx:TrackPointExtension>
        </extensions>
      </trkpt>
      <trkpt lat="26.08079823248309" lon="119.29082748741715">
        <ele>11.9</ele>
        <time>2025-06-08T05:53:13Z</time>
        <extensions>
          <gpxtpx:TrackPointExtension>
            <gpxtpx:hr>92</gpxtpx:hr>
          </gpxtpx:TrackPointExtension>
        </extensions>
      </trkpt>
      <trkpt lat="26.080800604949996" lon="119.29084414245821">
        <ele>11.9</ele>
        <time>2025-06-08T05:53:14Z</time>
        <extensions>
          <gpxtpx:TrackPointExtension>
            <gpxtpx:hr>92</gpxtpx:hr>
          </gpxtpx:TrackPointExtension>
        </extensions>
      </trkpt>
      <trkpt lat="26.08080345624546" lon="119.29085783792769">
        <ele>11.9</ele>
        <time>2025-06-08T05:53:15Z</time>
        <extensions>
          <gpxtpx:TrackPointExtension>
            <gpxtpx:hr>92</gpxtpx:hr>
          </gpxtpx:TrackPointExtension>
        </extensions>
      </trkpt>
      <trkpt lat="26.080805938068483" lon="119.29086747004732">
        <ele>11.7</ele>
        <time>2025-06-08T05:53:16Z</time>
        <extensions>
          <gpxtpx:TrackPointExtension>
            <gpxtpx:hr>91</gpxtpx:hr>
          </gpxtpx:TrackPointExtension>
        </extensions>
      </trkpt>
      <trkpt lat="26.080807962382437" lon="119.29087309830766">
        <ele>11.7</ele>
        <time>2025-06-08T05:53:17Z</time>
        <extensions>
          <gpxtpx:TrackPointExtension>
            <gpxtpx:hr>91</gpxtpx:hr>
          </gpxtpx:TrackPointExtension>
        </extensions>
      </trkpt>
      <trkpt lat="26.080810250066385" lon="119.29087867727193">
        <ele>11.7</ele>
        <time>2025-06-08T05:53:18Z</time>
        <extensions>
          <gpxtpx:TrackPointExtension>
            <gpxtpx:hr>91</gpxtpx:hr>
          </gpxtpx:TrackPointExtension>
        </extensions>
      </trkpt>
      <trkpt lat="26.080813173116418" lon="119.29088590596933">
        <ele>11.7</ele>
        <time>2025-06-08T05:53:19Z</time>
        <extensions>
          <gpxtpx:TrackPointExtension>
            <gpxtpx:hr>91</gpxtpx:hr>
          </gpxtpx:TrackPointExtension>
        </extensions>
      </trkpt>
      <trkpt lat="26.08081651069107" lon="119.29089374957745">
        <ele>11.7</ele>
        <time>2025-06-08T05:53:20Z</time>
        <extensions>
          <gpxtpx:TrackPointExtension>
            <gpxtpx:hr>91</gpxtpx:hr>
          </gpxtpx:TrackPointExtension>
        </extensions>
      </trkpt>
      <trkpt lat="26.080820362993567" lon="119.29090290185506">
        <ele>11.7</ele>
        <time>2025-06-08T05:53:21Z</time>
        <extensions>
          <gpxtpx:TrackPointExtension>
            <gpxtpx:hr>92</gpxtpx:hr>
          </gpxtpx:TrackPointExtension>
        </extensions>
      </trkpt>
      <trkpt lat="26.080824556189118" lon="119.2909128848901">
        <ele>11.7</ele>
        <time>2025-06-08T05:53:22Z</time>
        <extensions>
          <gpxtpx:TrackPointExtension>
            <gpxtpx:hr>92</gpxtpx:hr>
          </gpxtpx:TrackPointExtension>
        </extensions>
      </trkpt>
      <trkpt lat="26.08082893115908" lon="119.29092329344314">
        <ele>11.7</ele>
        <time>2025-06-08T05:53:23Z</time>
        <extensions>
          <gpxtpx:TrackPointExtension>
            <gpxtpx:hr>92</gpxtpx:hr>
          </gpxtpx:TrackPointExtension>
        </extensions>
      </trkpt>
      <trkpt lat="26.080833077780685" lon="119.29093245753309">
        <ele>11.7</ele>
        <time>2025-06-08T05:53:24Z</time>
        <extensions>
          <gpxtpx:TrackPointExtension>
            <gpxtpx:hr>92</gpxtpx:hr>
          </gpxtpx:TrackPointExtension>
        </extensions>
      </trkpt>
      <trkpt lat="26.080836904748633" lon="119.29094008707868">
        <ele>11.7</ele>
        <time>2025-06-08T05:53:25Z</time>
        <extensions>
          <gpxtpx:TrackPointExtension>
            <gpxtpx:hr>92</gpxtpx:hr>
          </gpxtpx:TrackPointExtension>
        </extensions>
      </trkpt>
      <trkpt lat="26.08084072610899" lon="119.29094763865795">
        <ele>11.7</ele>
        <time>2025-06-08T05:53:26Z</time>
        <extensions>
          <gpxtpx:TrackPointExtension>
            <gpxtpx:hr>90</gpxtpx:hr>
          </gpxtpx:TrackPointExtension>
        </extensions>
      </trkpt>
      <trkpt lat="26.080844934237113" lon="119.29095693768797">
        <ele>11.7</ele>
        <time>2025-06-08T05:53:27Z</time>
        <extensions>
          <gpxtpx:TrackPointExtension>
            <gpxtpx:hr>90</gpxtpx:hr>
          </gpxtpx:TrackPointExtension>
        </extensions>
      </trkpt>
      <trkpt lat="26.080849749545838" lon="119.29096894568468">
        <ele>11.7</ele>
        <time>2025-06-08T05:53:28Z</time>
        <extensions>
          <gpxtpx:TrackPointExtension>
            <gpxtpx:hr>90</gpxtpx:hr>
          </gpxtpx:TrackPointExtension>
        </extensions>
      </trkpt>
      <trkpt lat="26.080855029389735" lon="119.29098272494049">
        <ele>11.7</ele>
        <time>2025-06-08T05:53:29Z</time>
        <extensions>
          <gpxtpx:TrackPointExtension>
            <gpxtpx:hr>90</gpxtpx:hr>
          </gpxtpx:TrackPointExtension>
        </extensions>
      </trkpt>
      <trkpt lat="26.08086009915793" lon="119.29099495246756">
        <ele>11.7</ele>
        <time>2025-06-08T05:53:30Z</time>
        <extensions>
          <gpxtpx:TrackPointExtension>
            <gpxtpx:hr>90</gpxtpx:hr>
          </gpxtpx:TrackPointExtension>
        </extensions>
      </trkpt>
      <trkpt lat="26.08086486776054" lon="119.29100519601074">
        <ele>11.7</ele>
        <time>2025-06-08T05:53:31Z</time>
        <extensions>
          <gpxtpx:TrackPointExtension>
            <gpxtpx:hr>91</gpxtpx:hr>
          </gpxtpx:TrackPointExtension>
        </extensions>
      </trkpt>
      <trkpt lat="26.080869588367506" lon="119.29101496394439">
        <ele>11.7</ele>
        <time>2025-06-08T05:53:32Z</time>
        <extensions>
          <gpxtpx:TrackPointExtension>
            <gpxtpx:hr>91</gpxtpx:hr>
          </gpxtpx:TrackPointExtension>
        </extensions>
      </trkpt>
      <trkpt lat="26.080874326186983" lon="119.29102479481033">
        <ele>11.7</ele>
        <time>2025-06-08T05:53:33Z</time>
        <extensions>
          <gpxtpx:TrackPointExtension>
            <gpxtpx:hr>91</gpxtpx:hr>
          </gpxtpx:TrackPointExtension>
        </extensions>
      </trkpt>
      <trkpt lat="26.08087908509828" lon="119.29103481915186">
        <ele>11.7</ele>
        <time>2025-06-08T05:53:34Z</time>
        <extensions>
          <gpxtpx:TrackPointExtension>
            <gpxtpx:hr>91</gpxtpx:hr>
          </gpxtpx:TrackPointExtension>
        </extensions>
      </trkpt>
      <trkpt lat="26.08088382939188" lon="119.29104482750726">
        <ele>11.7</ele>
        <time>2025-06-08T05:53:35Z</time>
        <extensions>
          <gpxtpx:TrackPointExtension>
            <gpxtpx:hr>91</gpxtpx:hr>
          </gpxtpx:TrackPointExtension>
        </extensions>
      </trkpt>
      <trkpt lat="26.080888537971692" lon="119.2910547526249">
        <ele>11.7</ele>
        <time>2025-06-08T05:53:36Z</time>
        <extensions>
          <gpxtpx:TrackPointExtension>
            <gpxtpx:hr>91</gpxtpx:hr>
          </gpxtpx:TrackPointExtension>
        </extensions>
      </trkpt>
      <trkpt lat="26.080893349855852" lon="119.29106537644498">
        <ele>11.7</ele>
        <time>2025-06-08T05:53:37Z</time>
        <extensions>
          <gpxtpx:TrackPointExtension>
            <gpxtpx:hr>91</gpxtpx:hr>
          </gpxtpx:TrackPointExtension>
        </extensions>
      </trkpt>
      <trkpt lat="26.080897746711024" lon="119.29107447423277">
        <ele>11.7</ele>
        <time>2025-06-08T05:53:38Z</time>
        <extensions>
          <gpxtpx:TrackPointExtension>
            <gpxtpx:hr>91</gpxtpx:hr>
          </gpxtpx:TrackPointExtension>
        </extensions>
      </trkpt>
      <trkpt lat="26.0809021615311" lon="119.29108421256053">
        <ele>11.7</ele>
        <time>2025-06-08T05:53:39Z</time>
        <extensions>
          <gpxtpx:TrackPointExtension>
            <gpxtpx:hr>91</gpxtpx:hr>
          </gpxtpx:TrackPointExtension>
        </extensions>
      </trkpt>
      <trkpt lat="26.080906621840498" lon="119.29109476866891">
        <ele>11.7</ele>
        <time>2025-06-08T05:53:40Z</time>
        <extensions>
          <gpxtpx:TrackPointExtension>
            <gpxtpx:hr>91</gpxtpx:hr>
          </gpxtpx:TrackPointExtension>
        </extensions>
      </trkpt>
      <trkpt lat="26.080911441526407" lon="119.2911075788624">
        <ele>11.7</ele>
        <time>2025-06-08T05:53:41Z</time>
        <extensions>
          <gpxtpx:TrackPointExtension>
            <gpxtpx:hr>94</gpxtpx:hr>
          </gpxtpx:TrackPointExtension>
        </extensions>
      </trkpt>
      <trkpt lat="26.080916664709868" lon="119.29112273611176">
        <ele>11.7</ele>
        <time>2025-06-08T05:53:42Z</time>
        <extensions>
          <gpxtpx:TrackPointExtension>
            <gpxtpx:hr>94</gpxtpx:hr>
          </gpxtpx:TrackPointExtension>
        </extensions>
      </trkpt>
      <trkpt lat="26.08092128541992" lon="119.29113528825413">
        <ele>11.7</ele>
        <time>2025-06-08T05:53:43Z</time>
        <extensions>
          <gpxtpx:TrackPointExtension>
            <gpxtpx:hr>94</gpxtpx:hr>
          </gpxtpx:TrackPointExtension>
        </extensions>
      </trkpt>
      <trkpt lat="26.080925808608445" lon="119.29114758014568">
        <ele>11.7</ele>
        <time>2025-06-08T05:53:44Z</time>
        <extensions>
          <gpxtpx:TrackPointExtension>
            <gpxtpx:hr>94</gpxtpx:hr>
          </gpxtpx:TrackPointExtension>
        </extensions>
      </trkpt>
      <trkpt lat="26.08092962529848" lon="119.29115682459066">
        <ele>11.7</ele>
        <time>2025-06-08T05:53:45Z</time>
        <extensions>
          <gpxtpx:TrackPointExtension>
            <gpxtpx:hr>94</gpxtpx:hr>
          </gpxtpx:TrackPointExtension>
        </extensions>
      </trkpt>
      <trkpt lat="26.08093355178938" lon="119.29116740580943">
        <ele>11.5</ele>
        <time>2025-06-08T05:53:46Z</time>
        <extensions>
          <gpxtpx:TrackPointExtension>
            <gpxtpx:hr>94</gpxtpx:hr>
          </gpxtpx:TrackPointExtension>
        </extensions>
      </trkpt>
      <trkpt lat="26.080936837165456" lon="119.29117616188873">
        <ele>11.5</ele>
        <time>2025-06-08T05:53:47Z</time>
        <extensions>
          <gpxtpx:TrackPointExtension>
            <gpxtpx:hr>94</gpxtpx:hr>
          </gpxtpx:TrackPointExtension>
        </extensions>
      </trkpt>
      <trkpt lat="26.080940221603875" lon="119.29118709291852">
        <ele>11.5</ele>
        <time>2025-06-08T05:53:48Z</time>
        <extensions>
          <gpxtpx:TrackPointExtension>
            <gpxtpx:hr>94</gpxtpx:hr>
          </gpxtpx:TrackPointExtension>
        </extensions>
      </trkpt>
      <trkpt lat="26.080943422714995" lon="119.29119889019303">
        <ele>11.5</ele>
        <time>2025-06-08T05:53:49Z</time>
        <extensions>
          <gpxtpx:TrackPointExtension>
            <gpxtpx:hr>94</gpxtpx:hr>
          </gpxtpx:TrackPointExtension>
        </extensions>
      </trkpt>
      <trkpt lat="26.080946199114656" lon="119.2912101876227">
        <ele>11.5</ele>
        <time>2025-06-08T05:53:50Z</time>
        <extensions>
          <gpxtpx:TrackPointExtension>
            <gpxtpx:hr>94</gpxtpx:hr>
          </gpxtpx:TrackPointExtension>
        </extensions>
      </trkpt>
      <trkpt lat="26.080948504173968" lon="119.29122076085524">
        <ele>11.3</ele>
        <time>2025-06-08T05:53:51Z</time>
        <extensions>
          <gpxtpx:TrackPointExtension>
            <gpxtpx:hr>93</gpxtpx:hr>
          </gpxtpx:TrackPointExtension>
        </extensions>
      </trkpt>
      <trkpt lat="26.08095009683589" lon="119.29122958690505">
        <ele>11.3</ele>
        <time>2025-06-08T05:53:52Z</time>
        <extensions>
          <gpxtpx:TrackPointExtension>
            <gpxtpx:hr>93</gpxtpx:hr>
          </gpxtpx:TrackPointExtension>
        </extensions>
      </trkpt>
      <trkpt lat="26.080951626294798" lon="119.29124018665996">
        <ele>11.3</ele>
        <time>2025-06-08T05:53:53Z</time>
        <extensions>
          <gpxtpx:TrackPointExtension>
            <gpxtpx:hr>93</gpxtpx:hr>
          </gpxtpx:TrackPointExtension>
        </extensions>
      </trkpt>
      <trkpt lat="26.080952824712888" lon="119.29125147701448">
        <ele>11.3</ele>
        <time>2025-06-08T05:53:54Z</time>
        <extensions>
          <gpxtpx:TrackPointExtension>
            <gpxtpx:hr>93</gpxtpx:hr>
          </gpxtpx:TrackPointExtension>
        </extensions>
      </trkpt>
      <trkpt lat="26.080954007501422" lon="119.29126497610602">
        <ele>11.3</ele>
        <time>2025-06-08T05:53:55Z</time>
        <extensions>
          <gpxtpx:TrackPointExtension>
            <gpxtpx:hr>93</gpxtpx:hr>
          </gpxtpx:TrackPointExtension>
        </extensions>
      </trkpt>
      <trkpt lat="26.0809544360115" lon="119.29127667696079">
        <ele>11.3</ele>
        <time>2025-06-08T05:53:56Z</time>
        <extensions>
          <gpxtpx:TrackPointExtension>
            <gpxtpx:hr>93</gpxtpx:hr>
          </gpxtpx:TrackPointExtension>
        </extensions>
      </trkpt>
      <trkpt lat="26.08095413709428" lon="119.29128664651087">
        <ele>11.3</ele>
        <time>2025-06-08T05:53:57Z</time>
        <extensions>
          <gpxtpx:TrackPointExtension>
            <gpxtpx:hr>93</gpxtpx:hr>
          </gpxtpx:TrackPointExtension>
        </extensions>
      </trkpt>
      <trkpt lat="26.08095306903905" lon="119.29129475481437">
        <ele>11.3</ele>
        <time>2025-06-08T05:53:58Z</time>
        <extensions>
          <gpxtpx:TrackPointExtension>
            <gpxtpx:hr>93</gpxtpx:hr>
          </gpxtpx:TrackPointExtension>
        </extensions>
      </trkpt>
      <trkpt lat="26.08095196570435" lon="119.29130510372467">
        <ele>11.3</ele>
        <time>2025-06-08T05:53:59Z</time>
        <extensions>
          <gpxtpx:TrackPointExtension>
            <gpxtpx:hr>93</gpxtpx:hr>
          </gpxtpx:TrackPointExtension>
        </extensions>
      </trkpt>
      <trkpt lat="26.080950923869203" lon="119.2913180936827">
        <ele>11.3</ele>
        <time>2025-06-08T05:54:00Z</time>
        <extensions>
          <gpxtpx:TrackPointExtension>
            <gpxtpx:hr>93</gpxtpx:hr>
          </gpxtpx:TrackPointExtension>
        </extensions>
      </trkpt>
      <trkpt lat="26.08094937507761" lon="119.29133036869167">
        <ele>11.3</ele>
        <time>2025-06-08T05:54:01Z</time>
        <extensions>
          <gpxtpx:TrackPointExtension>
            <gpxtpx:hr>91</gpxtpx:hr>
          </gpxtpx:TrackPointExtension>
        </extensions>
      </trkpt>
      <trkpt lat="26.080947558572475" lon="119.29134298403656">
        <ele>11.3</ele>
        <time>2025-06-08T05:54:02Z</time>
        <extensions>
          <gpxtpx:TrackPointExtension>
            <gpxtpx:hr>91</gpxtpx:hr>
          </gpxtpx:TrackPointExtension>
        </extensions>
      </trkpt>
      <trkpt lat="26.08094489881041" lon="119.29135252919181">
        <ele>11.3</ele>
        <time>2025-06-08T05:54:03Z</time>
        <extensions>
          <gpxtpx:TrackPointExtension>
            <gpxtpx:hr>91</gpxtpx:hr>
          </gpxtpx:TrackPointExtension>
        </extensions>
      </trkpt>
      <trkpt lat="26.080942068833426" lon="119.29136232799172">
        <ele>11.3</ele>
        <time>2025-06-08T05:54:04Z</time>
        <extensions>
          <gpxtpx:TrackPointExtension>
            <gpxtpx:hr>91</gpxtpx:hr>
          </gpxtpx:TrackPointExtension>
        </extensions>
      </trkpt>
      <trkpt lat="26.080938873351283" lon="119.29137064707943">
        <ele>11.3</ele>
        <time>2025-06-08T05:54:05Z</time>
        <extensions>
          <gpxtpx:TrackPointExtension>
            <gpxtpx:hr>91</gpxtpx:hr>
          </gpxtpx:TrackPointExtension>
        </extensions>
      </trkpt>
      <trkpt lat="26.080936072460485" lon="119.29138084730351">
        <ele>11.3</ele>
        <time>2025-06-08T05:54:06Z</time>
        <extensions>
          <gpxtpx:TrackPointExtension>
            <gpxtpx:hr>90</gpxtpx:hr>
          </gpxtpx:TrackPointExtension>
        </extensions>
      </trkpt>
      <trkpt lat="26.08093335439651" lon="119.29139066440437">
        <ele>11.3</ele>
        <time>2025-06-08T05:54:07Z</time>
        <extensions>
          <gpxtpx:TrackPointExtension>
            <gpxtpx:hr>90</gpxtpx:hr>
          </gpxtpx:TrackPointExtension>
        </extensions>
      </trkpt>
      <trkpt lat="26.08093069470583" lon="119.29140017087012">
        <ele>11.3</ele>
        <time>2025-06-08T05:54:08Z</time>
        <extensions>
          <gpxtpx:TrackPointExtension>
            <gpxtpx:hr>90</gpxtpx:hr>
          </gpxtpx:TrackPointExtension>
        </extensions>
      </trkpt>
      <trkpt lat="26.080927715576472" lon="119.29140793507638">
        <ele>11.3</ele>
        <time>2025-06-08T05:54:09Z</time>
        <extensions>
          <gpxtpx:TrackPointExtension>
            <gpxtpx:hr>90</gpxtpx:hr>
          </gpxtpx:TrackPointExtension>
        </extensions>
      </trkpt>
      <trkpt lat="26.080924833312924" lon="119.2914168044729">
        <ele>11.3</ele>
        <time>2025-06-08T05:54:10Z</time>
        <extensions>
          <gpxtpx:TrackPointExtension>
            <gpxtpx:hr>90</gpxtpx:hr>
          </gpxtpx:TrackPointExtension>
        </extensions>
      </trkpt>
      <trkpt lat="26.080921826305165" lon="119.29142529677627">
        <ele>11.3</ele>
        <time>2025-06-08T05:54:11Z</time>
        <extensions>
          <gpxtpx:TrackPointExtension>
            <gpxtpx:hr>91</gpxtpx:hr>
          </gpxtpx:TrackPointExtension>
        </extensions>
      </trkpt>
      <trkpt lat="26.080919119277528" lon="119.29143461143656">
        <ele>11.3</ele>
        <time>2025-06-08T05:54:12Z</time>
        <extensions>
          <gpxtpx:TrackPointExtension>
            <gpxtpx:hr>91</gpxtpx:hr>
          </gpxtpx:TrackPointExtension>
        </extensions>
      </trkpt>
      <trkpt lat="26.080916986715216" lon="119.29144488065972">
        <ele>11.3</ele>
        <time>2025-06-08T05:54:13Z</time>
        <extensions>
          <gpxtpx:TrackPointExtension>
            <gpxtpx:hr>91</gpxtpx:hr>
          </gpxtpx:TrackPointExtension>
        </extensions>
      </trkpt>
      <trkpt lat="26.080915421519624" lon="119.29145481862984">
        <ele>11.3</ele>
        <time>2025-06-08T05:54:14Z</time>
        <extensions>
          <gpxtpx:TrackPointExtension>
            <gpxtpx:hr>91</gpxtpx:hr>
          </gpxtpx:TrackPointExtension>
        </extensions>
      </trkpt>
      <trkpt lat="26.08091471465528" lon="119.29146582229234">
        <ele>11.3</ele>
        <time>2025-06-08T05:54:15Z</time>
        <extensions>
          <gpxtpx:TrackPointExtension>
            <gpxtpx:hr>91</gpxtpx:hr>
          </gpxtpx:TrackPointExtension>
        </extensions>
      </trkpt>
      <trkpt lat="26.080914302205876" lon="119.29147494723483">
        <ele>11.3</ele>
        <time>2025-06-08T05:54:16Z</time>
        <extensions>
          <gpxtpx:TrackPointExtension>
            <gpxtpx:hr>90</gpxtpx:hr>
          </gpxtpx:TrackPointExtension>
        </extensions>
      </trkpt>
      <trkpt lat="26.080914687996074" lon="119.29148511479382">
        <ele>11.3</ele>
        <time>2025-06-08T05:54:17Z</time>
        <extensions>
          <gpxtpx:TrackPointExtension>
            <gpxtpx:hr>90</gpxtpx:hr>
          </gpxtpx:TrackPointExtension>
        </extensions>
      </trkpt>
      <trkpt lat="26.08091560360162" lon="119.29149497738688">
        <ele>11.3</ele>
        <time>2025-06-08T05:54:18Z</time>
        <extensions>
          <gpxtpx:TrackPointExtension>
            <gpxtpx:hr>90</gpxtpx:hr>
          </gpxtpx:TrackPointExtension>
        </extensions>
      </trkpt>
      <trkpt lat="26.080917125653464" lon="119.29150494112082">
        <ele>11.3</ele>
        <time>2025-06-08T05:54:19Z</time>
        <extensions>
          <gpxtpx:TrackPointExtension>
            <gpxtpx:hr>90</gpxtpx:hr>
          </gpxtpx:TrackPointExtension>
        </extensions>
      </trkpt>
      <trkpt lat="26.080919129697747" lon="119.29151475694897">
        <ele>11.3</ele>
        <time>2025-06-08T05:54:20Z</time>
        <extensions>
          <gpxtpx:TrackPointExtension>
            <gpxtpx:hr>90</gpxtpx:hr>
          </gpxtpx:TrackPointExtension>
        </extensions>
      </trkpt>
      <trkpt lat="26.080921984198497" lon="119.29152558060282">
        <ele>11.3</ele>
        <time>2025-06-08T05:54:21Z</time>
        <extensions>
          <gpxtpx:TrackPointExtension>
            <gpxtpx:hr>90</gpxtpx:hr>
          </gpxtpx:TrackPointExtension>
        </extensions>
      </trkpt>
      <trkpt lat="26.08092556565494" lon="119.2915371794866">
        <ele>11.3</ele>
        <time>2025-06-08T05:54:22Z</time>
        <extensions>
          <gpxtpx:TrackPointExtension>
            <gpxtpx:hr>90</gpxtpx:hr>
          </gpxtpx:TrackPointExtension>
        </extensions>
      </trkpt>
      <trkpt lat="26.080931737738606" lon="119.29155393755293">
        <ele>11.3</ele>
        <time>2025-06-08T05:54:23Z</time>
        <extensions>
          <gpxtpx:TrackPointExtension>
            <gpxtpx:hr>90</gpxtpx:hr>
          </gpxtpx:TrackPointExtension>
        </extensions>
      </trkpt>
      <trkpt lat="26.08093829400989" lon="119.29157110252912">
        <ele>11.3</ele>
        <time>2025-06-08T05:54:24Z</time>
        <extensions>
          <gpxtpx:TrackPointExtension>
            <gpxtpx:hr>90</gpxtpx:hr>
          </gpxtpx:TrackPointExtension>
        </extensions>
      </trkpt>
      <trkpt lat="26.080944832127873" lon="119.29159046527118">
        <ele>11.3</ele>
        <time>2025-06-08T05:54:25Z</time>
        <extensions>
          <gpxtpx:TrackPointExtension>
            <gpxtpx:hr>90</gpxtpx:hr>
          </gpxtpx:TrackPointExtension>
        </extensions>
      </trkpt>
      <trkpt lat="26.08094867686286" lon="119.29160585181815">
        <ele>11.5</ele>
        <time>2025-06-08T05:54:26Z</time>
        <extensions>
          <gpxtpx:TrackPointExtension>
            <gpxtpx:hr>91</gpxtpx:hr>
          </gpxtpx:TrackPointExtension>
        </extensions>
      </trkpt>
      <trkpt lat="26.08095125370962" lon="119.29161911073514">
        <ele>11.5</ele>
        <time>2025-06-08T05:54:27Z</time>
        <extensions>
          <gpxtpx:TrackPointExtension>
            <gpxtpx:hr>91</gpxtpx:hr>
          </gpxtpx:TrackPointExtension>
        </extensions>
      </trkpt>
      <trkpt lat="26.080953573846664" lon="119.29163246864049">
        <ele>11.5</ele>
        <time>2025-06-08T05:54:28Z</time>
        <extensions>
          <gpxtpx:TrackPointExtension>
            <gpxtpx:hr>91</gpxtpx:hr>
          </gpxtpx:TrackPointExtension>
        </extensions>
      </trkpt>
      <trkpt lat="26.080955657197915" lon="119.29164465546572">
        <ele>11.5</ele>
        <time>2025-06-08T05:54:29Z</time>
        <extensions>
          <gpxtpx:TrackPointExtension>
            <gpxtpx:hr>91</gpxtpx:hr>
          </gpxtpx:TrackPointExtension>
        </extensions>
      </trkpt>
      <trkpt lat="26.080958462034538" lon="119.29165802590856">
        <ele>11.5</ele>
        <time>2025-06-08T05:54:30Z</time>
        <extensions>
          <gpxtpx:TrackPointExtension>
            <gpxtpx:hr>91</gpxtpx:hr>
          </gpxtpx:TrackPointExtension>
        </extensions>
      </trkpt>
      <trkpt lat="26.08096060624543" lon="119.29166953735559">
        <ele>11.5</ele>
        <time>2025-06-08T05:54:31Z</time>
        <extensions>
          <gpxtpx:TrackPointExtension>
            <gpxtpx:hr>94</gpxtpx:hr>
          </gpxtpx:TrackPointExtension>
        </extensions>
      </trkpt>
      <trkpt lat="26.08096261833117" lon="119.29168280399018">
        <ele>11.5</ele>
        <time>2025-06-08T05:54:32Z</time>
        <extensions>
          <gpxtpx:TrackPointExtension>
            <gpxtpx:hr>94</gpxtpx:hr>
          </gpxtpx:TrackPointExtension>
        </extensions>
      </trkpt>
      <trkpt lat="26.080963769196526" lon="119.29169626785313">
        <ele>11.5</ele>
        <time>2025-06-08T05:54:33Z</time>
        <extensions>
          <gpxtpx:TrackPointExtension>
            <gpxtpx:hr>94</gpxtpx:hr>
          </gpxtpx:TrackPointExtension>
        </extensions>
      </trkpt>
      <trkpt lat="26.080965219419884" lon="119.29171102966828">
        <ele>11.5</ele>
        <time>2025-06-08T05:54:34Z</time>
        <extensions>
          <gpxtpx:TrackPointExtension>
            <gpxtpx:hr>94</gpxtpx:hr>
          </gpxtpx:TrackPointExtension>
        </extensions>
      </trkpt>
      <trkpt lat="26.080967007015072" lon="119.29172515010738">
        <ele>11.5</ele>
        <time>2025-06-08T05:54:35Z</time>
        <extensions>
          <gpxtpx:TrackPointExtension>
            <gpxtpx:hr>94</gpxtpx:hr>
          </gpxtpx:TrackPointExtension>
        </extensions>
      </trkpt>
      <trkpt lat="26.080969448997475" lon="119.29174010806561">
        <ele>11.8</ele>
        <time>2025-06-08T05:54:36Z</time>
        <extensions>
          <gpxtpx:TrackPointExtension>
            <gpxtpx:hr>94</gpxtpx:hr>
          </gpxtpx:TrackPointExtension>
        </extensions>
      </trkpt>
      <trkpt lat="26.080972022001045" lon="119.29175419905808">
        <ele>11.8</ele>
        <time>2025-06-08T05:54:37Z</time>
        <extensions>
          <gpxtpx:TrackPointExtension>
            <gpxtpx:hr>94</gpxtpx:hr>
          </gpxtpx:TrackPointExtension>
        </extensions>
      </trkpt>
      <trkpt lat="26.080974617702953" lon="119.29176878695644">
        <ele>11.8</ele>
        <time>2025-06-08T05:54:38Z</time>
        <extensions>
          <gpxtpx:TrackPointExtension>
            <gpxtpx:hr>94</gpxtpx:hr>
          </gpxtpx:TrackPointExtension>
        </extensions>
      </trkpt>
      <trkpt lat="26.080976543252596" lon="119.29178151171529">
        <ele>11.8</ele>
        <time>2025-06-08T05:54:39Z</time>
        <extensions>
          <gpxtpx:TrackPointExtension>
            <gpxtpx:hr>94</gpxtpx:hr>
          </gpxtpx:TrackPointExtension>
        </extensions>
      </trkpt>
      <trkpt lat="26.080978552783108" lon="119.29179523121459">
        <ele>11.8</ele>
        <time>2025-06-08T05:54:40Z</time>
        <extensions>
          <gpxtpx:TrackPointExtension>
            <gpxtpx:hr>94</gpxtpx:hr>
          </gpxtpx:TrackPointExtension>
        </extensions>
      </trkpt>
      <trkpt lat="26.080980653862476" lon="119.29180728231421">
        <ele>11.8</ele>
        <time>2025-06-08T05:54:41Z</time>
        <extensions>
          <gpxtpx:TrackPointExtension>
            <gpxtpx:hr>91</gpxtpx:hr>
          </gpxtpx:TrackPointExtension>
        </extensions>
      </trkpt>
      <trkpt lat="26.080983644929713" lon="119.29182002402088">
        <ele>11.8</ele>
        <time>2025-06-08T05:54:42Z</time>
        <extensions>
          <gpxtpx:TrackPointExtension>
            <gpxtpx:hr>91</gpxtpx:hr>
          </gpxtpx:TrackPointExtension>
        </extensions>
      </trkpt>
      <trkpt lat="26.080986436945473" lon="119.29183022718506">
        <ele>11.8</ele>
        <time>2025-06-08T05:54:43Z</time>
        <extensions>
          <gpxtpx:TrackPointExtension>
            <gpxtpx:hr>91</gpxtpx:hr>
          </gpxtpx:TrackPointExtension>
        </extensions>
      </trkpt>
      <trkpt lat="26.08098942542114" lon="119.29184106881657">
        <ele>11.8</ele>
        <time>2025-06-08T05:54:44Z</time>
        <extensions>
          <gpxtpx:TrackPointExtension>
            <gpxtpx:hr>91</gpxtpx:hr>
          </gpxtpx:TrackPointExtension>
        </extensions>
      </trkpt>
      <trkpt lat="26.080991712528462" lon="119.29184999708148">
        <ele>11.8</ele>
        <time>2025-06-08T05:54:45Z</time>
        <extensions>
          <gpxtpx:TrackPointExtension>
            <gpxtpx:hr>91</gpxtpx:hr>
          </gpxtpx:TrackPointExtension>
        </extensions>
      </trkpt>
      <trkpt lat="26.080994049212666" lon="119.29185906917652">
        <ele>11.5</ele>
        <time>2025-06-08T05:54:46Z</time>
        <extensions>
          <gpxtpx:TrackPointExtension>
            <gpxtpx:hr>89</gpxtpx:hr>
          </gpxtpx:TrackPointExtension>
        </extensions>
      </trkpt>
      <trkpt lat="26.08099632971352" lon="119.29186897699894">
        <ele>11.5</ele>
        <time>2025-06-08T05:54:47Z</time>
        <extensions>
          <gpxtpx:TrackPointExtension>
            <gpxtpx:hr>89</gpxtpx:hr>
          </gpxtpx:TrackPointExtension>
        </extensions>
      </trkpt>
      <trkpt lat="26.080998800163098" lon="119.29187917572766">
        <ele>11.5</ele>
        <time>2025-06-08T05:54:48Z</time>
        <extensions>
          <gpxtpx:TrackPointExtension>
            <gpxtpx:hr>89</gpxtpx:hr>
          </gpxtpx:TrackPointExtension>
        </extensions>
      </trkpt>
      <trkpt lat="26.08100109302237" lon="119.29189042647273">
        <ele>11.5</ele>
        <time>2025-06-08T05:54:49Z</time>
        <extensions>
          <gpxtpx:TrackPointExtension>
            <gpxtpx:hr>89</gpxtpx:hr>
          </gpxtpx:TrackPointExtension>
        </extensions>
      </trkpt>
      <trkpt lat="26.081002058125886" lon="119.29190226604629">
        <ele>11.5</ele>
        <time>2025-06-08T05:54:50Z</time>
        <extensions>
          <gpxtpx:TrackPointExtension>
            <gpxtpx:hr>89</gpxtpx:hr>
          </gpxtpx:TrackPointExtension>
        </extensions>
      </trkpt>
      <trkpt lat="26.08100148164689" lon="119.29191751967902">
        <ele>11.3</ele>
        <time>2025-06-08T05:54:51Z</time>
        <extensions>
          <gpxtpx:TrackPointExtension>
            <gpxtpx:hr>89</gpxtpx:hr>
          </gpxtpx:TrackPointExtension>
        </extensions>
      </trkpt>
      <trkpt lat="26.08100082634893" lon="119.29193361984339">
        <ele>11.3</ele>
        <time>2025-06-08T05:54:52Z</time>
        <extensions>
          <gpxtpx:TrackPointExtension>
            <gpxtpx:hr>89</gpxtpx:hr>
          </gpxtpx:TrackPointExtension>
        </extensions>
      </trkpt>
      <trkpt lat="26.08100202083066" lon="119.29195059157034">
        <ele>11.3</ele>
        <time>2025-06-08T05:54:53Z</time>
        <extensions>
          <gpxtpx:TrackPointExtension>
            <gpxtpx:hr>89</gpxtpx:hr>
          </gpxtpx:TrackPointExtension>
        </extensions>
      </trkpt>
      <trkpt lat="26.0810057099376" lon="119.29196634828554">
        <ele>11.3</ele>
        <time>2025-06-08T05:54:54Z</time>
        <extensions>
          <gpxtpx:TrackPointExtension>
            <gpxtpx:hr>89</gpxtpx:hr>
          </gpxtpx:TrackPointExtension>
        </extensions>
      </trkpt>
      <trkpt lat="26.08101091818545" lon="119.29198269973728">
        <ele>11.3</ele>
        <time>2025-06-08T05:54:55Z</time>
        <extensions>
          <gpxtpx:TrackPointExtension>
            <gpxtpx:hr>89</gpxtpx:hr>
          </gpxtpx:TrackPointExtension>
        </extensions>
      </trkpt>
      <trkpt lat="26.081016418290034" lon="119.29199619375527">
        <ele>11.0</ele>
        <time>2025-06-08T05:54:56Z</time>
        <extensions>
          <gpxtpx:TrackPointExtension>
            <gpxtpx:hr>91</gpxtpx:hr>
          </gpxtpx:TrackPointExtension>
        </extensions>
      </trkpt>
      <trkpt lat="26.081021962949787" lon="119.2920077106487">
        <ele>11.0</ele>
        <time>2025-06-08T05:54:57Z</time>
        <extensions>
          <gpxtpx:TrackPointExtension>
            <gpxtpx:hr>91</gpxtpx:hr>
          </gpxtpx:TrackPointExtension>
        </extensions>
      </trkpt>
      <trkpt lat="26.08102789917626" lon="119.29201698246244">
        <ele>11.0</ele>
        <time>2025-06-08T05:54:58Z</time>
        <extensions>
          <gpxtpx:TrackPointExtension>
            <gpxtpx:hr>91</gpxtpx:hr>
          </gpxtpx:TrackPointExtension>
        </extensions>
      </trkpt>
      <trkpt lat="26.0810340969312" lon="119.29202476547567">
        <ele>11.0</ele>
        <time>2025-06-08T05:54:59Z</time>
        <extensions>
          <gpxtpx:TrackPointExtension>
            <gpxtpx:hr>91</gpxtpx:hr>
          </gpxtpx:TrackPointExtension>
        </extensions>
      </trkpt>
      <trkpt lat="26.081041387493443" lon="119.29203287229132">
        <ele>11.0</ele>
        <time>2025-06-08T05:55:00Z</time>
        <extensions>
          <gpxtpx:TrackPointExtension>
            <gpxtpx:hr>91</gpxtpx:hr>
          </gpxtpx:TrackPointExtension>
        </extensions>
      </trkpt>
      <trkpt lat="26.081049108713554" lon="119.29204136327007">
        <ele>10.6</ele>
        <time>2025-06-08T05:55:01Z</time>
        <extensions>
          <gpxtpx:TrackPointExtension>
            <gpxtpx:hr>91</gpxtpx:hr>
          </gpxtpx:TrackPointExtension>
        </extensions>
      </trkpt>
      <trkpt lat="26.081056227550672" lon="119.29205059568335">
        <ele>10.6</ele>
        <time>2025-06-08T05:55:02Z</time>
        <extensions>
          <gpxtpx:TrackPointExtension>
            <gpxtpx:hr>91</gpxtpx:hr>
          </gpxtpx:TrackPointExtension>
        </extensions>
      </trkpt>
      <trkpt lat="26.081062724432197" lon="119.29206038235849">
        <ele>10.6</ele>
        <time>2025-06-08T05:55:03Z</time>
        <extensions>
          <gpxtpx:TrackPointExtension>
            <gpxtpx:hr>91</gpxtpx:hr>
          </gpxtpx:TrackPointExtension>
        </extensions>
      </trkpt>
      <trkpt lat="26.08106781937452" lon="119.29206954401141">
        <ele>10.6</ele>
        <time>2025-06-08T05:55:04Z</time>
        <extensions>
          <gpxtpx:TrackPointExtension>
            <gpxtpx:hr>91</gpxtpx:hr>
          </gpxtpx:TrackPointExtension>
        </extensions>
      </trkpt>
      <trkpt lat="26.081073412777336" lon="119.29207991048564">
        <ele>10.6</ele>
        <time>2025-06-08T05:55:05Z</time>
        <extensions>
          <gpxtpx:TrackPointExtension>
            <gpxtpx:hr>91</gpxtpx:hr>
          </gpxtpx:TrackPointExtension>
        </extensions>
      </trkpt>
      <trkpt lat="26.081078364519826" lon="119.292089777296">
        <ele>10.4</ele>
        <time>2025-06-08T05:55:06Z</time>
        <extensions>
          <gpxtpx:TrackPointExtension>
            <gpxtpx:hr>93</gpxtpx:hr>
          </gpxtpx:TrackPointExtension>
        </extensions>
      </trkpt>
      <trkpt lat="26.081084208133614" lon="119.29210104452838">
        <ele>10.4</ele>
        <time>2025-06-08T05:55:07Z</time>
        <extensions>
          <gpxtpx:TrackPointExtension>
            <gpxtpx:hr>93</gpxtpx:hr>
          </gpxtpx:TrackPointExtension>
        </extensions>
      </trkpt>
      <trkpt lat="26.081090250522625" lon="119.29211226081271">
        <ele>10.4</ele>
        <time>2025-06-08T05:55:08Z</time>
        <extensions>
          <gpxtpx:TrackPointExtension>
            <gpxtpx:hr>93</gpxtpx:hr>
          </gpxtpx:TrackPointExtension>
        </extensions>
      </trkpt>
      <trkpt lat="26.081096631947915" lon="119.29212427154074">
        <ele>10.4</ele>
        <time>2025-06-08T05:55:09Z</time>
        <extensions>
          <gpxtpx:TrackPointExtension>
            <gpxtpx:hr>93</gpxtpx:hr>
          </gpxtpx:TrackPointExtension>
        </extensions>
      </trkpt>
      <trkpt lat="26.081102522614025" lon="119.29213662214977">
        <ele>10.4</ele>
        <time>2025-06-08T05:55:10Z</time>
        <extensions>
          <gpxtpx:TrackPointExtension>
            <gpxtpx:hr>93</gpxtpx:hr>
          </gpxtpx:TrackPointExtension>
        </extensions>
      </trkpt>
      <trkpt lat="26.08110753589578" lon="119.29214838608725">
        <ele>10.4</ele>
        <time>2025-06-08T05:55:11Z</time>
        <extensions>
          <gpxtpx:TrackPointExtension>
            <gpxtpx:hr>90</gpxtpx:hr>
          </gpxtpx:TrackPointExtension>
        </extensions>
      </trkpt>
      <trkpt lat="26.08111194064714" lon="119.29216104113584">
        <ele>10.4</ele>
        <time>2025-06-08T05:55:12Z</time>
        <extensions>
          <gpxtpx:TrackPointExtension>
            <gpxtpx:hr>90</gpxtpx:hr>
          </gpxtpx:TrackPointExtension>
        </extensions>
      </trkpt>
      <trkpt lat="26.08111567383812" lon="119.29217267303315">
        <ele>10.4</ele>
        <time>2025-06-08T05:55:13Z</time>
        <extensions>
          <gpxtpx:TrackPointExtension>
            <gpxtpx:hr>90</gpxtpx:hr>
          </gpxtpx:TrackPointExtension>
        </extensions>
      </trkpt>
      <trkpt lat="26.08111891127517" lon="119.2921854804979">
        <ele>10.4</ele>
        <time>2025-06-08T05:55:14Z</time>
        <extensions>
          <gpxtpx:TrackPointExtension>
            <gpxtpx:hr>90</gpxtpx:hr>
          </gpxtpx:TrackPointExtension>
        </extensions>
      </trkpt>
      <trkpt lat="26.081120977658163" lon="119.29219678159313">
        <ele>10.4</ele>
        <time>2025-06-08T05:55:15Z</time>
        <extensions>
          <gpxtpx:TrackPointExtension>
            <gpxtpx:hr>90</gpxtpx:hr>
          </gpxtpx:TrackPointExtension>
        </extensions>
      </trkpt>
      <trkpt lat="26.08112174427851" lon="119.29220812552978">
        <ele>10.1</ele>
        <time>2025-06-08T05:55:16Z</time>
        <extensions>
          <gpxtpx:TrackPointExtension>
            <gpxtpx:hr>92</gpxtpx:hr>
          </gpxtpx:TrackPointExtension>
        </extensions>
      </trkpt>
      <trkpt lat="26.081121116350143" lon="119.29221871579048">
        <ele>10.1</ele>
        <time>2025-06-08T05:55:17Z</time>
        <extensions>
          <gpxtpx:TrackPointExtension>
            <gpxtpx:hr>92</gpxtpx:hr>
          </gpxtpx:TrackPointExtension>
        </extensions>
      </trkpt>
      <trkpt lat="26.08111922182598" lon="119.29223021913866">
        <ele>10.1</ele>
        <time>2025-06-08T05:55:18Z</time>
        <extensions>
          <gpxtpx:TrackPointExtension>
            <gpxtpx:hr>92</gpxtpx:hr>
          </gpxtpx:TrackPointExtension>
        </extensions>
      </trkpt>
      <trkpt lat="26.08111648052848" lon="119.29224228710662">
        <ele>10.1</ele>
        <time>2025-06-08T05:55:19Z</time>
        <extensions>
          <gpxtpx:TrackPointExtension>
            <gpxtpx:hr>92</gpxtpx:hr>
          </gpxtpx:TrackPointExtension>
        </extensions>
      </trkpt>
      <trkpt lat="26.0811135326407" lon="119.29225538985828">
        <ele>10.1</ele>
        <time>2025-06-08T05:55:20Z</time>
        <extensions>
          <gpxtpx:TrackPointExtension>
            <gpxtpx:hr>92</gpxtpx:hr>
          </gpxtpx:TrackPointExtension>
        </extensions>
      </trkpt>
      <trkpt lat="26.081111221403198" lon="119.2922680408649">
        <ele>10.1</ele>
        <time>2025-06-08T05:55:21Z</time>
        <extensions>
          <gpxtpx:TrackPointExtension>
            <gpxtpx:hr>91</gpxtpx:hr>
          </gpxtpx:TrackPointExtension>
        </extensions>
      </trkpt>
      <trkpt lat="26.081109294671997" lon="119.29228059619597">
        <ele>10.1</ele>
        <time>2025-06-08T05:55:22Z</time>
        <extensions>
          <gpxtpx:TrackPointExtension>
            <gpxtpx:hr>91</gpxtpx:hr>
          </gpxtpx:TrackPointExtension>
        </extensions>
      </trkpt>
      <trkpt lat="26.08110818858114" lon="119.29229134066537">
        <ele>10.1</ele>
        <time>2025-06-08T05:55:23Z</time>
        <extensions>
          <gpxtpx:TrackPointExtension>
            <gpxtpx:hr>91</gpxtpx:hr>
          </gpxtpx:TrackPointExtension>
        </extensions>
      </trkpt>
      <trkpt lat="26.08110724519882" lon="119.29230192373454">
        <ele>10.1</ele>
        <time>2025-06-08T05:55:24Z</time>
        <extensions>
          <gpxtpx:TrackPointExtension>
            <gpxtpx:hr>91</gpxtpx:hr>
          </gpxtpx:TrackPointExtension>
        </extensions>
      </trkpt>
      <trkpt lat="26.081106160788476" lon="119.29231186546353">
        <ele>10.1</ele>
        <time>2025-06-08T05:55:25Z</time>
        <extensions>
          <gpxtpx:TrackPointExtension>
            <gpxtpx:hr>91</gpxtpx:hr>
          </gpxtpx:TrackPointExtension>
        </extensions>
      </trkpt>
      <trkpt lat="26.08110432740444" lon="119.292321133076">
        <ele>9.9</ele>
        <time>2025-06-08T05:55:26Z</time>
        <extensions>
          <gpxtpx:TrackPointExtension>
            <gpxtpx:hr>90</gpxtpx:hr>
          </gpxtpx:TrackPointExtension>
        </extensions>
      </trkpt>
      <trkpt lat="26.081101016342693" lon="119.29233105448351">
        <ele>9.9</ele>
        <time>2025-06-08T05:55:27Z</time>
        <extensions>
          <gpxtpx:TrackPointExtension>
            <gpxtpx:hr>90</gpxtpx:hr>
          </gpxtpx:TrackPointExtension>
        </extensions>
      </trkpt>
      <trkpt lat="26.081097046756092" lon="119.29233928313604">
        <ele>9.9</ele>
        <time>2025-06-08T05:55:28Z</time>
        <extensions>
          <gpxtpx:TrackPointExtension>
            <gpxtpx:hr>90</gpxtpx:hr>
          </gpxtpx:TrackPointExtension>
        </extensions>
      </trkpt>
      <trkpt lat="26.08109246906924" lon="119.29234709249276">
        <ele>9.9</ele>
        <time>2025-06-08T05:55:29Z</time>
        <extensions>
          <gpxtpx:TrackPointExtension>
            <gpxtpx:hr>90</gpxtpx:hr>
          </gpxtpx:TrackPointExtension>
        </extensions>
      </trkpt>
      <trkpt lat="26.081088516052073" lon="119.29235382342367">
        <ele>9.9</ele>
        <time>2025-06-08T05:55:30Z</time>
        <extensions>
          <gpxtpx:TrackPointExtension>
            <gpxtpx:hr>90</gpxtpx:hr>
          </gpxtpx:TrackPointExtension>
        </extensions>
      </trkpt>
      <trkpt lat="26.081085417860546" lon="119.29236199665608">
        <ele>9.9</ele>
        <time>2025-06-08T05:55:31Z</time>
        <extensions>
          <gpxtpx:TrackPointExtension>
            <gpxtpx:hr>91</gpxtpx:hr>
          </gpxtpx:TrackPointExtension>
        </extensions>
      </trkpt>
      <trkpt lat="26.081083138022656" lon="119.29237125949334">
        <ele>9.9</ele>
        <time>2025-06-08T05:55:32Z</time>
        <extensions>
          <gpxtpx:TrackPointExtension>
            <gpxtpx:hr>91</gpxtpx:hr>
          </gpxtpx:TrackPointExtension>
        </extensions>
      </trkpt>
      <trkpt lat="26.081081330262727" lon="119.29237842863525">
        <ele>9.9</ele>
        <time>2025-06-08T05:55:33Z</time>
        <extensions>
          <gpxtpx:TrackPointExtension>
            <gpxtpx:hr>91</gpxtpx:hr>
          </gpxtpx:TrackPointExtension>
        </extensions>
      </trkpt>
      <trkpt lat="26.081080391729415" lon="119.29238365074517">
        <ele>9.9</ele>
        <time>2025-06-08T05:55:34Z</time>
        <extensions>
          <gpxtpx:TrackPointExtension>
            <gpxtpx:hr>91</gpxtpx:hr>
          </gpxtpx:TrackPointExtension>
        </extensions>
      </trkpt>
      <trkpt lat="26.0810806694898" lon="119.29238728634938">
        <ele>9.9</ele>
        <time>2025-06-08T05:55:35Z</time>
        <extensions>
          <gpxtpx:TrackPointExtension>
            <gpxtpx:hr>91</gpxtpx:hr>
          </gpxtpx:TrackPointExtension>
        </extensions>
      </trkpt>
      <trkpt lat="26.081082375843245" lon="119.29239302344139">
        <ele>9.9</ele>
        <time>2025-06-08T05:55:36Z</time>
        <extensions>
          <gpxtpx:TrackPointExtension>
            <gpxtpx:hr>91</gpxtpx:hr>
          </gpxtpx:TrackPointExtension>
        </extensions>
      </trkpt>
      <trkpt lat="26.081084410127005" lon="119.29239820293566">
        <ele>9.9</ele>
        <time>2025-06-08T05:55:37Z</time>
        <extensions>
          <gpxtpx:TrackPointExtension>
            <gpxtpx:hr>91</gpxtpx:hr>
          </gpxtpx:TrackPointExtension>
        </extensions>
      </trkpt>
      <trkpt lat="26.08108614714023" lon="119.29240527664392">
        <ele>9.9</ele>
        <time>2025-06-08T05:55:38Z</time>
        <extensions>
          <gpxtpx:TrackPointExtension>
            <gpxtpx:hr>91</gpxtpx:hr>
          </gpxtpx:TrackPointExtension>
        </extensions>
      </trkpt>
      <trkpt lat="26.081087345046058" lon="119.29241194113564">
        <ele>9.9</ele>
        <time>2025-06-08T05:55:39Z</time>
        <extensions>
          <gpxtpx:TrackPointExtension>
            <gpxtpx:hr>91</gpxtpx:hr>
          </gpxtpx:TrackPointExtension>
        </extensions>
      </trkpt>
      <trkpt lat="26.081087963639135" lon="119.29242041370777">
        <ele>9.9</ele>
        <time>2025-06-08T05:55:40Z</time>
        <extensions>
          <gpxtpx:TrackPointExtension>
            <gpxtpx:hr>91</gpxtpx:hr>
          </gpxtpx:TrackPointExtension>
        </extensions>
      </trkpt>
      <trkpt lat="26.081088391025776" lon="119.2924299444413">
        <ele>9.9</ele>
        <time>2025-06-08T05:55:41Z</time>
        <extensions>
          <gpxtpx:TrackPointExtension>
            <gpxtpx:hr>91</gpxtpx:hr>
          </gpxtpx:TrackPointExtension>
        </extensions>
      </trkpt>
      <trkpt lat="26.08108883739546" lon="119.29244080746105">
        <ele>9.9</ele>
        <time>2025-06-08T05:55:42Z</time>
        <extensions>
          <gpxtpx:TrackPointExtension>
            <gpxtpx:hr>91</gpxtpx:hr>
          </gpxtpx:TrackPointExtension>
        </extensions>
      </trkpt>
      <trkpt lat="26.081089370192718" lon="119.29245317508207">
        <ele>9.9</ele>
        <time>2025-06-08T05:55:43Z</time>
        <extensions>
          <gpxtpx:TrackPointExtension>
            <gpxtpx:hr>91</gpxtpx:hr>
          </gpxtpx:TrackPointExtension>
        </extensions>
      </trkpt>
      <trkpt lat="26.08108913363034" lon="119.29246642912166">
        <ele>9.9</ele>
        <time>2025-06-08T05:55:44Z</time>
        <extensions>
          <gpxtpx:TrackPointExtension>
            <gpxtpx:hr>91</gpxtpx:hr>
          </gpxtpx:TrackPointExtension>
        </extensions>
      </trkpt>
      <trkpt lat="26.081086743533035" lon="119.29248257722391">
        <ele>9.9</ele>
        <time>2025-06-08T05:55:45Z</time>
        <extensions>
          <gpxtpx:TrackPointExtension>
            <gpxtpx:hr>91</gpxtpx:hr>
          </gpxtpx:TrackPointExtension>
        </extensions>
      </trkpt>
      <trkpt lat="26.081081628501693" lon="119.29250028509989">
        <ele>9.9</ele>
        <time>2025-06-08T05:55:46Z</time>
        <extensions>
          <gpxtpx:TrackPointExtension>
            <gpxtpx:hr>91</gpxtpx:hr>
          </gpxtpx:TrackPointExtension>
        </extensions>
      </trkpt>
      <trkpt lat="26.081074052723224" lon="119.29251817616779">
        <ele>9.9</ele>
        <time>2025-06-08T05:55:47Z</time>
        <extensions>
          <gpxtpx:TrackPointExtension>
            <gpxtpx:hr>91</gpxtpx:hr>
          </gpxtpx:TrackPointExtension>
        </extensions>
      </trkpt>
      <trkpt lat="26.08106536936619" lon="119.29253245740334">
        <ele>9.9</ele>
        <time>2025-06-08T05:55:48Z</time>
        <extensions>
          <gpxtpx:TrackPointExtension>
            <gpxtpx:hr>91</gpxtpx:hr>
          </gpxtpx:TrackPointExtension>
        </extensions>
      </trkpt>
      <trkpt lat="26.081055540009306" lon="119.29254514925208">
        <ele>9.9</ele>
        <time>2025-06-08T05:55:49Z</time>
        <extensions>
          <gpxtpx:TrackPointExtension>
            <gpxtpx:hr>91</gpxtpx:hr>
          </gpxtpx:TrackPointExtension>
        </extensions>
      </trkpt>
      <trkpt lat="26.08104740320937" lon="119.2925560703666">
        <ele>9.9</ele>
        <time>2025-06-08T05:55:50Z</time>
        <extensions>
          <gpxtpx:TrackPointExtension>
            <gpxtpx:hr>91</gpxtpx:hr>
          </gpxtpx:TrackPointExtension>
        </extensions>
      </trkpt>
      <trkpt lat="26.081041476448448" lon="119.29256989004602">
        <ele>9.9</ele>
        <time>2025-06-08T05:55:51Z</time>
        <extensions>
          <gpxtpx:TrackPointExtension>
            <gpxtpx:hr>91</gpxtpx:hr>
          </gpxtpx:TrackPointExtension>
        </extensions>
      </trkpt>
      <trkpt lat="26.08103999892747" lon="119.29258400909498">
        <ele>9.9</ele>
        <time>2025-06-08T05:55:52Z</time>
        <extensions>
          <gpxtpx:TrackPointExtension>
            <gpxtpx:hr>91</gpxtpx:hr>
          </gpxtpx:TrackPointExtension>
        </extensions>
      </trkpt>
      <trkpt lat="26.08104120368764" lon="119.29259958632436">
        <ele>9.9</ele>
        <time>2025-06-08T05:55:53Z</time>
        <extensions>
          <gpxtpx:TrackPointExtension>
            <gpxtpx:hr>91</gpxtpx:hr>
          </gpxtpx:TrackPointExtension>
        </extensions>
      </trkpt>
      <trkpt lat="26.081044499903655" lon="119.29261393073975">
        <ele>9.9</ele>
        <time>2025-06-08T05:55:54Z</time>
        <extensions>
          <gpxtpx:TrackPointExtension>
            <gpxtpx:hr>91</gpxtpx:hr>
          </gpxtpx:TrackPointExtension>
        </extensions>
      </trkpt>
      <trkpt lat="26.08104881995286" lon="119.29262844102357">
        <ele>9.9</ele>
        <time>2025-06-08T05:55:55Z</time>
        <extensions>
          <gpxtpx:TrackPointExtension>
            <gpxtpx:hr>91</gpxtpx:hr>
          </gpxtpx:TrackPointExtension>
        </extensions>
      </trkpt>
      <trkpt lat="26.08105364851363" lon="119.29264210089562">
        <ele>9.9</ele>
        <time>2025-06-08T05:55:56Z</time>
        <extensions>
          <gpxtpx:TrackPointExtension>
            <gpxtpx:hr>92</gpxtpx:hr>
          </gpxtpx:TrackPointExtension>
        </extensions>
      </trkpt>
      <trkpt lat="26.081059247103283" lon="119.29265628312156">
        <ele>9.9</ele>
        <time>2025-06-08T05:55:57Z</time>
        <extensions>
          <gpxtpx:TrackPointExtension>
            <gpxtpx:hr>92</gpxtpx:hr>
          </gpxtpx:TrackPointExtension>
        </extensions>
      </trkpt>
      <trkpt lat="26.08106509174464" lon="119.29266993127904">
        <ele>9.9</ele>
        <time>2025-06-08T05:55:58Z</time>
        <extensions>
          <gpxtpx:TrackPointExtension>
            <gpxtpx:hr>92</gpxtpx:hr>
          </gpxtpx:TrackPointExtension>
        </extensions>
      </trkpt>
      <trkpt lat="26.08107160796121" lon="119.29268468021817">
        <ele>9.9</ele>
        <time>2025-06-08T05:55:59Z</time>
        <extensions>
          <gpxtpx:TrackPointExtension>
            <gpxtpx:hr>92</gpxtpx:hr>
          </gpxtpx:TrackPointExtension>
        </extensions>
      </trkpt>
      <trkpt lat="26.081077966079103" lon="119.2926988823721">
        <ele>9.9</ele>
        <time>2025-06-08T05:56:00Z</time>
        <extensions>
          <gpxtpx:TrackPointExtension>
            <gpxtpx:hr>92</gpxtpx:hr>
          </gpxtpx:TrackPointExtension>
        </extensions>
      </trkpt>
      <trkpt lat="26.081084351658756" lon="119.29271310577946">
        <ele>9.9</ele>
        <time>2025-06-08T05:56:01Z</time>
        <extensions>
          <gpxtpx:TrackPointExtension>
            <gpxtpx:hr>93</gpxtpx:hr>
          </gpxtpx:TrackPointExtension>
        </extensions>
      </trkpt>
      <trkpt lat="26.081089612177298" lon="119.29272568527544">
        <ele>9.9</ele>
        <time>2025-06-08T05:56:02Z</time>
        <extensions>
          <gpxtpx:TrackPointExtension>
            <gpxtpx:hr>93</gpxtpx:hr>
          </gpxtpx:TrackPointExtension>
        </extensions>
      </trkpt>
      <trkpt lat="26.081094436151716" lon="119.2927381653837">
        <ele>9.9</ele>
        <time>2025-06-08T05:56:03Z</time>
        <extensions>
          <gpxtpx:TrackPointExtension>
            <gpxtpx:hr>93</gpxtpx:hr>
          </gpxtpx:TrackPointExtension>
        </extensions>
      </trkpt>
      <trkpt lat="26.081099375203866" lon="119.29275135380502">
        <ele>9.9</ele>
        <time>2025-06-08T05:56:04Z</time>
        <extensions>
          <gpxtpx:TrackPointExtension>
            <gpxtpx:hr>93</gpxtpx:hr>
          </gpxtpx:TrackPointExtension>
        </extensions>
      </trkpt>
      <trkpt lat="26.081105012576796" lon="119.29276524118987">
        <ele>9.9</ele>
        <time>2025-06-08T05:56:05Z</time>
        <extensions>
          <gpxtpx:TrackPointExtension>
            <gpxtpx:hr>93</gpxtpx:hr>
          </gpxtpx:TrackPointExtension>
        </extensions>
      </trkpt>
      <trkpt lat="26.081111169459327" lon="119.29277942738261">
        <ele>9.9</ele>
        <time>2025-06-08T05:56:06Z</time>
        <extensions>
          <gpxtpx:TrackPointExtension>
            <gpxtpx:hr>93</gpxtpx:hr>
          </gpxtpx:TrackPointExtension>
        </extensions>
      </trkpt>
      <trkpt lat="26.081116411585857" lon="119.29279254773284">
        <ele>9.9</ele>
        <time>2025-06-08T05:56:07Z</time>
        <extensions>
          <gpxtpx:TrackPointExtension>
            <gpxtpx:hr>93</gpxtpx:hr>
          </gpxtpx:TrackPointExtension>
        </extensions>
      </trkpt>
      <trkpt lat="26.081120716510892" lon="119.29280595857037">
        <ele>9.9</ele>
        <time>2025-06-08T05:56:08Z</time>
        <extensions>
          <gpxtpx:TrackPointExtension>
            <gpxtpx:hr>93</gpxtpx:hr>
          </gpxtpx:TrackPointExtension>
        </extensions>
      </trkpt>
      <trkpt lat="26.081123402109256" lon="119.29281905394029">
        <ele>9.9</ele>
        <time>2025-06-08T05:56:09Z</time>
        <extensions>
          <gpxtpx:TrackPointExtension>
            <gpxtpx:hr>93</gpxtpx:hr>
          </gpxtpx:TrackPointExtension>
        </extensions>
      </trkpt>
      <trkpt lat="26.081125426289386" lon="119.29283247658572">
        <ele>9.9</ele>
        <time>2025-06-08T05:56:10Z</time>
        <extensions>
          <gpxtpx:TrackPointExtension>
            <gpxtpx:hr>93</gpxtpx:hr>
          </gpxtpx:TrackPointExtension>
        </extensions>
      </trkpt>
      <trkpt lat="26.081127076682144" lon="119.29284639852467">
        <ele>9.7</ele>
        <time>2025-06-08T05:56:11Z</time>
        <extensions>
          <gpxtpx:TrackPointExtension>
            <gpxtpx:hr>92</gpxtpx:hr>
          </gpxtpx:TrackPointExtension>
        </extensions>
      </trkpt>
      <trkpt lat="26.08112871508466" lon="119.2928605690062">
        <ele>9.7</ele>
        <time>2025-06-08T05:56:12Z</time>
        <extensions>
          <gpxtpx:TrackPointExtension>
            <gpxtpx:hr>92</gpxtpx:hr>
          </gpxtpx:TrackPointExtension>
        </extensions>
      </trkpt>
      <trkpt lat="26.081130749646928" lon="119.29287617158487">
        <ele>9.7</ele>
        <time>2025-06-08T05:56:13Z</time>
        <extensions>
          <gpxtpx:TrackPointExtension>
            <gpxtpx:hr>92</gpxtpx:hr>
          </gpxtpx:TrackPointExtension>
        </extensions>
      </trkpt>
      <trkpt lat="26.081132644612243" lon="119.29289129144378">
        <ele>9.7</ele>
        <time>2025-06-08T05:56:14Z</time>
        <extensions>
          <gpxtpx:TrackPointExtension>
            <gpxtpx:hr>92</gpxtpx:hr>
          </gpxtpx:TrackPointExtension>
        </extensions>
      </trkpt>
      <trkpt lat="26.081135225461985" lon="119.29290654630302">
        <ele>9.7</ele>
        <time>2025-06-08T05:56:15Z</time>
        <extensions>
          <gpxtpx:TrackPointExtension>
            <gpxtpx:hr>92</gpxtpx:hr>
          </gpxtpx:TrackPointExtension>
        </extensions>
      </trkpt>
      <trkpt lat="26.08113861921273" lon="119.2929215975869">
        <ele>9.7</ele>
        <time>2025-06-08T05:56:16Z</time>
        <extensions>
          <gpxtpx:TrackPointExtension>
            <gpxtpx:hr>93</gpxtpx:hr>
          </gpxtpx:TrackPointExtension>
        </extensions>
      </trkpt>
      <trkpt lat="26.08114290495362" lon="119.29293666930386">
        <ele>9.7</ele>
        <time>2025-06-08T05:56:17Z</time>
        <extensions>
          <gpxtpx:TrackPointExtension>
            <gpxtpx:hr>93</gpxtpx:hr>
          </gpxtpx:TrackPointExtension>
        </extensions>
      </trkpt>
      <trkpt lat="26.08114720582928" lon="119.29295206165884">
        <ele>9.7</ele>
        <time>2025-06-08T05:56:18Z</time>
        <extensions>
          <gpxtpx:TrackPointExtension>
            <gpxtpx:hr>93</gpxtpx:hr>
          </gpxtpx:TrackPointExtension>
        </extensions>
      </trkpt>
      <trkpt lat="26.081150818591276" lon="119.29296660271264">
        <ele>9.7</ele>
        <time>2025-06-08T05:56:19Z</time>
        <extensions>
          <gpxtpx:TrackPointExtension>
            <gpxtpx:hr>93</gpxtpx:hr>
          </gpxtpx:TrackPointExtension>
        </extensions>
      </trkpt>
      <trkpt lat="26.081154608922866" lon="119.29298161496907">
        <ele>9.7</ele>
        <time>2025-06-08T05:56:20Z</time>
        <extensions>
          <gpxtpx:TrackPointExtension>
            <gpxtpx:hr>93</gpxtpx:hr>
          </gpxtpx:TrackPointExtension>
        </extensions>
      </trkpt>
      <trkpt lat="26.08115920492218" lon="119.29299610999489">
        <ele>9.7</ele>
        <time>2025-06-08T05:56:21Z</time>
        <extensions>
          <gpxtpx:TrackPointExtension>
            <gpxtpx:hr>93</gpxtpx:hr>
          </gpxtpx:TrackPointExtension>
        </extensions>
      </trkpt>
      <trkpt lat="26.08116476799749" lon="119.29301028622307">
        <ele>9.7</ele>
        <time>2025-06-08T05:56:22Z</time>
        <extensions>
          <gpxtpx:TrackPointExtension>
            <gpxtpx:hr>93</gpxtpx:hr>
          </gpxtpx:TrackPointExtension>
        </extensions>
      </trkpt>
      <trkpt lat="26.08116964806596" lon="119.29302228251623">
        <ele>9.7</ele>
        <time>2025-06-08T05:56:23Z</time>
        <extensions>
          <gpxtpx:TrackPointExtension>
            <gpxtpx:hr>93</gpxtpx:hr>
          </gpxtpx:TrackPointExtension>
        </extensions>
      </trkpt>
      <trkpt lat="26.081172691976914" lon="119.29303207352999">
        <ele>9.7</ele>
        <time>2025-06-08T05:56:24Z</time>
        <extensions>
          <gpxtpx:TrackPointExtension>
            <gpxtpx:hr>93</gpxtpx:hr>
          </gpxtpx:TrackPointExtension>
        </extensions>
      </trkpt>
      <trkpt lat="26.08117322065729" lon="119.2930386244107">
        <ele>9.7</ele>
        <time>2025-06-08T05:56:25Z</time>
        <extensions>
          <gpxtpx:TrackPointExtension>
            <gpxtpx:hr>93</gpxtpx:hr>
          </gpxtpx:TrackPointExtension>
        </extensions>
      </trkpt>
      <trkpt lat="26.081171546676988" lon="119.29304414153563">
        <ele>9.7</ele>
        <time>2025-06-08T05:56:26Z</time>
        <extensions>
          <gpxtpx:TrackPointExtension>
            <gpxtpx:hr>91</gpxtpx:hr>
          </gpxtpx:TrackPointExtension>
        </extensions>
      </trkpt>
      <trkpt lat="26.081167810143917" lon="119.29304938528038">
        <ele>9.7</ele>
        <time>2025-06-08T05:56:27Z</time>
        <extensions>
          <gpxtpx:TrackPointExtension>
            <gpxtpx:hr>91</gpxtpx:hr>
          </gpxtpx:TrackPointExtension>
        </extensions>
      </trkpt>
      <trkpt lat="26.08116329957466" lon="119.29305420400212">
        <ele>9.7</ele>
        <time>2025-06-08T05:56:28Z</time>
        <extensions>
          <gpxtpx:TrackPointExtension>
            <gpxtpx:hr>91</gpxtpx:hr>
          </gpxtpx:TrackPointExtension>
        </extensions>
      </trkpt>
      <trkpt lat="26.08115705566404" lon="119.29305845958807">
        <ele>9.7</ele>
        <time>2025-06-08T05:56:29Z</time>
        <extensions>
          <gpxtpx:TrackPointExtension>
            <gpxtpx:hr>91</gpxtpx:hr>
          </gpxtpx:TrackPointExtension>
        </extensions>
      </trkpt>
      <trkpt lat="26.081149634157576" lon="119.2930623203045">
        <ele>9.7</ele>
        <time>2025-06-08T05:56:30Z</time>
        <extensions>
          <gpxtpx:TrackPointExtension>
            <gpxtpx:hr>91</gpxtpx:hr>
          </gpxtpx:TrackPointExtension>
        </extensions>
      </trkpt>
      <trkpt lat="26.08114141253175" lon="119.29306677212385">
        <ele>9.7</ele>
        <time>2025-06-08T05:56:31Z</time>
        <extensions>
          <gpxtpx:TrackPointExtension>
            <gpxtpx:hr>90</gpxtpx:hr>
          </gpxtpx:TrackPointExtension>
        </extensions>
      </trkpt>
      <trkpt lat="26.081133465044125" lon="119.29307328958488">
        <ele>9.7</ele>
        <time>2025-06-08T05:56:32Z</time>
        <extensions>
          <gpxtpx:TrackPointExtension>
            <gpxtpx:hr>90</gpxtpx:hr>
          </gpxtpx:TrackPointExtension>
        </extensions>
      </trkpt>
      <trkpt lat="26.08112732756037" lon="119.29308116970701">
        <ele>9.7</ele>
        <time>2025-06-08T05:56:33Z</time>
        <extensions>
          <gpxtpx:TrackPointExtension>
            <gpxtpx:hr>90</gpxtpx:hr>
          </gpxtpx:TrackPointExtension>
        </extensions>
      </trkpt>
      <trkpt lat="26.081121842356975" lon="119.29309122483083">
        <ele>9.7</ele>
        <time>2025-06-08T05:56:34Z</time>
        <extensions>
          <gpxtpx:TrackPointExtension>
            <gpxtpx:hr>90</gpxtpx:hr>
          </gpxtpx:TrackPointExtension>
        </extensions>
      </trkpt>
      <trkpt lat="26.081118183011803" lon="119.29310118544849">
        <ele>9.7</ele>
        <time>2025-06-08T05:56:35Z</time>
        <extensions>
          <gpxtpx:TrackPointExtension>
            <gpxtpx:hr>90</gpxtpx:hr>
          </gpxtpx:TrackPointExtension>
        </extensions>
      </trkpt>
      <trkpt lat="26.081115045279873" lon="119.29311304928305">
        <ele>9.7</ele>
        <time>2025-06-08T05:56:36Z</time>
        <extensions>
          <gpxtpx:TrackPointExtension>
            <gpxtpx:hr>91</gpxtpx:hr>
          </gpxtpx:TrackPointExtension>
        </extensions>
      </trkpt>
      <trkpt lat="26.08111264548065" lon="119.29312517765796">
        <ele>9.7</ele>
        <time>2025-06-08T05:56:37Z</time>
        <extensions>
          <gpxtpx:TrackPointExtension>
            <gpxtpx:hr>91</gpxtpx:hr>
          </gpxtpx:TrackPointExtension>
        </extensions>
      </trkpt>
      <trkpt lat="26.081110736684778" lon="119.29313820642578">
        <ele>9.7</ele>
        <time>2025-06-08T05:56:38Z</time>
        <extensions>
          <gpxtpx:TrackPointExtension>
            <gpxtpx:hr>91</gpxtpx:hr>
          </gpxtpx:TrackPointExtension>
        </extensions>
      </trkpt>
      <trkpt lat="26.081109384005998" lon="119.29314991762135">
        <ele>9.7</ele>
        <time>2025-06-08T05:56:39Z</time>
        <extensions>
          <gpxtpx:TrackPointExtension>
            <gpxtpx:hr>91</gpxtpx:hr>
          </gpxtpx:TrackPointExtension>
        </extensions>
      </trkpt>
      <trkpt lat="26.081108512224944" lon="119.29316145744504">
        <ele>9.7</ele>
        <time>2025-06-08T05:56:40Z</time>
        <extensions>
          <gpxtpx:TrackPointExtension>
            <gpxtpx:hr>91</gpxtpx:hr>
          </gpxtpx:TrackPointExtension>
        </extensions>
      </trkpt>
      <trkpt lat="26.08110822431716" lon="119.29317207273976">
        <ele>9.7</ele>
        <time>2025-06-08T05:56:41Z</time>
        <extensions>
          <gpxtpx:TrackPointExtension>
            <gpxtpx:hr>94</gpxtpx:hr>
          </gpxtpx:TrackPointExtension>
        </extensions>
      </trkpt>
      <trkpt lat="26.08110836258097" lon="119.29318227325376">
        <ele>9.7</ele>
        <time>2025-06-08T05:56:42Z</time>
        <extensions>
          <gpxtpx:TrackPointExtension>
            <gpxtpx:hr>94</gpxtpx:hr>
          </gpxtpx:TrackPointExtension>
        </extensions>
      </trkpt>
      <trkpt lat="26.081108958540003" lon="119.29319111350068">
        <ele>9.7</ele>
        <time>2025-06-08T05:56:43Z</time>
        <extensions>
          <gpxtpx:TrackPointExtension>
            <gpxtpx:hr>94</gpxtpx:hr>
          </gpxtpx:TrackPointExtension>
        </extensions>
      </trkpt>
      <trkpt lat="26.08110973106399" lon="119.29320064173838">
        <ele>9.7</ele>
        <time>2025-06-08T05:56:44Z</time>
        <extensions>
          <gpxtpx:TrackPointExtension>
            <gpxtpx:hr>94</gpxtpx:hr>
          </gpxtpx:TrackPointExtension>
        </extensions>
      </trkpt>
      <trkpt lat="26.081110469364845" lon="119.29320900793796">
        <ele>9.7</ele>
        <time>2025-06-08T05:56:45Z</time>
        <extensions>
          <gpxtpx:TrackPointExtension>
            <gpxtpx:hr>94</gpxtpx:hr>
          </gpxtpx:TrackPointExtension>
        </extensions>
      </trkpt>
      <trkpt lat="26.081110959857522" lon="119.29322080351231">
        <ele>9.7</ele>
        <time>2025-06-08T05:56:46Z</time>
        <extensions>
          <gpxtpx:TrackPointExtension>
            <gpxtpx:hr>94</gpxtpx:hr>
          </gpxtpx:TrackPointExtension>
        </extensions>
      </trkpt>
      <trkpt lat="26.081111097268405" lon="119.29323080895087">
        <ele>9.7</ele>
        <time>2025-06-08T05:56:47Z</time>
        <extensions>
          <gpxtpx:TrackPointExtension>
            <gpxtpx:hr>94</gpxtpx:hr>
          </gpxtpx:TrackPointExtension>
        </extensions>
      </trkpt>
      <trkpt lat="26.081111124564455" lon="119.29324379399202">
        <ele>9.7</ele>
        <time>2025-06-08T05:56:48Z</time>
        <extensions>
          <gpxtpx:TrackPointExtension>
            <gpxtpx:hr>94</gpxtpx:hr>
          </gpxtpx:TrackPointExtension>
        </extensions>
      </trkpt>
      <trkpt lat="26.08111125194817" lon="119.2932536405438">
        <ele>9.7</ele>
        <time>2025-06-08T05:56:49Z</time>
        <extensions>
          <gpxtpx:TrackPointExtension>
            <gpxtpx:hr>94</gpxtpx:hr>
          </gpxtpx:TrackPointExtension>
        </extensions>
      </trkpt>
      <trkpt lat="26.081111627262665" lon="119.29326577302164">
        <ele>9.7</ele>
        <time>2025-06-08T05:56:50Z</time>
        <extensions>
          <gpxtpx:TrackPointExtension>
            <gpxtpx:hr>94</gpxtpx:hr>
          </gpxtpx:TrackPointExtension>
        </extensions>
      </trkpt>
      <trkpt lat="26.081112509221608" lon="119.2932771401127">
        <ele>9.7</ele>
        <time>2025-06-08T05:56:51Z</time>
        <extensions>
          <gpxtpx:TrackPointExtension>
            <gpxtpx:hr>96</gpxtpx:hr>
          </gpxtpx:TrackPointExtension>
        </extensions>
      </trkpt>
      <trkpt lat="26.08111398947586" lon="119.29329094540066">
        <ele>9.7</ele>
        <time>2025-06-08T05:56:52Z</time>
        <extensions>
          <gpxtpx:TrackPointExtension>
            <gpxtpx:hr>96</gpxtpx:hr>
          </gpxtpx:TrackPointExtension>
        </extensions>
      </trkpt>
      <trkpt lat="26.08111607698688" lon="119.29330486701691">
        <ele>9.7</ele>
        <time>2025-06-08T05:56:53Z</time>
        <extensions>
          <gpxtpx:TrackPointExtension>
            <gpxtpx:hr>96</gpxtpx:hr>
          </gpxtpx:TrackPointExtension>
        </extensions>
      </trkpt>
      <trkpt lat="26.08111841263519" lon="119.29331799656721">
        <ele>9.7</ele>
        <time>2025-06-08T05:56:54Z</time>
        <extensions>
          <gpxtpx:TrackPointExtension>
            <gpxtpx:hr>96</gpxtpx:hr>
          </gpxtpx:TrackPointExtension>
        </extensions>
      </trkpt>
      <trkpt lat="26.081121246403914" lon="119.29333072721903">
        <ele>9.7</ele>
        <time>2025-06-08T05:56:55Z</time>
        <extensions>
          <gpxtpx:TrackPointExtension>
            <gpxtpx:hr>96</gpxtpx:hr>
          </gpxtpx:TrackPointExtension>
        </extensions>
      </trkpt>
      <trkpt lat="26.081123963012395" lon="119.29334140235596">
        <ele>9.7</ele>
        <time>2025-06-08T05:56:56Z</time>
        <extensions>
          <gpxtpx:TrackPointExtension>
            <gpxtpx:hr>97</gpxtpx:hr>
          </gpxtpx:TrackPointExtension>
        </extensions>
      </trkpt>
      <trkpt lat="26.08112737577089" lon="119.29335334184451">
        <ele>9.7</ele>
        <time>2025-06-08T05:56:57Z</time>
        <extensions>
          <gpxtpx:TrackPointExtension>
            <gpxtpx:hr>97</gpxtpx:hr>
          </gpxtpx:TrackPointExtension>
        </extensions>
      </trkpt>
      <trkpt lat="26.081130665902464" lon="119.29336437357593">
        <ele>9.7</ele>
        <time>2025-06-08T05:56:58Z</time>
        <extensions>
          <gpxtpx:TrackPointExtension>
            <gpxtpx:hr>97</gpxtpx:hr>
          </gpxtpx:TrackPointExtension>
        </extensions>
      </trkpt>
      <trkpt lat="26.081134219336985" lon="119.29337705804461">
        <ele>9.7</ele>
        <time>2025-06-08T05:56:59Z</time>
        <extensions>
          <gpxtpx:TrackPointExtension>
            <gpxtpx:hr>97</gpxtpx:hr>
          </gpxtpx:TrackPointExtension>
        </extensions>
      </trkpt>
      <trkpt lat="26.08113741686347" lon="119.29338909151545">
        <ele>9.7</ele>
        <time>2025-06-08T05:57:00Z</time>
        <extensions>
          <gpxtpx:TrackPointExtension>
            <gpxtpx:hr>97</gpxtpx:hr>
          </gpxtpx:TrackPointExtension>
        </extensions>
      </trkpt>
      <trkpt lat="26.081140566693378" lon="119.29340108422507">
        <ele>9.7</ele>
        <time>2025-06-08T05:57:01Z</time>
        <extensions>
          <gpxtpx:TrackPointExtension>
            <gpxtpx:hr>98</gpxtpx:hr>
          </gpxtpx:TrackPointExtension>
        </extensions>
      </trkpt>
      <trkpt lat="26.081143842276834" lon="119.29341283662619">
        <ele>9.7</ele>
        <time>2025-06-08T05:57:02Z</time>
        <extensions>
          <gpxtpx:TrackPointExtension>
            <gpxtpx:hr>98</gpxtpx:hr>
          </gpxtpx:TrackPointExtension>
        </extensions>
      </trkpt>
      <trkpt lat="26.0811472595554" lon="119.29342453101545">
        <ele>9.7</ele>
        <time>2025-06-08T05:57:03Z</time>
        <extensions>
          <gpxtpx:TrackPointExtension>
            <gpxtpx:hr>98</gpxtpx:hr>
          </gpxtpx:TrackPointExtension>
        </extensions>
      </trkpt>
      <trkpt lat="26.081150258202314" lon="119.29343494106445">
        <ele>9.7</ele>
        <time>2025-06-08T05:57:04Z</time>
        <extensions>
          <gpxtpx:TrackPointExtension>
            <gpxtpx:hr>98</gpxtpx:hr>
          </gpxtpx:TrackPointExtension>
        </extensions>
      </trkpt>
      <trkpt lat="26.08115342518114" lon="119.2934455985791">
        <ele>9.7</ele>
        <time>2025-06-08T05:57:05Z</time>
        <extensions>
          <gpxtpx:TrackPointExtension>
            <gpxtpx:hr>98</gpxtpx:hr>
          </gpxtpx:TrackPointExtension>
        </extensions>
      </trkpt>
      <trkpt lat="26.08115647767709" lon="119.29345649888451">
        <ele>9.7</ele>
        <time>2025-06-08T05:57:06Z</time>
        <extensions>
          <gpxtpx:TrackPointExtension>
            <gpxtpx:hr>99</gpxtpx:hr>
          </gpxtpx:TrackPointExtension>
        </extensions>
      </trkpt>
      <trkpt lat="26.08115953210143" lon="119.29346758312911">
        <ele>9.7</ele>
        <time>2025-06-08T05:57:07Z</time>
        <extensions>
          <gpxtpx:TrackPointExtension>
            <gpxtpx:hr>99</gpxtpx:hr>
          </gpxtpx:TrackPointExtension>
        </extensions>
      </trkpt>
      <trkpt lat="26.081162595981382" lon="119.29347792222619">
        <ele>9.7</ele>
        <time>2025-06-08T05:57:08Z</time>
        <extensions>
          <gpxtpx:TrackPointExtension>
            <gpxtpx:hr>99</gpxtpx:hr>
          </gpxtpx:TrackPointExtension>
        </extensions>
      </trkpt>
      <trkpt lat="26.08116568500049" lon="119.29348805083485">
        <ele>9.7</ele>
        <time>2025-06-08T05:57:09Z</time>
        <extensions>
          <gpxtpx:TrackPointExtension>
            <gpxtpx:hr>99</gpxtpx:hr>
          </gpxtpx:TrackPointExtension>
        </extensions>
      </trkpt>
      <trkpt lat="26.081169455329995" lon="119.29349972577957">
        <ele>9.7</ele>
        <time>2025-06-08T05:57:10Z</time>
        <extensions>
          <gpxtpx:TrackPointExtension>
            <gpxtpx:hr>99</gpxtpx:hr>
          </gpxtpx:TrackPointExtension>
        </extensions>
      </trkpt>
      <trkpt lat="26.081172692394787" lon="119.29351007031552">
        <ele>9.7</ele>
        <time>2025-06-08T05:57:11Z</time>
        <extensions>
          <gpxtpx:TrackPointExtension>
            <gpxtpx:hr>96</gpxtpx:hr>
          </gpxtpx:TrackPointExtension>
        </extensions>
      </trkpt>
      <trkpt lat="26.081176122917075" lon="119.29352004099395">
        <ele>9.7</ele>
        <time>2025-06-08T05:57:12Z</time>
        <extensions>
          <gpxtpx:TrackPointExtension>
            <gpxtpx:hr>96</gpxtpx:hr>
          </gpxtpx:TrackPointExtension>
        </extensions>
      </trkpt>
      <trkpt lat="26.08117953202415" lon="119.29353013392769">
        <ele>9.7</ele>
        <time>2025-06-08T05:57:13Z</time>
        <extensions>
          <gpxtpx:TrackPointExtension>
            <gpxtpx:hr>96</gpxtpx:hr>
          </gpxtpx:TrackPointExtension>
        </extensions>
      </trkpt>
      <trkpt lat="26.081182666304567" lon="119.29354032139288">
        <ele>9.7</ele>
        <time>2025-06-08T05:57:14Z</time>
        <extensions>
          <gpxtpx:TrackPointExtension>
            <gpxtpx:hr>96</gpxtpx:hr>
          </gpxtpx:TrackPointExtension>
        </extensions>
      </trkpt>
      <trkpt lat="26.081185238033477" lon="119.29355076302018">
        <ele>9.7</ele>
        <time>2025-06-08T05:57:15Z</time>
        <extensions>
          <gpxtpx:TrackPointExtension>
            <gpxtpx:hr>96</gpxtpx:hr>
          </gpxtpx:TrackPointExtension>
        </extensions>
      </trkpt>
      <trkpt lat="26.08118730106126" lon="119.29356052779643">
        <ele>9.7</ele>
        <time>2025-06-08T05:57:16Z</time>
        <extensions>
          <gpxtpx:TrackPointExtension>
            <gpxtpx:hr>96</gpxtpx:hr>
          </gpxtpx:TrackPointExtension>
        </extensions>
      </trkpt>
      <trkpt lat="26.081189127220945" lon="119.29356988632365">
        <ele>9.7</ele>
        <time>2025-06-08T05:57:17Z</time>
        <extensions>
          <gpxtpx:TrackPointExtension>
            <gpxtpx:hr>96</gpxtpx:hr>
          </gpxtpx:TrackPointExtension>
        </extensions>
      </trkpt>
      <trkpt lat="26.08119143831571" lon="119.2935813126546">
        <ele>9.7</ele>
        <time>2025-06-08T05:57:18Z</time>
        <extensions>
          <gpxtpx:TrackPointExtension>
            <gpxtpx:hr>96</gpxtpx:hr>
          </gpxtpx:TrackPointExtension>
        </extensions>
      </trkpt>
      <trkpt lat="26.081193345008202" lon="119.2935910157507">
        <ele>9.7</ele>
        <time>2025-06-08T05:57:19Z</time>
        <extensions>
          <gpxtpx:TrackPointExtension>
            <gpxtpx:hr>96</gpxtpx:hr>
          </gpxtpx:TrackPointExtension>
        </extensions>
      </trkpt>
      <trkpt lat="26.081195676637538" lon="119.2936030632412">
        <ele>9.7</ele>
        <time>2025-06-08T05:57:20Z</time>
        <extensions>
          <gpxtpx:TrackPointExtension>
            <gpxtpx:hr>96</gpxtpx:hr>
          </gpxtpx:TrackPointExtension>
        </extensions>
      </trkpt>
      <trkpt lat="26.0811977565833" lon="119.29361601724393">
        <ele>9.7</ele>
        <time>2025-06-08T05:57:21Z</time>
        <extensions>
          <gpxtpx:TrackPointExtension>
            <gpxtpx:hr>98</gpxtpx:hr>
          </gpxtpx:TrackPointExtension>
        </extensions>
      </trkpt>
      <trkpt lat="26.081199751248068" lon="119.29362919505395">
        <ele>9.7</ele>
        <time>2025-06-08T05:57:22Z</time>
        <extensions>
          <gpxtpx:TrackPointExtension>
            <gpxtpx:hr>98</gpxtpx:hr>
          </gpxtpx:TrackPointExtension>
        </extensions>
      </trkpt>
      <trkpt lat="26.081201694905502" lon="119.29364240276277">
        <ele>9.7</ele>
        <time>2025-06-08T05:57:23Z</time>
        <extensions>
          <gpxtpx:TrackPointExtension>
            <gpxtpx:hr>98</gpxtpx:hr>
          </gpxtpx:TrackPointExtension>
        </extensions>
      </trkpt>
      <trkpt lat="26.081203102544055" lon="119.29365293529175">
        <ele>9.7</ele>
        <time>2025-06-08T05:57:24Z</time>
        <extensions>
          <gpxtpx:TrackPointExtension>
            <gpxtpx:hr>98</gpxtpx:hr>
          </gpxtpx:TrackPointExtension>
        </extensions>
      </trkpt>
      <trkpt lat="26.08120487862217" lon="119.29366542518316">
        <ele>9.7</ele>
        <time>2025-06-08T05:57:25Z</time>
        <extensions>
          <gpxtpx:TrackPointExtension>
            <gpxtpx:hr>98</gpxtpx:hr>
          </gpxtpx:TrackPointExtension>
        </extensions>
      </trkpt>
      <trkpt lat="26.081206689032076" lon="119.29367793607108">
        <ele>9.7</ele>
        <time>2025-06-08T05:57:26Z</time>
        <extensions>
          <gpxtpx:TrackPointExtension>
            <gpxtpx:hr>93</gpxtpx:hr>
          </gpxtpx:TrackPointExtension>
        </extensions>
      </trkpt>
      <trkpt lat="26.08120821635646" lon="119.29368884704022">
        <ele>9.7</ele>
        <time>2025-06-08T05:57:27Z</time>
        <extensions>
          <gpxtpx:TrackPointExtension>
            <gpxtpx:hr>93</gpxtpx:hr>
          </gpxtpx:TrackPointExtension>
        </extensions>
      </trkpt>
      <trkpt lat="26.081209502486637" lon="119.29369965397548">
        <ele>9.7</ele>
        <time>2025-06-08T05:57:28Z</time>
        <extensions>
          <gpxtpx:TrackPointExtension>
            <gpxtpx:hr>93</gpxtpx:hr>
          </gpxtpx:TrackPointExtension>
        </extensions>
      </trkpt>
      <trkpt lat="26.08121075798478" lon="119.29371060248444">
        <ele>9.7</ele>
        <time>2025-06-08T05:57:29Z</time>
        <extensions>
          <gpxtpx:TrackPointExtension>
            <gpxtpx:hr>93</gpxtpx:hr>
          </gpxtpx:TrackPointExtension>
        </extensions>
      </trkpt>
      <trkpt lat="26.081212107184438" lon="119.29372150624538">
        <ele>9.7</ele>
        <time>2025-06-08T05:57:30Z</time>
        <extensions>
          <gpxtpx:TrackPointExtension>
            <gpxtpx:hr>93</gpxtpx:hr>
          </gpxtpx:TrackPointExtension>
        </extensions>
      </trkpt>
      <trkpt lat="26.0812137382524" lon="119.2937343811138">
        <ele>9.7</ele>
        <time>2025-06-08T05:57:31Z</time>
        <extensions>
          <gpxtpx:TrackPointExtension>
            <gpxtpx:hr>96</gpxtpx:hr>
          </gpxtpx:TrackPointExtension>
        </extensions>
      </trkpt>
      <trkpt lat="26.081215100470768" lon="119.29374489978375">
        <ele>9.7</ele>
        <time>2025-06-08T05:57:32Z</time>
        <extensions>
          <gpxtpx:TrackPointExtension>
            <gpxtpx:hr>96</gpxtpx:hr>
          </gpxtpx:TrackPointExtension>
        </extensions>
      </trkpt>
      <trkpt lat="26.081217101848903" lon="119.29375924389504">
        <ele>9.7</ele>
        <time>2025-06-08T05:57:33Z</time>
        <extensions>
          <gpxtpx:TrackPointExtension>
            <gpxtpx:hr>96</gpxtpx:hr>
          </gpxtpx:TrackPointExtension>
        </extensions>
      </trkpt>
      <trkpt lat="26.081218996885873" lon="119.29377219852348">
        <ele>9.7</ele>
        <time>2025-06-08T05:57:34Z</time>
        <extensions>
          <gpxtpx:TrackPointExtension>
            <gpxtpx:hr>96</gpxtpx:hr>
          </gpxtpx:TrackPointExtension>
        </extensions>
      </trkpt>
      <trkpt lat="26.081221033111156" lon="119.29378760311202">
        <ele>9.7</ele>
        <time>2025-06-08T05:57:35Z</time>
        <extensions>
          <gpxtpx:TrackPointExtension>
            <gpxtpx:hr>96</gpxtpx:hr>
          </gpxtpx:TrackPointExtension>
        </extensions>
      </trkpt>
      <trkpt lat="26.081222586299543" lon="119.29380039320861">
        <ele>9.7</ele>
        <time>2025-06-08T05:57:36Z</time>
        <extensions>
          <gpxtpx:TrackPointExtension>
            <gpxtpx:hr>96</gpxtpx:hr>
          </gpxtpx:TrackPointExtension>
        </extensions>
      </trkpt>
      <trkpt lat="26.08122464880483" lon="119.29381512798273">
        <ele>9.7</ele>
        <time>2025-06-08T05:57:37Z</time>
        <extensions>
          <gpxtpx:TrackPointExtension>
            <gpxtpx:hr>96</gpxtpx:hr>
          </gpxtpx:TrackPointExtension>
        </extensions>
      </trkpt>
      <trkpt lat="26.08122670915919" lon="119.29382743537008">
        <ele>9.7</ele>
        <time>2025-06-08T05:57:38Z</time>
        <extensions>
          <gpxtpx:TrackPointExtension>
            <gpxtpx:hr>96</gpxtpx:hr>
          </gpxtpx:TrackPointExtension>
        </extensions>
      </trkpt>
      <trkpt lat="26.08122939818659" lon="119.29384016392717">
        <ele>9.7</ele>
        <time>2025-06-08T05:57:39Z</time>
        <extensions>
          <gpxtpx:TrackPointExtension>
            <gpxtpx:hr>96</gpxtpx:hr>
          </gpxtpx:TrackPointExtension>
        </extensions>
      </trkpt>
      <trkpt lat="26.081231756769" lon="119.29385038695246">
        <ele>9.7</ele>
        <time>2025-06-08T05:57:40Z</time>
        <extensions>
          <gpxtpx:TrackPointExtension>
            <gpxtpx:hr>96</gpxtpx:hr>
          </gpxtpx:TrackPointExtension>
        </extensions>
      </trkpt>
      <trkpt lat="26.081234070721315" lon="119.29386237938685">
        <ele>9.7</ele>
        <time>2025-06-08T05:57:41Z</time>
        <extensions>
          <gpxtpx:TrackPointExtension>
            <gpxtpx:hr>97</gpxtpx:hr>
          </gpxtpx:TrackPointExtension>
        </extensions>
      </trkpt>
      <trkpt lat="26.08123548956445" lon="119.29387447804807">
        <ele>9.7</ele>
        <time>2025-06-08T05:57:42Z</time>
        <extensions>
          <gpxtpx:TrackPointExtension>
            <gpxtpx:hr>97</gpxtpx:hr>
          </gpxtpx:TrackPointExtension>
        </extensions>
      </trkpt>
      <trkpt lat="26.08123613896028" lon="119.29388670076467">
        <ele>9.7</ele>
        <time>2025-06-08T05:57:43Z</time>
        <extensions>
          <gpxtpx:TrackPointExtension>
            <gpxtpx:hr>97</gpxtpx:hr>
          </gpxtpx:TrackPointExtension>
        </extensions>
      </trkpt>
      <trkpt lat="26.081236544475832" lon="119.29389776458005">
        <ele>9.7</ele>
        <time>2025-06-08T05:57:44Z</time>
        <extensions>
          <gpxtpx:TrackPointExtension>
            <gpxtpx:hr>97</gpxtpx:hr>
          </gpxtpx:TrackPointExtension>
        </extensions>
      </trkpt>
      <trkpt lat="26.081237043810468" lon="119.2939078809669">
        <ele>9.7</ele>
        <time>2025-06-08T05:57:45Z</time>
        <extensions>
          <gpxtpx:TrackPointExtension>
            <gpxtpx:hr>97</gpxtpx:hr>
          </gpxtpx:TrackPointExtension>
        </extensions>
      </trkpt>
      <trkpt lat="26.081237909224956" lon="119.29391735362027">
        <ele>9.7</ele>
        <time>2025-06-08T05:57:46Z</time>
        <extensions>
          <gpxtpx:TrackPointExtension>
            <gpxtpx:hr>96</gpxtpx:hr>
          </gpxtpx:TrackPointExtension>
        </extensions>
      </trkpt>
      <trkpt lat="26.081239062851186" lon="119.29392869584558">
        <ele>9.7</ele>
        <time>2025-06-08T05:57:47Z</time>
        <extensions>
          <gpxtpx:TrackPointExtension>
            <gpxtpx:hr>96</gpxtpx:hr>
          </gpxtpx:TrackPointExtension>
        </extensions>
      </trkpt>
      <trkpt lat="26.081240681659086" lon="119.29394143152095">
        <ele>9.7</ele>
        <time>2025-06-08T05:57:48Z</time>
        <extensions>
          <gpxtpx:TrackPointExtension>
            <gpxtpx:hr>96</gpxtpx:hr>
          </gpxtpx:TrackPointExtension>
        </extensions>
      </trkpt>
      <trkpt lat="26.081242521198234" lon="119.29395378367535">
        <ele>9.7</ele>
        <time>2025-06-08T05:57:49Z</time>
        <extensions>
          <gpxtpx:TrackPointExtension>
            <gpxtpx:hr>96</gpxtpx:hr>
          </gpxtpx:TrackPointExtension>
        </extensions>
      </trkpt>
      <trkpt lat="26.08124421526712" lon="119.2939659719416">
        <ele>9.7</ele>
        <time>2025-06-08T05:57:50Z</time>
        <extensions>
          <gpxtpx:TrackPointExtension>
            <gpxtpx:hr>96</gpxtpx:hr>
          </gpxtpx:TrackPointExtension>
        </extensions>
      </trkpt>
      <trkpt lat="26.0812452947434" lon="119.29397799789858">
        <ele>9.7</ele>
        <time>2025-06-08T05:57:51Z</time>
        <extensions>
          <gpxtpx:TrackPointExtension>
            <gpxtpx:hr>96</gpxtpx:hr>
          </gpxtpx:TrackPointExtension>
        </extensions>
      </trkpt>
      <trkpt lat="26.08124578837849" lon="119.29398973854344">
        <ele>9.7</ele>
        <time>2025-06-08T05:57:52Z</time>
        <extensions>
          <gpxtpx:TrackPointExtension>
            <gpxtpx:hr>96</gpxtpx:hr>
          </gpxtpx:TrackPointExtension>
        </extensions>
      </trkpt>
      <trkpt lat="26.0812458921208" lon="119.294000750048">
        <ele>9.7</ele>
        <time>2025-06-08T05:57:53Z</time>
        <extensions>
          <gpxtpx:TrackPointExtension>
            <gpxtpx:hr>96</gpxtpx:hr>
          </gpxtpx:TrackPointExtension>
        </extensions>
      </trkpt>
      <trkpt lat="26.081244900125547" lon="119.29401353620949">
        <ele>9.7</ele>
        <time>2025-06-08T05:57:54Z</time>
        <extensions>
          <gpxtpx:TrackPointExtension>
            <gpxtpx:hr>96</gpxtpx:hr>
          </gpxtpx:TrackPointExtension>
        </extensions>
      </trkpt>
      <trkpt lat="26.081243462693962" lon="119.29402603957413">
        <ele>9.7</ele>
        <time>2025-06-08T05:57:55Z</time>
        <extensions>
          <gpxtpx:TrackPointExtension>
            <gpxtpx:hr>96</gpxtpx:hr>
          </gpxtpx:TrackPointExtension>
        </extensions>
      </trkpt>
      <trkpt lat="26.081240800356454" lon="119.29403942330536">
        <ele>9.7</ele>
        <time>2025-06-08T05:57:56Z</time>
        <extensions>
          <gpxtpx:TrackPointExtension>
            <gpxtpx:hr>96</gpxtpx:hr>
          </gpxtpx:TrackPointExtension>
        </extensions>
      </trkpt>
      <trkpt lat="26.081238549486258" lon="119.29404874540818">
        <ele>9.7</ele>
        <time>2025-06-08T05:57:57Z</time>
        <extensions>
          <gpxtpx:TrackPointExtension>
            <gpxtpx:hr>96</gpxtpx:hr>
          </gpxtpx:TrackPointExtension>
        </extensions>
      </trkpt>
      <trkpt lat="26.081235989545657" lon="119.2940584546798">
        <ele>9.7</ele>
        <time>2025-06-08T05:57:58Z</time>
        <extensions>
          <gpxtpx:TrackPointExtension>
            <gpxtpx:hr>96</gpxtpx:hr>
          </gpxtpx:TrackPointExtension>
        </extensions>
      </trkpt>
      <trkpt lat="26.081234440424062" lon="119.2940649313383">
        <ele>9.7</ele>
        <time>2025-06-08T05:57:59Z</time>
        <extensions>
          <gpxtpx:TrackPointExtension>
            <gpxtpx:hr>96</gpxtpx:hr>
          </gpxtpx:TrackPointExtension>
        </extensions>
      </trkpt>
      <trkpt lat="26.08123385513968" lon="119.29407006989834">
        <ele>9.7</ele>
        <time>2025-06-08T05:58:00Z</time>
        <extensions>
          <gpxtpx:TrackPointExtension>
            <gpxtpx:hr>96</gpxtpx:hr>
          </gpxtpx:TrackPointExtension>
        </extensions>
      </trkpt>
      <trkpt lat="26.081233893062308" lon="119.2940739974023">
        <ele>9.7</ele>
        <time>2025-06-08T05:58:01Z</time>
        <extensions>
          <gpxtpx:TrackPointExtension>
            <gpxtpx:hr>94</gpxtpx:hr>
          </gpxtpx:TrackPointExtension>
        </extensions>
      </trkpt>
      <trkpt lat="26.081233508441535" lon="119.29407894721389">
        <ele>9.7</ele>
        <time>2025-06-08T05:58:02Z</time>
        <extensions>
          <gpxtpx:TrackPointExtension>
            <gpxtpx:hr>94</gpxtpx:hr>
          </gpxtpx:TrackPointExtension>
        </extensions>
      </trkpt>
      <trkpt lat="26.08123139777205" lon="119.29408487136743">
        <ele>9.7</ele>
        <time>2025-06-08T05:58:03Z</time>
        <extensions>
          <gpxtpx:TrackPointExtension>
            <gpxtpx:hr>94</gpxtpx:hr>
          </gpxtpx:TrackPointExtension>
        </extensions>
      </trkpt>
      <trkpt lat="26.081226961883655" lon="119.29409089027796">
        <ele>9.7</ele>
        <time>2025-06-08T05:58:04Z</time>
        <extensions>
          <gpxtpx:TrackPointExtension>
            <gpxtpx:hr>94</gpxtpx:hr>
          </gpxtpx:TrackPointExtension>
        </extensions>
      </trkpt>
      <trkpt lat="26.081221253635118" lon="119.29409552877858">
        <ele>9.7</ele>
        <time>2025-06-08T05:58:05Z</time>
        <extensions>
          <gpxtpx:TrackPointExtension>
            <gpxtpx:hr>94</gpxtpx:hr>
          </gpxtpx:TrackPointExtension>
        </extensions>
      </trkpt>
      <trkpt lat="26.081213676993066" lon="119.29409954540634">
        <ele>9.7</ele>
        <time>2025-06-08T05:58:06Z</time>
        <extensions>
          <gpxtpx:TrackPointExtension>
            <gpxtpx:hr>97</gpxtpx:hr>
          </gpxtpx:TrackPointExtension>
        </extensions>
      </trkpt>
      <trkpt lat="26.081206202013902" lon="119.29410262202545">
        <ele>9.7</ele>
        <time>2025-06-08T05:58:07Z</time>
        <extensions>
          <gpxtpx:TrackPointExtension>
            <gpxtpx:hr>97</gpxtpx:hr>
          </gpxtpx:TrackPointExtension>
        </extensions>
      </trkpt>
      <trkpt lat="26.081197329344285" lon="119.29410590743217">
        <ele>9.7</ele>
        <time>2025-06-08T05:58:08Z</time>
        <extensions>
          <gpxtpx:TrackPointExtension>
            <gpxtpx:hr>97</gpxtpx:hr>
          </gpxtpx:TrackPointExtension>
        </extensions>
      </trkpt>
      <trkpt lat="26.081188156857927" lon="119.29410932143186">
        <ele>9.7</ele>
        <time>2025-06-08T05:58:09Z</time>
        <extensions>
          <gpxtpx:TrackPointExtension>
            <gpxtpx:hr>97</gpxtpx:hr>
          </gpxtpx:TrackPointExtension>
        </extensions>
      </trkpt>
      <trkpt lat="26.081177181083117" lon="119.29411365239763">
        <ele>9.7</ele>
        <time>2025-06-08T05:58:10Z</time>
        <extensions>
          <gpxtpx:TrackPointExtension>
            <gpxtpx:hr>97</gpxtpx:hr>
          </gpxtpx:TrackPointExtension>
        </extensions>
      </trkpt>
      <trkpt lat="26.081165203306337" lon="119.2941187945374">
        <ele>9.7</ele>
        <time>2025-06-08T05:58:11Z</time>
        <extensions>
          <gpxtpx:TrackPointExtension>
            <gpxtpx:hr>97</gpxtpx:hr>
          </gpxtpx:TrackPointExtension>
        </extensions>
      </trkpt>
      <trkpt lat="26.081153821024653" lon="119.2941241752519">
        <ele>9.7</ele>
        <time>2025-06-08T05:58:12Z</time>
        <extensions>
          <gpxtpx:TrackPointExtension>
            <gpxtpx:hr>97</gpxtpx:hr>
          </gpxtpx:TrackPointExtension>
        </extensions>
      </trkpt>
      <trkpt lat="26.081142142530265" lon="119.29412974516764">
        <ele>9.7</ele>
        <time>2025-06-08T05:58:13Z</time>
        <extensions>
          <gpxtpx:TrackPointExtension>
            <gpxtpx:hr>97</gpxtpx:hr>
          </gpxtpx:TrackPointExtension>
        </extensions>
      </trkpt>
      <trkpt lat="26.08113200177462" lon="119.29413453380948">
        <ele>9.7</ele>
        <time>2025-06-08T05:58:14Z</time>
        <extensions>
          <gpxtpx:TrackPointExtension>
            <gpxtpx:hr>97</gpxtpx:hr>
          </gpxtpx:TrackPointExtension>
        </extensions>
      </trkpt>
      <trkpt lat="26.0811213240132" lon="119.29413884187656">
        <ele>9.7</ele>
        <time>2025-06-08T05:58:15Z</time>
        <extensions>
          <gpxtpx:TrackPointExtension>
            <gpxtpx:hr>97</gpxtpx:hr>
          </gpxtpx:TrackPointExtension>
        </extensions>
      </trkpt>
      <trkpt lat="26.081111579822156" lon="119.29414237810062">
        <ele>10.0</ele>
        <time>2025-06-08T05:58:16Z</time>
        <extensions>
          <gpxtpx:TrackPointExtension>
            <gpxtpx:hr>97</gpxtpx:hr>
          </gpxtpx:TrackPointExtension>
        </extensions>
      </trkpt>
      <trkpt lat="26.081101067297958" lon="119.29414633851431">
        <ele>10.0</ele>
        <time>2025-06-08T05:58:17Z</time>
        <extensions>
          <gpxtpx:TrackPointExtension>
            <gpxtpx:hr>97</gpxtpx:hr>
          </gpxtpx:TrackPointExtension>
        </extensions>
      </trkpt>
      <trkpt lat="26.081091592577646" lon="119.2941505851462">
        <ele>10.0</ele>
        <time>2025-06-08T05:58:18Z</time>
        <extensions>
          <gpxtpx:TrackPointExtension>
            <gpxtpx:hr>97</gpxtpx:hr>
          </gpxtpx:TrackPointExtension>
        </extensions>
      </trkpt>
      <trkpt lat="26.081082977408656" lon="119.29415601883895">
        <ele>10.0</ele>
        <time>2025-06-08T05:58:19Z</time>
        <extensions>
          <gpxtpx:TrackPointExtension>
            <gpxtpx:hr>97</gpxtpx:hr>
          </gpxtpx:TrackPointExtension>
        </extensions>
      </trkpt>
      <trkpt lat="26.081075873664297" lon="119.29416189165858">
        <ele>10.0</ele>
        <time>2025-06-08T05:58:20Z</time>
        <extensions>
          <gpxtpx:TrackPointExtension>
            <gpxtpx:hr>97</gpxtpx:hr>
          </gpxtpx:TrackPointExtension>
        </extensions>
      </trkpt>
      <trkpt lat="26.081068343868374" lon="119.29416952402728">
        <ele>10.0</ele>
        <time>2025-06-08T05:58:21Z</time>
        <extensions>
          <gpxtpx:TrackPointExtension>
            <gpxtpx:hr>96</gpxtpx:hr>
          </gpxtpx:TrackPointExtension>
        </extensions>
      </trkpt>
      <trkpt lat="26.081061210912562" lon="119.29417799486417">
        <ele>10.0</ele>
        <time>2025-06-08T05:58:22Z</time>
        <extensions>
          <gpxtpx:TrackPointExtension>
            <gpxtpx:hr>96</gpxtpx:hr>
          </gpxtpx:TrackPointExtension>
        </extensions>
      </trkpt>
      <trkpt lat="26.081054738770806" lon="119.2941861077915">
        <ele>10.0</ele>
        <time>2025-06-08T05:58:23Z</time>
        <extensions>
          <gpxtpx:TrackPointExtension>
            <gpxtpx:hr>96</gpxtpx:hr>
          </gpxtpx:TrackPointExtension>
        </extensions>
      </trkpt>
      <trkpt lat="26.081049269913635" lon="119.29419387825793">
        <ele>10.0</ele>
        <time>2025-06-08T05:58:24Z</time>
        <extensions>
          <gpxtpx:TrackPointExtension>
            <gpxtpx:hr>96</gpxtpx:hr>
          </gpxtpx:TrackPointExtension>
        </extensions>
      </trkpt>
      <trkpt lat="26.081044877180698" lon="119.29419933854858">
        <ele>10.0</ele>
        <time>2025-06-08T05:58:25Z</time>
        <extensions>
          <gpxtpx:TrackPointExtension>
            <gpxtpx:hr>96</gpxtpx:hr>
          </gpxtpx:TrackPointExtension>
        </extensions>
      </trkpt>
      <trkpt lat="26.08104028999652" lon="119.29420437598664">
        <ele>10.0</ele>
        <time>2025-06-08T05:58:26Z</time>
        <extensions>
          <gpxtpx:TrackPointExtension>
            <gpxtpx:hr>95</gpxtpx:hr>
          </gpxtpx:TrackPointExtension>
        </extensions>
      </trkpt>
      <trkpt lat="26.08103577469109" lon="119.2942073224633">
        <ele>10.0</ele>
        <time>2025-06-08T05:58:27Z</time>
        <extensions>
          <gpxtpx:TrackPointExtension>
            <gpxtpx:hr>95</gpxtpx:hr>
          </gpxtpx:TrackPointExtension>
        </extensions>
      </trkpt>
      <trkpt lat="26.081030623063878" lon="119.29421006222559">
        <ele>10.0</ele>
        <time>2025-06-08T05:58:28Z</time>
        <extensions>
          <gpxtpx:TrackPointExtension>
            <gpxtpx:hr>95</gpxtpx:hr>
          </gpxtpx:TrackPointExtension>
        </extensions>
      </trkpt>
      <trkpt lat="26.081025034883073" lon="119.29421262367975">
        <ele>10.0</ele>
        <time>2025-06-08T05:58:29Z</time>
        <extensions>
          <gpxtpx:TrackPointExtension>
            <gpxtpx:hr>95</gpxtpx:hr>
          </gpxtpx:TrackPointExtension>
        </extensions>
      </trkpt>
      <trkpt lat="26.081020651440106" lon="119.29421335953522">
        <ele>10.0</ele>
        <time>2025-06-08T05:58:30Z</time>
        <extensions>
          <gpxtpx:TrackPointExtension>
            <gpxtpx:hr>95</gpxtpx:hr>
          </gpxtpx:TrackPointExtension>
        </extensions>
      </trkpt>
      <trkpt lat="26.0810160377547" lon="119.29421594490282">
        <ele>10.0</ele>
        <time>2025-06-08T05:58:31Z</time>
        <extensions>
          <gpxtpx:TrackPointExtension>
            <gpxtpx:hr>96</gpxtpx:hr>
          </gpxtpx:TrackPointExtension>
        </extensions>
      </trkpt>
      <trkpt lat="26.081012489963825" lon="119.29421845506424">
        <ele>10.0</ele>
        <time>2025-06-08T05:58:32Z</time>
        <extensions>
          <gpxtpx:TrackPointExtension>
            <gpxtpx:hr>96</gpxtpx:hr>
          </gpxtpx:TrackPointExtension>
        </extensions>
      </trkpt>
      <trkpt lat="26.081008896520174" lon="119.29422232042775">
        <ele>10.0</ele>
        <time>2025-06-08T05:58:33Z</time>
        <extensions>
          <gpxtpx:TrackPointExtension>
            <gpxtpx:hr>96</gpxtpx:hr>
          </gpxtpx:TrackPointExtension>
        </extensions>
      </trkpt>
      <trkpt lat="26.081007857906307" lon="119.29422576894926">
        <ele>10.0</ele>
        <time>2025-06-08T05:58:34Z</time>
        <extensions>
          <gpxtpx:TrackPointExtension>
            <gpxtpx:hr>96</gpxtpx:hr>
          </gpxtpx:TrackPointExtension>
        </extensions>
      </trkpt>
      <trkpt lat="26.081008894180798" lon="119.2942300443095">
        <ele>10.0</ele>
        <time>2025-06-08T05:58:35Z</time>
        <extensions>
          <gpxtpx:TrackPointExtension>
            <gpxtpx:hr>96</gpxtpx:hr>
          </gpxtpx:TrackPointExtension>
        </extensions>
      </trkpt>
      <trkpt lat="26.081011618848674" lon="119.29423556434767">
        <ele>9.7</ele>
        <time>2025-06-08T05:58:36Z</time>
        <extensions>
          <gpxtpx:TrackPointExtension>
            <gpxtpx:hr>96</gpxtpx:hr>
          </gpxtpx:TrackPointExtension>
        </extensions>
      </trkpt>
      <trkpt lat="26.081012994478815" lon="119.294241166016">
        <ele>9.7</ele>
        <time>2025-06-08T05:58:37Z</time>
        <extensions>
          <gpxtpx:TrackPointExtension>
            <gpxtpx:hr>96</gpxtpx:hr>
          </gpxtpx:TrackPointExtension>
        </extensions>
      </trkpt>
      <trkpt lat="26.081011950948547" lon="119.29424726397413">
        <ele>9.7</ele>
        <time>2025-06-08T05:58:38Z</time>
        <extensions>
          <gpxtpx:TrackPointExtension>
            <gpxtpx:hr>96</gpxtpx:hr>
          </gpxtpx:TrackPointExtension>
        </extensions>
      </trkpt>
      <trkpt lat="26.08100755816284" lon="119.2942541272806">
        <ele>9.7</ele>
        <time>2025-06-08T05:58:39Z</time>
        <extensions>
          <gpxtpx:TrackPointExtension>
            <gpxtpx:hr>96</gpxtpx:hr>
          </gpxtpx:TrackPointExtension>
        </extensions>
      </trkpt>
      <trkpt lat="26.081001224097292" lon="119.29426075600314">
        <ele>9.7</ele>
        <time>2025-06-08T05:58:40Z</time>
        <extensions>
          <gpxtpx:TrackPointExtension>
            <gpxtpx:hr>96</gpxtpx:hr>
          </gpxtpx:TrackPointExtension>
        </extensions>
      </trkpt>
      <trkpt lat="26.080993470315892" lon="119.29426671434022">
        <ele>9.7</ele>
        <time>2025-06-08T05:58:41Z</time>
        <extensions>
          <gpxtpx:TrackPointExtension>
            <gpxtpx:hr>96</gpxtpx:hr>
          </gpxtpx:TrackPointExtension>
        </extensions>
      </trkpt>
      <trkpt lat="26.08098574317664" lon="119.29427132727929">
        <ele>9.7</ele>
        <time>2025-06-08T05:58:42Z</time>
        <extensions>
          <gpxtpx:TrackPointExtension>
            <gpxtpx:hr>96</gpxtpx:hr>
          </gpxtpx:TrackPointExtension>
        </extensions>
      </trkpt>
      <trkpt lat="26.080976408452234" lon="119.29427351105414">
        <ele>9.7</ele>
        <time>2025-06-08T05:58:43Z</time>
        <extensions>
          <gpxtpx:TrackPointExtension>
            <gpxtpx:hr>96</gpxtpx:hr>
          </gpxtpx:TrackPointExtension>
        </extensions>
      </trkpt>
      <trkpt lat="26.080967633881322" lon="119.29427360771325">
        <ele>9.7</ele>
        <time>2025-06-08T05:58:44Z</time>
        <extensions>
          <gpxtpx:TrackPointExtension>
            <gpxtpx:hr>96</gpxtpx:hr>
          </gpxtpx:TrackPointExtension>
        </extensions>
      </trkpt>
      <trkpt lat="26.08095915545945" lon="119.29427220701956">
        <ele>9.7</ele>
        <time>2025-06-08T05:58:45Z</time>
        <extensions>
          <gpxtpx:TrackPointExtension>
            <gpxtpx:hr>96</gpxtpx:hr>
          </gpxtpx:TrackPointExtension>
        </extensions>
      </trkpt>
      <trkpt lat="26.080954239367745" lon="119.2942712615492">
        <ele>9.7</ele>
        <time>2025-06-08T05:58:46Z</time>
        <extensions>
          <gpxtpx:TrackPointExtension>
            <gpxtpx:hr>93</gpxtpx:hr>
          </gpxtpx:TrackPointExtension>
        </extensions>
      </trkpt>
      <trkpt lat="26.080953204854026" lon="119.29427168796782">
        <ele>9.7</ele>
        <time>2025-06-08T05:58:47Z</time>
        <extensions>
          <gpxtpx:TrackPointExtension>
            <gpxtpx:hr>93</gpxtpx:hr>
          </gpxtpx:TrackPointExtension>
        </extensions>
      </trkpt>
      <trkpt lat="26.08096115063909" lon="119.29427691730041">
        <ele>9.7</ele>
        <time>2025-06-08T05:58:48Z</time>
        <extensions>
          <gpxtpx:TrackPointExtension>
            <gpxtpx:hr>93</gpxtpx:hr>
          </gpxtpx:TrackPointExtension>
        </extensions>
      </trkpt>
      <trkpt lat="26.080978228621834" lon="119.29428642550198">
        <ele>9.7</ele>
        <time>2025-06-08T05:58:49Z</time>
        <extensions>
          <gpxtpx:TrackPointExtension>
            <gpxtpx:hr>93</gpxtpx:hr>
          </gpxtpx:TrackPointExtension>
        </extensions>
      </trkpt>
      <trkpt lat="26.08098944363084" lon="119.29429279489477">
        <ele>9.7</ele>
        <time>2025-06-08T05:58:50Z</time>
        <extensions>
          <gpxtpx:TrackPointExtension>
            <gpxtpx:hr>93</gpxtpx:hr>
          </gpxtpx:TrackPointExtension>
        </extensions>
      </trkpt>
      <trkpt lat="26.0809977514411" lon="119.29429709054375">
        <ele>9.7</ele>
        <time>2025-06-08T05:58:51Z</time>
        <extensions>
          <gpxtpx:TrackPointExtension>
            <gpxtpx:hr>91</gpxtpx:hr>
          </gpxtpx:TrackPointExtension>
        </extensions>
      </trkpt>
    </trkseg>
  </trk>
</gpx>