<?xml version="1.0" encoding="UTF-8"?>
<gpx xmlns="http://www.topografix.com/GPX/1/1" xmlns:gpxtpx="http://www.garmin.com/xmlschemas/TrackPointExtension/v1" xmlns:xsi="http://www.w3.org/2001/XMLSchema-instance" xsi:schemaLocation="http://www.topografix.com/GPX/1/1 http://www.topografix.com/GPX/1/1/gpx.xsd" version="1.1" creator="gpx.py -- https://github.com/tkrajina/gpxpy">
  <trk>
    <name>gpx from keep</name>
    <type>Run</type>
    <trkseg>
      <trkpt lat="39.92346782822021" lon="116.49866086790485">
        <ele>32.5</ele>
        <time>2023-08-05T22:37:03Z</time>
      </trkpt>
      <trkpt lat="39.923414015593096" lon="116.4987231094929">
        <ele>36.4</ele>
        <time>2023-08-05T22:37:06Z</time>
        <extensions>
          <gpxtpx:TrackPointExtension>
            <gpxtpx:hr>99</gpxtpx:hr>
          </gpxtpx:TrackPointExtension>
        </extensions>
      </trkpt>
      <trkpt lat="39.92350023848062" lon="116.49846311729335">
        <ele>23.2</ele>
        <time>2023-08-05T22:37:15Z</time>
        <extensions>
          <gpxtpx:TrackPointExtension>
            <gpxtpx:hr>100</gpxtpx:hr>
          </gpxtpx:TrackPointExtension>
        </extensions>
      </trkpt>
      <trkpt lat="39.92355545941124" lon="116.498202124709">
        <ele>21.1</ele>
        <time>2023-08-05T22:37:27Z</time>
        <extensions>
          <gpxtpx:TrackPointExtension>
            <gpxtpx:hr>104</gpxtpx:hr>
          </gpxtpx:TrackPointExtension>
        </extensions>
      </trkpt>
      <trkpt lat="39.923557748047294" lon="116.49796322172921">
        <ele>18.6</ele>
        <time>2023-08-05T22:37:36Z</time>
        <extensions>
          <gpxtpx:TrackPointExtension>
            <gpxtpx:hr>110</gpxtpx:hr>
          </gpxtpx:TrackPointExtension>
        </extensions>
      </trkpt>
      <trkpt lat="39.92356548910749" lon="116.49754062316542">
        <ele>18.2</ele>
        <time>2023-08-05T22:37:51Z</time>
        <extensions>
          <gpxtpx:TrackPointExtension>
            <gpxtpx:hr>117</gpxtpx:hr>
          </gpxtpx:TrackPointExtension>
        </extensions>
      </trkpt>
      <trkpt lat="39.92358055838207" lon="116.49722844048681">
        <ele>11.8</ele>
        <time>2023-08-05T22:38:00Z</time>
        <extensions>
          <gpxtpx:TrackPointExtension>
            <gpxtpx:hr>119</gpxtpx:hr>
          </gpxtpx:TrackPointExtension>
        </extensions>
      </trkpt>
      <trkpt lat="39.92365053537285" lon="116.49688613651493">
        <ele>6.6000000000000005</ele>
        <time>2023-08-05T22:38:12Z</time>
        <extensions>
          <gpxtpx:TrackPointExtension>
            <gpxtpx:hr>123</gpxtpx:hr>
          </gpxtpx:TrackPointExtension>
        </extensions>
      </trkpt>
      <trkpt lat="39.9236980546646" lon="116.49672552266188">
        <ele>5.1000000000000005</ele>
        <time>2023-08-05T22:38:18Z</time>
        <extensions>
          <gpxtpx:TrackPointExtension>
            <gpxtpx:hr>124</gpxtpx:hr>
          </gpxtpx:TrackPointExtension>
        </extensions>
      </trkpt>
      <trkpt lat="39.92364748516933" lon="116.49653380303806">
        <ele>1.0999999999999996</ele>
        <time>2023-08-05T22:38:30Z</time>
        <extensions>
          <gpxtpx:TrackPointExtension>
            <gpxtpx:hr>130</gpxtpx:hr>
          </gpxtpx:TrackPointExtension>
        </extensions>
      </trkpt>
      <trkpt lat="39.92365029650412" lon="116.49647056322011">
        <ele>-3.1</ele>
        <time>2023-08-05T22:38:36Z</time>
        <extensions>
          <gpxtpx:TrackPointExtension>
            <gpxtpx:hr>130</gpxtpx:hr>
          </gpxtpx:TrackPointExtension>
        </extensions>
      </trkpt>
      <trkpt lat="39.92371286292325" lon="116.49632600803065">
        <ele>0.20000000000000018</ele>
        <time>2023-08-05T22:38:48Z</time>
        <extensions>
          <gpxtpx:TrackPointExtension>
            <gpxtpx:hr>134</gpxtpx:hr>
          </gpxtpx:TrackPointExtension>
        </extensions>
      </trkpt>
      <trkpt lat="39.92381265526585" lon="116.49625773710586">
        <ele>2.3</ele>
        <time>2023-08-05T22:38:54Z</time>
        <extensions>
          <gpxtpx:TrackPointExtension>
            <gpxtpx:hr>132</gpxtpx:hr>
          </gpxtpx:TrackPointExtension>
        </extensions>
      </trkpt>
      <trkpt lat="39.92398761213311" lon="116.49624566975874">
        <ele>2.999999999999999</ele>
        <time>2023-08-05T22:39:00Z</time>
        <extensions>
          <gpxtpx:TrackPointExtension>
            <gpxtpx:hr>132</gpxtpx:hr>
          </gpxtpx:TrackPointExtension>
        </extensions>
      </trkpt>
      <trkpt lat="39.924032691095015" lon="116.49627276682003">
        <ele>3.999999999999999</ele>
        <time>2023-08-05T22:39:03Z</time>
        <extensions>
          <gpxtpx:TrackPointExtension>
            <gpxtpx:hr>131</gpxtpx:hr>
          </gpxtpx:TrackPointExtension>
        </extensions>
      </trkpt>
      <trkpt lat="39.92411058311869" lon="116.49623762407384">
        <ele>6.999999999999999</ele>
        <time>2023-08-05T22:39:09Z</time>
        <extensions>
          <gpxtpx:TrackPointExtension>
            <gpxtpx:hr>133</gpxtpx:hr>
          </gpxtpx:TrackPointExtension>
        </extensions>
      </trkpt>
      <trkpt lat="39.92419055887023" lon="116.49623058752879">
        <ele>10.2</ele>
        <time>2023-08-05T22:39:15Z</time>
        <extensions>
          <gpxtpx:TrackPointExtension>
            <gpxtpx:hr>132</gpxtpx:hr>
          </gpxtpx:TrackPointExtension>
        </extensions>
      </trkpt>
      <trkpt lat="39.92424765529882" lon="116.49626370591285">
        <ele>10.600000000000001</ele>
        <time>2023-08-05T22:39:18Z</time>
        <extensions>
          <gpxtpx:TrackPointExtension>
            <gpxtpx:hr>134</gpxtpx:hr>
          </gpxtpx:TrackPointExtension>
        </extensions>
      </trkpt>
      <trkpt lat="39.92455247811358" lon="116.49620845894336">
        <ele>17.6</ele>
        <time>2023-08-05T22:39:30Z</time>
        <extensions>
          <gpxtpx:TrackPointExtension>
            <gpxtpx:hr>135</gpxtpx:hr>
          </gpxtpx:TrackPointExtension>
        </extensions>
      </trkpt>
      <trkpt lat="39.92476936741268" lon="116.49617430273122">
        <ele>23.3</ele>
        <time>2023-08-05T22:39:42Z</time>
        <extensions>
          <gpxtpx:TrackPointExtension>
            <gpxtpx:hr>135</gpxtpx:hr>
          </gpxtpx:TrackPointExtension>
        </extensions>
      </trkpt>
      <trkpt lat="39.924829436785075" lon="116.49619838653264">
        <ele>22.6</ele>
        <time>2023-08-05T22:39:45Z</time>
        <extensions>
          <gpxtpx:TrackPointExtension>
            <gpxtpx:hr>136</gpxtpx:hr>
          </gpxtpx:TrackPointExtension>
        </extensions>
      </trkpt>
      <trkpt lat="39.92495420714182" lon="116.49612308584665">
        <ele>24.0</ele>
        <time>2023-08-05T22:39:51Z</time>
        <extensions>
          <gpxtpx:TrackPointExtension>
            <gpxtpx:hr>135</gpxtpx:hr>
          </gpxtpx:TrackPointExtension>
        </extensions>
      </trkpt>
      <trkpt lat="39.92503918868051" lon="116.49611805628119">
        <ele>22.2</ele>
        <time>2023-08-05T22:39:54Z</time>
        <extensions>
          <gpxtpx:TrackPointExtension>
            <gpxtpx:hr>136</gpxtpx:hr>
          </gpxtpx:TrackPointExtension>
        </extensions>
      </trkpt>
      <trkpt lat="39.925182317507705" lon="116.49616320963052">
        <ele>19.4</ele>
        <time>2023-08-05T22:40:00Z</time>
        <extensions>
          <gpxtpx:TrackPointExtension>
            <gpxtpx:hr>136</gpxtpx:hr>
          </gpxtpx:TrackPointExtension>
        </extensions>
      </trkpt>
      <trkpt lat="39.925524261554514" lon="116.49614911393645">
        <ele>14.899999999999999</ele>
        <time>2023-08-05T22:40:15Z</time>
        <extensions>
          <gpxtpx:TrackPointExtension>
            <gpxtpx:hr>137</gpxtpx:hr>
          </gpxtpx:TrackPointExtension>
        </extensions>
      </trkpt>
      <trkpt lat="39.92582712638962" lon="116.49610792041727">
        <ele>10.8</ele>
        <time>2023-08-05T22:40:27Z</time>
        <extensions>
          <gpxtpx:TrackPointExtension>
            <gpxtpx:hr>137</gpxtpx:hr>
          </gpxtpx:TrackPointExtension>
        </extensions>
      </trkpt>
      <trkpt lat="39.92603008214271" lon="116.49609584958165">
        <ele>12.599999999999998</ele>
        <time>2023-08-05T22:40:36Z</time>
        <extensions>
          <gpxtpx:TrackPointExtension>
            <gpxtpx:hr>136</gpxtpx:hr>
          </gpxtpx:TrackPointExtension>
        </extensions>
      </trkpt>
      <trkpt lat="39.92635930813294" lon="116.49617611292247">
        <ele>19.8</ele>
        <time>2023-08-05T22:40:54Z</time>
        <extensions>
          <gpxtpx:TrackPointExtension>
            <gpxtpx:hr>138</gpxtpx:hr>
          </gpxtpx:TrackPointExtension>
        </extensions>
      </trkpt>
      <trkpt lat="39.926504293213696" lon="116.49617308351195">
        <ele>22.5</ele>
        <time>2023-08-05T22:41:00Z</time>
        <extensions>
          <gpxtpx:TrackPointExtension>
            <gpxtpx:hr>140</gpxtpx:hr>
          </gpxtpx:TrackPointExtension>
        </extensions>
      </trkpt>
      <trkpt lat="39.9266391769306" lon="116.49613592606319">
        <ele>25.7</ele>
        <time>2023-08-05T22:41:06Z</time>
        <extensions>
          <gpxtpx:TrackPointExtension>
            <gpxtpx:hr>142</gpxtpx:hr>
          </gpxtpx:TrackPointExtension>
        </extensions>
      </trkpt>
      <trkpt lat="39.92669022872414" lon="116.49615398817348">
        <ele>26.499999999999996</ele>
        <time>2023-08-05T22:41:09Z</time>
        <extensions>
          <gpxtpx:TrackPointExtension>
            <gpxtpx:hr>140</gpxtpx:hr>
          </gpxtpx:TrackPointExtension>
        </extensions>
      </trkpt>
      <trkpt lat="39.926760195925" lon="116.49614394145814">
        <ele>26.8</ele>
        <time>2023-08-05T22:41:12Z</time>
        <extensions>
          <gpxtpx:TrackPointExtension>
            <gpxtpx:hr>137</gpxtpx:hr>
          </gpxtpx:TrackPointExtension>
        </extensions>
      </trkpt>
      <trkpt lat="39.92681499610538" lon="116.49607768366253">
        <ele>26.999999999999996</ele>
        <time>2023-08-05T22:41:15Z</time>
        <extensions>
          <gpxtpx:TrackPointExtension>
            <gpxtpx:hr>137</gpxtpx:hr>
          </gpxtpx:TrackPointExtension>
        </extensions>
      </trkpt>
      <trkpt lat="39.92686759578298" lon="116.49594417129408">
        <ele>28.8</ele>
        <time>2023-08-05T22:41:18Z</time>
        <extensions>
          <gpxtpx:TrackPointExtension>
            <gpxtpx:hr>137</gpxtpx:hr>
          </gpxtpx:TrackPointExtension>
        </extensions>
      </trkpt>
      <trkpt lat="39.92689720236106" lon="116.49581266932148">
        <ele>29.900000000000002</ele>
        <time>2023-08-05T22:41:21Z</time>
        <extensions>
          <gpxtpx:TrackPointExtension>
            <gpxtpx:hr>137</gpxtpx:hr>
          </gpxtpx:TrackPointExtension>
        </extensions>
      </trkpt>
      <trkpt lat="39.9270009645738" lon="116.49573435970953">
        <ele>29.7</ele>
        <time>2023-08-05T22:41:27Z</time>
        <extensions>
          <gpxtpx:TrackPointExtension>
            <gpxtpx:hr>136</gpxtpx:hr>
          </gpxtpx:TrackPointExtension>
        </extensions>
      </trkpt>
      <trkpt lat="39.927070644331685" lon="116.49562794777809">
        <ele>30.3</ele>
        <time>2023-08-05T22:41:33Z</time>
        <extensions>
          <gpxtpx:TrackPointExtension>
            <gpxtpx:hr>138</gpxtpx:hr>
          </gpxtpx:TrackPointExtension>
        </extensions>
      </trkpt>
      <trkpt lat="39.927141970650375" lon="116.49540308658356">
        <ele>28.099999999999998</ele>
        <time>2023-08-05T22:41:42Z</time>
        <extensions>
          <gpxtpx:TrackPointExtension>
            <gpxtpx:hr>141</gpxtpx:hr>
          </gpxtpx:TrackPointExtension>
        </extensions>
      </trkpt>
      <trkpt lat="39.92717217280693" lon="116.4951360704753">
        <ele>21.0</ele>
        <time>2023-08-05T22:41:51Z</time>
        <extensions>
          <gpxtpx:TrackPointExtension>
            <gpxtpx:hr>141</gpxtpx:hr>
          </gpxtpx:TrackPointExtension>
        </extensions>
      </trkpt>
      <trkpt lat="39.92717041813455" lon="116.49488311142795">
        <ele>15.399999999999999</ele>
        <time>2023-08-05T22:42:00Z</time>
        <extensions>
          <gpxtpx:TrackPointExtension>
            <gpxtpx:hr>141</gpxtpx:hr>
          </gpxtpx:TrackPointExtension>
        </extensions>
      </trkpt>
      <trkpt lat="39.92711534809271" lon="116.49452375522101">
        <ele>5.500000000000001</ele>
        <time>2023-08-05T22:42:12Z</time>
        <extensions>
          <gpxtpx:TrackPointExtension>
            <gpxtpx:hr>143</gpxtpx:hr>
          </gpxtpx:TrackPointExtension>
        </extensions>
      </trkpt>
      <trkpt lat="39.92712408068166" lon="116.4940991432373">
        <ele>-1.9</ele>
        <time>2023-08-05T22:42:27Z</time>
        <extensions>
          <gpxtpx:TrackPointExtension>
            <gpxtpx:hr>142</gpxtpx:hr>
          </gpxtpx:TrackPointExtension>
        </extensions>
      </trkpt>
      <trkpt lat="39.92714895936958" lon="116.4937237155812">
        <ele>-6.8</ele>
        <time>2023-08-05T22:42:42Z</time>
        <extensions>
          <gpxtpx:TrackPointExtension>
            <gpxtpx:hr>143</gpxtpx:hr>
          </gpxtpx:TrackPointExtension>
        </extensions>
      </trkpt>
      <trkpt lat="39.92716555730719" lon="116.49358920306227">
        <ele>-9.1</ele>
        <time>2023-08-05T22:42:48Z</time>
        <extensions>
          <gpxtpx:TrackPointExtension>
            <gpxtpx:hr>143</gpxtpx:hr>
          </gpxtpx:TrackPointExtension>
        </extensions>
      </trkpt>
      <trkpt lat="39.9271544794509" lon="116.49322783296257">
        <ele>-12.899999999999999</ele>
        <time>2023-08-05T22:43:00Z</time>
        <extensions>
          <gpxtpx:TrackPointExtension>
            <gpxtpx:hr>144</gpxtpx:hr>
          </gpxtpx:TrackPointExtension>
        </extensions>
      </trkpt>
      <trkpt lat="39.92716424542745" lon="116.49314953457863">
        <ele>-13.0</ele>
        <time>2023-08-05T22:43:03Z</time>
        <extensions>
          <gpxtpx:TrackPointExtension>
            <gpxtpx:hr>142</gpxtpx:hr>
          </gpxtpx:TrackPointExtension>
        </extensions>
      </trkpt>
      <trkpt lat="39.92714703647193" lon="116.49307927002364">
        <ele>-11.8</ele>
        <time>2023-08-05T22:43:06Z</time>
        <extensions>
          <gpxtpx:TrackPointExtension>
            <gpxtpx:hr>142</gpxtpx:hr>
          </gpxtpx:TrackPointExtension>
        </extensions>
      </trkpt>
      <trkpt lat="39.92717551117684" lon="116.49290359973196">
        <ele>-14.8</ele>
        <time>2023-08-05T22:43:15Z</time>
        <extensions>
          <gpxtpx:TrackPointExtension>
            <gpxtpx:hr>142</gpxtpx:hr>
          </gpxtpx:TrackPointExtension>
        </extensions>
      </trkpt>
      <trkpt lat="39.92717765457113" lon="116.49261650977286">
        <ele>-16.8</ele>
        <time>2023-08-05T22:43:21Z</time>
        <extensions>
          <gpxtpx:TrackPointExtension>
            <gpxtpx:hr>141</gpxtpx:hr>
          </gpxtpx:TrackPointExtension>
        </extensions>
      </trkpt>
      <trkpt lat="39.927199372189804" lon="116.49252214891638">
        <ele>-18.6</ele>
        <time>2023-08-05T22:43:24Z</time>
        <extensions>
          <gpxtpx:TrackPointExtension>
            <gpxtpx:hr>142</gpxtpx:hr>
          </gpxtpx:TrackPointExtension>
        </extensions>
      </trkpt>
      <trkpt lat="39.92717519941435" lon="116.49212865833967">
        <ele>-14.899999999999999</ele>
        <time>2023-08-05T22:43:36Z</time>
        <extensions>
          <gpxtpx:TrackPointExtension>
            <gpxtpx:hr>144</gpxtpx:hr>
          </gpxtpx:TrackPointExtension>
        </extensions>
      </trkpt>
      <trkpt lat="39.92714498521699" lon="116.49172111522768">
        <ele>-5.0</ele>
        <time>2023-08-05T22:43:51Z</time>
        <extensions>
          <gpxtpx:TrackPointExtension>
            <gpxtpx:hr>143</gpxtpx:hr>
          </gpxtpx:TrackPointExtension>
        </extensions>
      </trkpt>
      <trkpt lat="39.927099933534386" lon="116.49136777980465">
        <ele>0.40000000000000036</ele>
        <time>2023-08-05T22:44:00Z</time>
        <extensions>
          <gpxtpx:TrackPointExtension>
            <gpxtpx:hr>144</gpxtpx:hr>
          </gpxtpx:TrackPointExtension>
        </extensions>
      </trkpt>
      <trkpt lat="39.92709738303776" lon="116.49118307918383">
        <ele>7.6000000000000005</ele>
        <time>2023-08-05T22:44:06Z</time>
        <extensions>
          <gpxtpx:TrackPointExtension>
            <gpxtpx:hr>142</gpxtpx:hr>
          </gpxtpx:TrackPointExtension>
        </extensions>
      </trkpt>
      <trkpt lat="39.92713011241237" lon="116.49109273227677">
        <ele>10.3</ele>
        <time>2023-08-05T22:44:09Z</time>
        <extensions>
          <gpxtpx:TrackPointExtension>
            <gpxtpx:hr>142</gpxtpx:hr>
          </gpxtpx:TrackPointExtension>
        </extensions>
      </trkpt>
      <trkpt lat="39.92714998380459" lon="116.4907142938458">
        <ele>13.399999999999999</ele>
        <time>2023-08-05T22:44:21Z</time>
        <extensions>
          <gpxtpx:TrackPointExtension>
            <gpxtpx:hr>143</gpxtpx:hr>
          </gpxtpx:TrackPointExtension>
        </extensions>
      </trkpt>
      <trkpt lat="39.92718063262276" lon="116.49059684443954">
        <ele>14.0</ele>
        <time>2023-08-05T22:44:24Z</time>
        <extensions>
          <gpxtpx:TrackPointExtension>
            <gpxtpx:hr>144</gpxtpx:hr>
          </gpxtpx:TrackPointExtension>
        </extensions>
      </trkpt>
      <trkpt lat="39.927187324324024" lon="116.49049345135612">
        <ele>14.3</ele>
        <time>2023-08-05T22:44:27Z</time>
        <extensions>
          <gpxtpx:TrackPointExtension>
            <gpxtpx:hr>144</gpxtpx:hr>
          </gpxtpx:TrackPointExtension>
        </extensions>
      </trkpt>
      <trkpt lat="39.9271720348952" lon="116.49039608387878">
        <ele>15.099999999999998</ele>
        <time>2023-08-05T22:44:30Z</time>
        <extensions>
          <gpxtpx:TrackPointExtension>
            <gpxtpx:hr>144</gpxtpx:hr>
          </gpxtpx:TrackPointExtension>
        </extensions>
      </trkpt>
      <trkpt lat="39.92718881593977" lon="116.49032280381586">
        <ele>15.099999999999998</ele>
        <time>2023-08-05T22:44:33Z</time>
        <extensions>
          <gpxtpx:TrackPointExtension>
            <gpxtpx:hr>143</gpxtpx:hr>
          </gpxtpx:TrackPointExtension>
        </extensions>
      </trkpt>
      <trkpt lat="39.9272784146506" lon="116.49018928624693">
        <ele>18.099999999999998</ele>
        <time>2023-08-05T22:44:39Z</time>
        <extensions>
          <gpxtpx:TrackPointExtension>
            <gpxtpx:hr>144</gpxtpx:hr>
          </gpxtpx:TrackPointExtension>
        </extensions>
      </trkpt>
      <trkpt lat="39.927397451639344" lon="116.49020332473206">
        <ele>23.3</ele>
        <time>2023-08-05T22:44:48Z</time>
        <extensions>
          <gpxtpx:TrackPointExtension>
            <gpxtpx:hr>145</gpxtpx:hr>
          </gpxtpx:TrackPointExtension>
        </extensions>
      </trkpt>
      <trkpt lat="39.9274645625014" lon="116.49024146106429">
        <ele>25.0</ele>
        <time>2023-08-05T22:44:54Z</time>
        <extensions>
          <gpxtpx:TrackPointExtension>
            <gpxtpx:hr>145</gpxtpx:hr>
          </gpxtpx:TrackPointExtension>
        </extensions>
      </trkpt>
      <trkpt lat="39.92752258105899" lon="116.49024848049459">
        <ele>25.3</ele>
        <time>2023-08-05T22:44:57Z</time>
        <extensions>
          <gpxtpx:TrackPointExtension>
            <gpxtpx:hr>144</gpxtpx:hr>
          </gpxtpx:TrackPointExtension>
        </extensions>
      </trkpt>
      <trkpt lat="39.92764248946341" lon="116.49021935514615">
        <ele>25.599999999999998</ele>
        <time>2023-08-05T22:45:03Z</time>
        <extensions>
          <gpxtpx:TrackPointExtension>
            <gpxtpx:hr>143</gpxtpx:hr>
          </gpxtpx:TrackPointExtension>
        </extensions>
      </trkpt>
      <trkpt lat="39.92781711464206" lon="116.49009586509248">
        <ele>27.099999999999998</ele>
        <time>2023-08-05T22:45:09Z</time>
        <extensions>
          <gpxtpx:TrackPointExtension>
            <gpxtpx:hr>144</gpxtpx:hr>
          </gpxtpx:TrackPointExtension>
        </extensions>
      </trkpt>
      <trkpt lat="39.92798010799052" lon="116.4900958447989">
        <ele>24.9</ele>
        <time>2023-08-05T22:45:18Z</time>
        <extensions>
          <gpxtpx:TrackPointExtension>
            <gpxtpx:hr>141</gpxtpx:hr>
          </gpxtpx:TrackPointExtension>
        </extensions>
      </trkpt>
      <trkpt lat="39.92824238127844" lon="116.49019117384836">
        <ele>15.599999999999998</ele>
        <time>2023-08-05T22:45:30Z</time>
        <extensions>
          <gpxtpx:TrackPointExtension>
            <gpxtpx:hr>142</gpxtpx:hr>
          </gpxtpx:TrackPointExtension>
        </extensions>
      </trkpt>
      <trkpt lat="39.928520295213815" lon="116.49016604405935">
        <ele>15.2</ele>
        <time>2023-08-05T22:45:42Z</time>
        <extensions>
          <gpxtpx:TrackPointExtension>
            <gpxtpx:hr>143</gpxtpx:hr>
          </gpxtpx:TrackPointExtension>
        </extensions>
      </trkpt>
      <trkpt lat="39.928847386520275" lon="116.49020113659854">
        <ele>19.3</ele>
        <time>2023-08-05T22:45:57Z</time>
        <extensions>
          <gpxtpx:TrackPointExtension>
            <gpxtpx:hr>145</gpxtpx:hr>
          </gpxtpx:TrackPointExtension>
        </extensions>
      </trkpt>
      <trkpt lat="39.92915426939735" lon="116.49016596512519">
        <ele>18.8</ele>
        <time>2023-08-05T22:46:09Z</time>
        <extensions>
          <gpxtpx:TrackPointExtension>
            <gpxtpx:hr>142</gpxtpx:hr>
          </gpxtpx:TrackPointExtension>
        </extensions>
      </trkpt>
      <trkpt lat="39.929457161417005" lon="116.49013380557241">
        <ele>19.8</ele>
        <time>2023-08-05T22:46:24Z</time>
        <extensions>
          <gpxtpx:TrackPointExtension>
            <gpxtpx:hr>143</gpxtpx:hr>
          </gpxtpx:TrackPointExtension>
        </extensions>
      </trkpt>
      <trkpt lat="39.92976786481832" lon="116.49003840518728">
        <ele>21.599999999999998</ele>
        <time>2023-08-05T22:46:36Z</time>
        <extensions>
          <gpxtpx:TrackPointExtension>
            <gpxtpx:hr>144</gpxtpx:hr>
          </gpxtpx:TrackPointExtension>
        </extensions>
      </trkpt>
      <trkpt lat="39.93007578655236" lon="116.4900162830861">
        <ele>18.2</ele>
        <time>2023-08-05T22:46:48Z</time>
        <extensions>
          <gpxtpx:TrackPointExtension>
            <gpxtpx:hr>145</gpxtpx:hr>
          </gpxtpx:TrackPointExtension>
        </extensions>
      </trkpt>
      <trkpt lat="39.93018971318221" lon="116.48999318133487">
        <ele>17.2</ele>
        <time>2023-08-05T22:46:54Z</time>
        <extensions>
          <gpxtpx:TrackPointExtension>
            <gpxtpx:hr>143</gpxtpx:hr>
          </gpxtpx:TrackPointExtension>
        </extensions>
      </trkpt>
      <trkpt lat="39.930322531455055" lon="116.48993394017884">
        <ele>16.9</ele>
        <time>2023-08-05T22:47:00Z</time>
        <extensions>
          <gpxtpx:TrackPointExtension>
            <gpxtpx:hr>144</gpxtpx:hr>
          </gpxtpx:TrackPointExtension>
        </extensions>
      </trkpt>
      <trkpt lat="39.9305274902629" lon="116.48992287277889">
        <ele>14.0</ele>
        <time>2023-08-05T22:47:12Z</time>
        <extensions>
          <gpxtpx:TrackPointExtension>
            <gpxtpx:hr>145</gpxtpx:hr>
          </gpxtpx:TrackPointExtension>
        </extensions>
      </trkpt>
      <trkpt lat="39.93065255990527" lon="116.48994795237927">
        <ele>12.399999999999999</ele>
        <time>2023-08-05T22:47:21Z</time>
        <extensions>
          <gpxtpx:TrackPointExtension>
            <gpxtpx:hr>145</gpxtpx:hr>
          </gpxtpx:TrackPointExtension>
        </extensions>
      </trkpt>
      <trkpt lat="39.93084441166073" lon="116.48990074955958">
        <ele>10.599999999999998</ele>
        <time>2023-08-05T22:47:30Z</time>
        <extensions>
          <gpxtpx:TrackPointExtension>
            <gpxtpx:hr>145</gpxtpx:hr>
          </gpxtpx:TrackPointExtension>
        </extensions>
      </trkpt>
      <trkpt lat="39.93110706034517" lon="116.4897862828779">
        <ele>11.599999999999998</ele>
        <time>2023-08-05T22:47:42Z</time>
        <extensions>
          <gpxtpx:TrackPointExtension>
            <gpxtpx:hr>145</gpxtpx:hr>
          </gpxtpx:TrackPointExtension>
        </extensions>
      </trkpt>
      <trkpt lat="39.931287802031825" lon="116.4897019406213">
        <ele>12.399999999999999</ele>
        <time>2023-08-05T22:47:51Z</time>
        <extensions>
          <gpxtpx:TrackPointExtension>
            <gpxtpx:hr>146</gpxtpx:hr>
          </gpxtpx:TrackPointExtension>
        </extensions>
      </trkpt>
      <trkpt lat="39.93137274481085" lon="116.48968386152745">
        <ele>13.0</ele>
        <time>2023-08-05T22:47:54Z</time>
        <extensions>
          <gpxtpx:TrackPointExtension>
            <gpxtpx:hr>144</gpxtpx:hr>
          </gpxtpx:TrackPointExtension>
        </extensions>
      </trkpt>
      <trkpt lat="39.931474528566376" lon="116.48961257860753">
        <ele>12.899999999999999</ele>
        <time>2023-08-05T22:48:00Z</time>
        <extensions>
          <gpxtpx:TrackPointExtension>
            <gpxtpx:hr>143</gpxtpx:hr>
          </gpxtpx:TrackPointExtension>
        </extensions>
      </trkpt>
      <trkpt lat="39.93154031379849" lon="116.48954130018593">
        <ele>11.099999999999998</ele>
        <time>2023-08-05T22:48:06Z</time>
        <extensions>
          <gpxtpx:TrackPointExtension>
            <gpxtpx:hr>142</gpxtpx:hr>
          </gpxtpx:TrackPointExtension>
        </extensions>
      </trkpt>
      <trkpt lat="39.93180977420669" lon="116.48936359302272">
        <ele>7.7</ele>
        <time>2023-08-05T22:48:21Z</time>
        <extensions>
          <gpxtpx:TrackPointExtension>
            <gpxtpx:hr>143</gpxtpx:hr>
          </gpxtpx:TrackPointExtension>
        </extensions>
      </trkpt>
      <trkpt lat="39.93204452878144" lon="116.48928426316566">
        <ele>8.100000000000001</ele>
        <time>2023-08-05T22:48:33Z</time>
        <extensions>
          <gpxtpx:TrackPointExtension>
            <gpxtpx:hr>142</gpxtpx:hr>
          </gpxtpx:TrackPointExtension>
        </extensions>
      </trkpt>
      <trkpt lat="39.93226056185405" lon="116.48929828952593">
        <ele>9.100000000000001</ele>
        <time>2023-08-05T22:48:42Z</time>
        <extensions>
          <gpxtpx:TrackPointExtension>
            <gpxtpx:hr>142</gpxtpx:hr>
          </gpxtpx:TrackPointExtension>
        </extensions>
      </trkpt>
      <trkpt lat="39.93253449105663" lon="116.48927817929865">
        <ele>15.099999999999998</ele>
        <time>2023-08-05T22:48:48Z</time>
        <extensions>
          <gpxtpx:TrackPointExtension>
            <gpxtpx:hr>139</gpxtpx:hr>
          </gpxtpx:TrackPointExtension>
        </extensions>
      </trkpt>
      <trkpt lat="39.93282037797766" lon="116.48924401431148">
        <ele>20.8</ele>
        <time>2023-08-05T22:49:00Z</time>
        <extensions>
          <gpxtpx:TrackPointExtension>
            <gpxtpx:hr>141</gpxtpx:hr>
          </gpxtpx:TrackPointExtension>
        </extensions>
      </trkpt>
      <trkpt lat="39.93282706418668" lon="116.48913861397078">
        <ele>21.2</ele>
        <time>2023-08-05T22:49:06Z</time>
        <extensions>
          <gpxtpx:TrackPointExtension>
            <gpxtpx:hr>144</gpxtpx:hr>
          </gpxtpx:TrackPointExtension>
        </extensions>
      </trkpt>
      <trkpt lat="39.93275204037823" lon="116.48879331473626">
        <ele>12.899999999999999</ele>
        <time>2023-08-05T22:49:21Z</time>
        <extensions>
          <gpxtpx:TrackPointExtension>
            <gpxtpx:hr>146</gpxtpx:hr>
          </gpxtpx:TrackPointExtension>
        </extensions>
      </trkpt>
      <trkpt lat="39.93268381697252" lon="116.48838076040026">
        <ele>3.7</ele>
        <time>2023-08-05T22:49:39Z</time>
        <extensions>
          <gpxtpx:TrackPointExtension>
            <gpxtpx:hr>144</gpxtpx:hr>
          </gpxtpx:TrackPointExtension>
        </extensions>
      </trkpt>
      <trkpt lat="39.93269447657556" lon="116.48826632571156">
        <ele>1.9000000000000004</ele>
        <time>2023-08-05T22:49:42Z</time>
        <extensions>
          <gpxtpx:TrackPointExtension>
            <gpxtpx:hr>145</gpxtpx:hr>
          </gpxtpx:TrackPointExtension>
        </extensions>
      </trkpt>
      <trkpt lat="39.93260237136777" lon="116.48789292348353">
        <ele>8.7</ele>
        <time>2023-08-05T22:49:51Z</time>
        <extensions>
          <gpxtpx:TrackPointExtension>
            <gpxtpx:hr>146</gpxtpx:hr>
          </gpxtpx:TrackPointExtension>
        </extensions>
      </trkpt>
      <trkpt lat="39.932582871575896" lon="116.48772428768432">
        <ele>12.3</ele>
        <time>2023-08-05T22:49:57Z</time>
        <extensions>
          <gpxtpx:TrackPointExtension>
            <gpxtpx:hr>146</gpxtpx:hr>
          </gpxtpx:TrackPointExtension>
        </extensions>
      </trkpt>
      <trkpt lat="39.93250682629482" lon="116.48737096039183">
        <ele>14.099999999999998</ele>
        <time>2023-08-05T22:50:09Z</time>
        <extensions>
          <gpxtpx:TrackPointExtension>
            <gpxtpx:hr>146</gpxtpx:hr>
          </gpxtpx:TrackPointExtension>
        </extensions>
      </trkpt>
      <trkpt lat="39.93246269412165" lon="116.48698851975298">
        <ele>14.599999999999998</ele>
        <time>2023-08-05T22:50:24Z</time>
        <extensions>
          <gpxtpx:TrackPointExtension>
            <gpxtpx:hr>147</gpxtpx:hr>
          </gpxtpx:TrackPointExtension>
        </extensions>
      </trkpt>
      <trkpt lat="39.93242996670156" lon="116.48674259434651">
        <ele>18.7</ele>
        <time>2023-08-05T22:50:33Z</time>
        <extensions>
          <gpxtpx:TrackPointExtension>
            <gpxtpx:hr>145</gpxtpx:hr>
          </gpxtpx:TrackPointExtension>
        </extensions>
      </trkpt>
      <trkpt lat="39.93242044974833" lon="116.48656793562976">
        <ele>20.099999999999998</ele>
        <time>2023-08-05T22:50:39Z</time>
        <extensions>
          <gpxtpx:TrackPointExtension>
            <gpxtpx:hr>147</gpxtpx:hr>
          </gpxtpx:TrackPointExtension>
        </extensions>
      </trkpt>
      <trkpt lat="39.93240220674694" lon="116.48648562698192">
        <ele>22.7</ele>
        <time>2023-08-05T22:50:42Z</time>
        <extensions>
          <gpxtpx:TrackPointExtension>
            <gpxtpx:hr>146</gpxtpx:hr>
          </gpxtpx:TrackPointExtension>
        </extensions>
      </trkpt>
      <trkpt lat="39.93236487142191" lon="116.48603392613504">
        <ele>25.5</ele>
        <time>2023-08-05T22:51:00Z</time>
        <extensions>
          <gpxtpx:TrackPointExtension>
            <gpxtpx:hr>147</gpxtpx:hr>
          </gpxtpx:TrackPointExtension>
        </extensions>
      </trkpt>
      <trkpt lat="39.932362509321464" lon="116.48557318825134">
        <ele>22.099999999999998</ele>
        <time>2023-08-05T22:51:15Z</time>
        <extensions>
          <gpxtpx:TrackPointExtension>
            <gpxtpx:hr>146</gpxtpx:hr>
          </gpxtpx:TrackPointExtension>
        </extensions>
      </trkpt>
      <trkpt lat="39.932366933836306" lon="116.48537845350504">
        <ele>18.3</ele>
        <time>2023-08-05T22:51:21Z</time>
        <extensions>
          <gpxtpx:TrackPointExtension>
            <gpxtpx:hr>146</gpxtpx:hr>
          </gpxtpx:TrackPointExtension>
        </extensions>
      </trkpt>
      <trkpt lat="39.9323354311953" lon="116.48520781430437">
        <ele>14.399999999999999</ele>
        <time>2023-08-05T22:51:27Z</time>
        <extensions>
          <gpxtpx:TrackPointExtension>
            <gpxtpx:hr>146</gpxtpx:hr>
          </gpxtpx:TrackPointExtension>
        </extensions>
      </trkpt>
      <trkpt lat="39.93227269306334" lon="116.48495687676134">
        <ele>13.3</ele>
        <time>2023-08-05T22:51:36Z</time>
        <extensions>
          <gpxtpx:TrackPointExtension>
            <gpxtpx:hr>147</gpxtpx:hr>
          </gpxtpx:TrackPointExtension>
        </extensions>
      </trkpt>
      <trkpt lat="39.932280159769164" lon="116.4847761954709">
        <ele>13.7</ele>
        <time>2023-08-05T22:51:42Z</time>
        <extensions>
          <gpxtpx:TrackPointExtension>
            <gpxtpx:hr>147</gpxtpx:hr>
          </gpxtpx:TrackPointExtension>
        </extensions>
      </trkpt>
      <trkpt lat="39.932337633577795" lon="116.48459851953703">
        <ele>18.8</ele>
        <time>2023-08-05T22:51:48Z</time>
        <extensions>
          <gpxtpx:TrackPointExtension>
            <gpxtpx:hr>147</gpxtpx:hr>
          </gpxtpx:TrackPointExtension>
        </extensions>
      </trkpt>
      <trkpt lat="39.93232238566334" lon="116.48451420415448">
        <ele>18.599999999999998</ele>
        <time>2023-08-05T22:51:51Z</time>
        <extensions>
          <gpxtpx:TrackPointExtension>
            <gpxtpx:hr>147</gpxtpx:hr>
          </gpxtpx:TrackPointExtension>
        </extensions>
      </trkpt>
      <trkpt lat="39.93232238566334" lon="116.48451420415448">
        <ele>18.599999999999998</ele>
        <time>2023-08-05T22:51:54Z</time>
        <extensions>
          <gpxtpx:TrackPointExtension>
            <gpxtpx:hr>147</gpxtpx:hr>
          </gpxtpx:TrackPointExtension>
        </extensions>
      </trkpt>
      <trkpt lat="39.93270476413318" lon="116.48328855150957">
        <ele>25.2</ele>
        <time>2023-08-05T22:55:34Z</time>
        <extensions>
          <gpxtpx:TrackPointExtension>
            <gpxtpx:hr>102</gpxtpx:hr>
          </gpxtpx:TrackPointExtension>
        </extensions>
      </trkpt>
      <trkpt lat="39.9327692192131" lon="116.4831038507347">
        <ele>25.4</ele>
        <time>2023-08-05T22:55:40Z</time>
        <extensions>
          <gpxtpx:TrackPointExtension>
            <gpxtpx:hr>104</gpxtpx:hr>
          </gpxtpx:TrackPointExtension>
        </extensions>
      </trkpt>
      <trkpt lat="39.932790049306355" lon="116.48270535466476">
        <ele>16.4</ele>
        <time>2023-08-05T22:55:52Z</time>
        <extensions>
          <gpxtpx:TrackPointExtension>
            <gpxtpx:hr>127</gpxtpx:hr>
          </gpxtpx:TrackPointExtension>
        </extensions>
      </trkpt>
      <trkpt lat="39.93280023994577" lon="116.48242931983134">
        <ele>14.2</ele>
        <time>2023-08-05T22:56:01Z</time>
        <extensions>
          <gpxtpx:TrackPointExtension>
            <gpxtpx:hr>131</gpxtpx:hr>
          </gpxtpx:TrackPointExtension>
        </extensions>
      </trkpt>
      <trkpt lat="39.93278998164767" lon="116.48234099054369">
        <ele>13.099999999999998</ele>
        <time>2023-08-05T22:56:04Z</time>
        <extensions>
          <gpxtpx:TrackPointExtension>
            <gpxtpx:hr>135</gpxtpx:hr>
          </gpxtpx:TrackPointExtension>
        </extensions>
      </trkpt>
      <trkpt lat="39.932814237286834" lon="116.48208703759397">
        <ele>6.7</ele>
        <time>2023-08-05T22:56:13Z</time>
        <extensions>
          <gpxtpx:TrackPointExtension>
            <gpxtpx:hr>136</gpxtpx:hr>
          </gpxtpx:TrackPointExtension>
        </extensions>
      </trkpt>
      <trkpt lat="39.93277714689329" lon="116.48171364680181">
        <ele>6.7</ele>
        <time>2023-08-05T22:56:25Z</time>
        <extensions>
          <gpxtpx:TrackPointExtension>
            <gpxtpx:hr>132</gpxtpx:hr>
          </gpxtpx:TrackPointExtension>
        </extensions>
      </trkpt>
      <trkpt lat="39.93277507992163" lon="116.48134828317656">
        <ele>11.5</ele>
        <time>2023-08-05T22:56:37Z</time>
        <extensions>
          <gpxtpx:TrackPointExtension>
            <gpxtpx:hr>136</gpxtpx:hr>
          </gpxtpx:TrackPointExtension>
        </extensions>
      </trkpt>
      <trkpt lat="39.93277385632014" lon="116.48092871904991">
        <ele>10.5</ele>
        <time>2023-08-05T22:56:52Z</time>
        <extensions>
          <gpxtpx:TrackPointExtension>
            <gpxtpx:hr>141</gpxtpx:hr>
          </gpxtpx:TrackPointExtension>
        </extensions>
      </trkpt>
      <trkpt lat="39.932789800396094" lon="116.48056636781145">
        <ele>13.3</ele>
        <time>2023-08-05T22:57:01Z</time>
        <extensions>
          <gpxtpx:TrackPointExtension>
            <gpxtpx:hr>140</gpxtpx:hr>
          </gpxtpx:TrackPointExtension>
        </extensions>
      </trkpt>
      <trkpt lat="39.93275203693745" lon="116.48030339433397">
        <ele>19.5</ele>
        <time>2023-08-05T22:57:10Z</time>
        <extensions>
          <gpxtpx:TrackPointExtension>
            <gpxtpx:hr>142</gpxtpx:hr>
          </gpxtpx:TrackPointExtension>
        </extensions>
      </trkpt>
      <trkpt lat="39.932721793059564" lon="116.48021908468216">
        <ele>21.4</ele>
        <time>2023-08-05T22:57:13Z</time>
        <extensions>
          <gpxtpx:TrackPointExtension>
            <gpxtpx:hr>143</gpxtpx:hr>
          </gpxtpx:TrackPointExtension>
        </extensions>
      </trkpt>
      <trkpt lat="39.932721268138145" lon="116.48003841341371">
        <ele>22.099999999999998</ele>
        <time>2023-08-05T22:57:19Z</time>
        <extensions>
          <gpxtpx:TrackPointExtension>
            <gpxtpx:hr>144</gpxtpx:hr>
          </gpxtpx:TrackPointExtension>
        </extensions>
      </trkpt>
      <trkpt lat="39.932798408418435" lon="116.47974330817549">
        <ele>21.5</ele>
        <time>2023-08-05T22:57:28Z</time>
        <extensions>
          <gpxtpx:TrackPointExtension>
            <gpxtpx:hr>145</gpxtpx:hr>
          </gpxtpx:TrackPointExtension>
        </extensions>
      </trkpt>
      <trkpt lat="39.93279130884449" lon="116.47936390216859">
        <ele>17.5</ele>
        <time>2023-08-05T22:57:40Z</time>
        <extensions>
          <gpxtpx:TrackPointExtension>
            <gpxtpx:hr>144</gpxtpx:hr>
          </gpxtpx:TrackPointExtension>
        </extensions>
      </trkpt>
      <trkpt lat="39.932789791573434" lon="116.47918524053745">
        <ele>15.899999999999999</ele>
        <time>2023-08-05T22:57:46Z</time>
        <extensions>
          <gpxtpx:TrackPointExtension>
            <gpxtpx:hr>144</gpxtpx:hr>
          </gpxtpx:TrackPointExtension>
        </extensions>
      </trkpt>
      <trkpt lat="39.932822345893435" lon="116.47903166795234">
        <ele>9.0</ele>
        <time>2023-08-05T22:57:52Z</time>
        <extensions>
          <gpxtpx:TrackPointExtension>
            <gpxtpx:hr>144</gpxtpx:hr>
          </gpxtpx:TrackPointExtension>
        </extensions>
      </trkpt>
      <trkpt lat="39.93280425001657" lon="116.47865226709685">
        <ele>3.3</ele>
        <time>2023-08-05T22:58:07Z</time>
        <extensions>
          <gpxtpx:TrackPointExtension>
            <gpxtpx:hr>147</gpxtpx:hr>
          </gpxtpx:TrackPointExtension>
        </extensions>
      </trkpt>
      <trkpt lat="39.93279414403834" lon="116.47826885252155">
        <ele>-3.5999999999999996</ele>
        <time>2023-08-05T22:58:22Z</time>
        <extensions>
          <gpxtpx:TrackPointExtension>
            <gpxtpx:hr>145</gpxtpx:hr>
          </gpxtpx:TrackPointExtension>
        </extensions>
      </trkpt>
      <trkpt lat="39.93279987465563" lon="116.47782822741591">
        <ele>-4.199999999999999</ele>
        <time>2023-08-05T22:58:34Z</time>
        <extensions>
          <gpxtpx:TrackPointExtension>
            <gpxtpx:hr>146</gpxtpx:hr>
          </gpxtpx:TrackPointExtension>
        </extensions>
      </trkpt>
      <trkpt lat="39.932804896143324" lon="116.47748797445918">
        <ele>2.8999999999999995</ele>
        <time>2023-08-05T22:58:46Z</time>
        <extensions>
          <gpxtpx:TrackPointExtension>
            <gpxtpx:hr>146</gpxtpx:hr>
          </gpxtpx:TrackPointExtension>
        </extensions>
      </trkpt>
      <trkpt lat="39.932774004128255" lon="116.47717683472484">
        <ele>8.8</ele>
        <time>2023-08-05T22:58:55Z</time>
        <extensions>
          <gpxtpx:TrackPointExtension>
            <gpxtpx:hr>143</gpxtpx:hr>
          </gpxtpx:TrackPointExtension>
        </extensions>
      </trkpt>
      <trkpt lat="39.93280398161304" lon="116.47682052327276">
        <ele>7.500000000000001</ele>
        <time>2023-08-05T22:59:07Z</time>
        <extensions>
          <gpxtpx:TrackPointExtension>
            <gpxtpx:hr>145</gpxtpx:hr>
          </gpxtpx:TrackPointExtension>
        </extensions>
      </trkpt>
      <trkpt lat="39.93285250556303" lon="116.47665491009866">
        <ele>6.000000000000001</ele>
        <time>2023-08-05T22:59:16Z</time>
        <extensions>
          <gpxtpx:TrackPointExtension>
            <gpxtpx:hr>146</gpxtpx:hr>
          </gpxtpx:TrackPointExtension>
        </extensions>
      </trkpt>
      <trkpt lat="39.933039768947495" lon="116.47639995297101">
        <ele>5.500000000000001</ele>
        <time>2023-08-05T22:59:25Z</time>
        <extensions>
          <gpxtpx:TrackPointExtension>
            <gpxtpx:hr>148</gpxtpx:hr>
          </gpxtpx:TrackPointExtension>
        </extensions>
      </trkpt>
      <trkpt lat="39.93310450249527" lon="116.47630760695043">
        <ele>6.7</ele>
        <time>2023-08-05T22:59:28Z</time>
        <extensions>
          <gpxtpx:TrackPointExtension>
            <gpxtpx:hr>150</gpxtpx:hr>
          </gpxtpx:TrackPointExtension>
        </extensions>
      </trkpt>
      <trkpt lat="39.93317132779542" lon="116.47624737827961">
        <ele>9.899999999999999</ele>
        <time>2023-08-05T22:59:31Z</time>
        <extensions>
          <gpxtpx:TrackPointExtension>
            <gpxtpx:hr>151</gpxtpx:hr>
          </gpxtpx:TrackPointExtension>
        </extensions>
      </trkpt>
      <trkpt lat="39.93322937704984" lon="116.47626543709112">
        <ele>17.599999999999998</ele>
        <time>2023-08-05T22:59:37Z</time>
        <extensions>
          <gpxtpx:TrackPointExtension>
            <gpxtpx:hr>150</gpxtpx:hr>
          </gpxtpx:TrackPointExtension>
        </extensions>
      </trkpt>
      <trkpt lat="39.93339430566251" lon="116.47659261423195">
        <ele>18.2</ele>
        <time>2023-08-05T22:59:52Z</time>
        <extensions>
          <gpxtpx:TrackPointExtension>
            <gpxtpx:hr>151</gpxtpx:hr>
          </gpxtpx:TrackPointExtension>
        </extensions>
      </trkpt>
      <trkpt lat="39.933589294970815" lon="116.47694086673076">
        <ele>14.5</ele>
        <time>2023-08-05T23:00:07Z</time>
        <extensions>
          <gpxtpx:TrackPointExtension>
            <gpxtpx:hr>148</gpxtpx:hr>
          </gpxtpx:TrackPointExtension>
        </extensions>
      </trkpt>
      <trkpt lat="39.93365370667995" lon="116.47708538915172">
        <ele>13.5</ele>
        <time>2023-08-05T23:00:13Z</time>
        <extensions>
          <gpxtpx:TrackPointExtension>
            <gpxtpx:hr>149</gpxtpx:hr>
          </gpxtpx:TrackPointExtension>
        </extensions>
      </trkpt>
      <trkpt lat="39.9336729390776" lon="116.47716668529117">
        <ele>14.0</ele>
        <time>2023-08-05T23:00:16Z</time>
        <extensions>
          <gpxtpx:TrackPointExtension>
            <gpxtpx:hr>149</gpxtpx:hr>
          </gpxtpx:TrackPointExtension>
        </extensions>
      </trkpt>
      <trkpt lat="39.93372621916133" lon="116.4772650399674">
        <ele>14.7</ele>
        <time>2023-08-05T23:00:19Z</time>
        <extensions>
          <gpxtpx:TrackPointExtension>
            <gpxtpx:hr>148</gpxtpx:hr>
          </gpxtpx:TrackPointExtension>
        </extensions>
      </trkpt>
      <trkpt lat="39.93403617786956" lon="116.47725496427381">
        <ele>20.0</ele>
        <time>2023-08-05T23:00:31Z</time>
        <extensions>
          <gpxtpx:TrackPointExtension>
            <gpxtpx:hr>148</gpxtpx:hr>
          </gpxtpx:TrackPointExtension>
        </extensions>
      </trkpt>
      <trkpt lat="39.93432324408822" lon="116.47728202790465">
        <ele>20.8</ele>
        <time>2023-08-05T23:00:43Z</time>
        <extensions>
          <gpxtpx:TrackPointExtension>
            <gpxtpx:hr>150</gpxtpx:hr>
          </gpxtpx:TrackPointExtension>
        </extensions>
      </trkpt>
      <trkpt lat="39.9345942274214" lon="116.47727998659396">
        <ele>22.3</ele>
        <time>2023-08-05T23:00:52Z</time>
        <extensions>
          <gpxtpx:TrackPointExtension>
            <gpxtpx:hr>150</gpxtpx:hr>
          </gpxtpx:TrackPointExtension>
        </extensions>
      </trkpt>
      <trkpt lat="39.934878959633195" lon="116.47719062274105">
        <ele>22.5</ele>
        <time>2023-08-05T23:01:07Z</time>
        <extensions>
          <gpxtpx:TrackPointExtension>
            <gpxtpx:hr>150</gpxtpx:hr>
          </gpxtpx:TrackPointExtension>
        </extensions>
      </trkpt>
      <trkpt lat="39.93513863252477" lon="116.47708018476045">
        <ele>19.8</ele>
        <time>2023-08-05T23:01:19Z</time>
        <extensions>
          <gpxtpx:TrackPointExtension>
            <gpxtpx:hr>150</gpxtpx:hr>
          </gpxtpx:TrackPointExtension>
        </extensions>
      </trkpt>
      <trkpt lat="39.93520258678514" lon="116.47706512147587">
        <ele>19.8</ele>
        <time>2023-08-05T23:01:22Z</time>
        <extensions>
          <gpxtpx:TrackPointExtension>
            <gpxtpx:hr>149</gpxtpx:hr>
          </gpxtpx:TrackPointExtension>
        </extensions>
      </trkpt>
      <trkpt lat="39.93533169096474" lon="116.47710324534391">
        <ele>21.5</ele>
        <time>2023-08-05T23:01:28Z</time>
        <extensions>
          <gpxtpx:TrackPointExtension>
            <gpxtpx:hr>149</gpxtpx:hr>
          </gpxtpx:TrackPointExtension>
        </extensions>
      </trkpt>
      <trkpt lat="39.93561428437159" lon="116.47731398426646">
        <ele>26.599999999999998</ele>
        <time>2023-08-05T23:01:40Z</time>
        <extensions>
          <gpxtpx:TrackPointExtension>
            <gpxtpx:hr>150</gpxtpx:hr>
          </gpxtpx:TrackPointExtension>
        </extensions>
      </trkpt>
      <trkpt lat="39.93584977645749" lon="116.4774885968889">
        <ele>25.5</ele>
        <time>2023-08-05T23:01:52Z</time>
        <extensions>
          <gpxtpx:TrackPointExtension>
            <gpxtpx:hr>154</gpxtpx:hr>
          </gpxtpx:TrackPointExtension>
        </extensions>
      </trkpt>
      <trkpt lat="39.935988871808206" lon="116.47752370869016">
        <ele>22.3</ele>
        <time>2023-08-05T23:01:58Z</time>
        <extensions>
          <gpxtpx:TrackPointExtension>
            <gpxtpx:hr>152</gpxtpx:hr>
          </gpxtpx:TrackPointExtension>
        </extensions>
      </trkpt>
      <trkpt lat="39.936276750670764" lon="116.47748553234659">
        <ele>19.2</ele>
        <time>2023-08-05T23:02:10Z</time>
        <extensions>
          <gpxtpx:TrackPointExtension>
            <gpxtpx:hr>154</gpxtpx:hr>
          </gpxtpx:TrackPointExtension>
        </extensions>
      </trkpt>
      <trkpt lat="39.93655677404262" lon="116.47749754158178">
        <ele>16.8</ele>
        <time>2023-08-05T23:02:22Z</time>
        <extensions>
          <gpxtpx:TrackPointExtension>
            <gpxtpx:hr>154</gpxtpx:hr>
          </gpxtpx:TrackPointExtension>
        </extensions>
      </trkpt>
      <trkpt lat="39.93683693874236" lon="116.47755873173219">
        <ele>16.5</ele>
        <time>2023-08-05T23:02:34Z</time>
        <extensions>
          <gpxtpx:TrackPointExtension>
            <gpxtpx:hr>153</gpxtpx:hr>
          </gpxtpx:TrackPointExtension>
        </extensions>
      </trkpt>
      <trkpt lat="39.9370720475977" lon="116.47759985371135">
        <ele>20.0</ele>
        <time>2023-08-05T23:02:43Z</time>
        <extensions>
          <gpxtpx:TrackPointExtension>
            <gpxtpx:hr>153</gpxtpx:hr>
          </gpxtpx:TrackPointExtension>
        </extensions>
      </trkpt>
      <trkpt lat="39.93738830330049" lon="116.47769315767435">
        <ele>21.3</ele>
        <time>2023-08-05T23:02:58Z</time>
        <extensions>
          <gpxtpx:TrackPointExtension>
            <gpxtpx:hr>152</gpxtpx:hr>
          </gpxtpx:TrackPointExtension>
        </extensions>
      </trkpt>
      <trkpt lat="39.9376225508575" lon="116.47778245725831">
        <ele>22.0</ele>
        <time>2023-08-05T23:03:07Z</time>
        <extensions>
          <gpxtpx:TrackPointExtension>
            <gpxtpx:hr>151</gpxtpx:hr>
          </gpxtpx:TrackPointExtension>
        </extensions>
      </trkpt>
      <trkpt lat="39.93769472990815" lon="116.47784568112367">
        <ele>21.7</ele>
        <time>2023-08-05T23:03:10Z</time>
        <extensions>
          <gpxtpx:TrackPointExtension>
            <gpxtpx:hr>151</gpxtpx:hr>
          </gpxtpx:TrackPointExtension>
        </extensions>
      </trkpt>
      <trkpt lat="39.93773191330157" lon="116.47790991313113">
        <ele>20.099999999999998</ele>
        <time>2023-08-05T23:03:13Z</time>
        <extensions>
          <gpxtpx:TrackPointExtension>
            <gpxtpx:hr>151</gpxtpx:hr>
          </gpxtpx:TrackPointExtension>
        </extensions>
      </trkpt>
      <trkpt lat="39.93793360479944" lon="116.47815278333164">
        <ele>20.099999999999998</ele>
        <time>2023-08-05T23:03:25Z</time>
        <extensions>
          <gpxtpx:TrackPointExtension>
            <gpxtpx:hr>151</gpxtpx:hr>
          </gpxtpx:TrackPointExtension>
        </extensions>
      </trkpt>
      <trkpt lat="39.93803195382865" lon="116.47827522278433">
        <ele>22.0</ele>
        <time>2023-08-05T23:03:31Z</time>
        <extensions>
          <gpxtpx:TrackPointExtension>
            <gpxtpx:hr>151</gpxtpx:hr>
          </gpxtpx:TrackPointExtension>
        </extensions>
      </trkpt>
      <trkpt lat="39.93830639735645" lon="116.47843277012808">
        <ele>21.0</ele>
        <time>2023-08-05T23:03:46Z</time>
        <extensions>
          <gpxtpx:TrackPointExtension>
            <gpxtpx:hr>150</gpxtpx:hr>
          </gpxtpx:TrackPointExtension>
        </extensions>
      </trkpt>
      <trkpt lat="39.93863670857458" lon="116.4785451439761">
        <ele>22.2</ele>
        <time>2023-08-05T23:04:01Z</time>
        <extensions>
          <gpxtpx:TrackPointExtension>
            <gpxtpx:hr>151</gpxtpx:hr>
          </gpxtpx:TrackPointExtension>
        </extensions>
      </trkpt>
      <trkpt lat="39.93894702075672" lon="116.4786575205161">
        <ele>23.7</ele>
        <time>2023-08-05T23:04:13Z</time>
        <extensions>
          <gpxtpx:TrackPointExtension>
            <gpxtpx:hr>151</gpxtpx:hr>
          </gpxtpx:TrackPointExtension>
        </extensions>
      </trkpt>
      <trkpt lat="39.93923998876078" lon="116.47865045787559">
        <ele>23.2</ele>
        <time>2023-08-05T23:04:28Z</time>
        <extensions>
          <gpxtpx:TrackPointExtension>
            <gpxtpx:hr>150</gpxtpx:hr>
          </gpxtpx:TrackPointExtension>
        </extensions>
      </trkpt>
      <trkpt lat="39.9395748072865" lon="116.47859220083319">
        <ele>22.5</ele>
        <time>2023-08-05T23:04:43Z</time>
        <extensions>
          <gpxtpx:TrackPointExtension>
            <gpxtpx:hr>151</gpxtpx:hr>
          </gpxtpx:TrackPointExtension>
        </extensions>
      </trkpt>
      <trkpt lat="39.93983215687255" lon="116.47837034935152">
        <ele>21.5</ele>
        <time>2023-08-05T23:04:58Z</time>
        <extensions>
          <gpxtpx:TrackPointExtension>
            <gpxtpx:hr>149</gpxtpx:hr>
          </gpxtpx:TrackPointExtension>
        </extensions>
      </trkpt>
      <trkpt lat="39.93999462079044" lon="116.47818665116569">
        <ele>22.099999999999998</ele>
        <time>2023-08-05T23:05:07Z</time>
        <extensions>
          <gpxtpx:TrackPointExtension>
            <gpxtpx:hr>151</gpxtpx:hr>
          </gpxtpx:TrackPointExtension>
        </extensions>
      </trkpt>
      <trkpt lat="39.940154698040324" lon="116.47786845813157">
        <ele>21.5</ele>
        <time>2023-08-05T23:05:19Z</time>
        <extensions>
          <gpxtpx:TrackPointExtension>
            <gpxtpx:hr>151</gpxtpx:hr>
          </gpxtpx:TrackPointExtension>
        </extensions>
      </trkpt>
      <trkpt lat="39.940216533829435" lon="116.47781224333241">
        <ele>19.8</ele>
        <time>2023-08-05T23:05:22Z</time>
        <extensions>
          <gpxtpx:TrackPointExtension>
            <gpxtpx:hr>151</gpxtpx:hr>
          </gpxtpx:TrackPointExtension>
        </extensions>
      </trkpt>
      <trkpt lat="39.940298559437316" lon="116.47782227003108">
        <ele>19.3</ele>
        <time>2023-08-05T23:05:25Z</time>
        <extensions>
          <gpxtpx:TrackPointExtension>
            <gpxtpx:hr>149</gpxtpx:hr>
          </gpxtpx:TrackPointExtension>
        </extensions>
      </trkpt>
      <trkpt lat="39.940381839207895" lon="116.47792062199728">
        <ele>21.0</ele>
        <time>2023-08-05T23:05:31Z</time>
        <extensions>
          <gpxtpx:TrackPointExtension>
            <gpxtpx:hr>149</gpxtpx:hr>
          </gpxtpx:TrackPointExtension>
        </extensions>
      </trkpt>
      <trkpt lat="39.940565198947986" lon="116.47804806889204">
        <ele>22.099999999999998</ele>
        <time>2023-08-05T23:05:40Z</time>
        <extensions>
          <gpxtpx:TrackPointExtension>
            <gpxtpx:hr>151</gpxtpx:hr>
          </gpxtpx:TrackPointExtension>
        </extensions>
      </trkpt>
      <trkpt lat="39.9406425197394" lon="116.4781604737762">
        <ele>22.7</ele>
        <time>2023-08-05T23:05:46Z</time>
        <extensions>
          <gpxtpx:TrackPointExtension>
            <gpxtpx:hr>151</gpxtpx:hr>
          </gpxtpx:TrackPointExtension>
        </extensions>
      </trkpt>
      <trkpt lat="39.940768661134115" lon="116.47855792528723">
        <ele>16.099999999999998</ele>
        <time>2023-08-05T23:06:01Z</time>
        <extensions>
          <gpxtpx:TrackPointExtension>
            <gpxtpx:hr>151</gpxtpx:hr>
          </gpxtpx:TrackPointExtension>
        </extensions>
      </trkpt>
      <trkpt lat="39.94088452344026" lon="116.47885802021003">
        <ele>9.399999999999999</ele>
        <time>2023-08-05T23:06:13Z</time>
        <extensions>
          <gpxtpx:TrackPointExtension>
            <gpxtpx:hr>151</gpxtpx:hr>
          </gpxtpx:TrackPointExtension>
        </extensions>
      </trkpt>
      <trkpt lat="39.94112428606188" lon="116.47912497826904">
        <ele>9.100000000000001</ele>
        <time>2023-08-05T23:06:28Z</time>
        <extensions>
          <gpxtpx:TrackPointExtension>
            <gpxtpx:hr>150</gpxtpx:hr>
          </gpxtpx:TrackPointExtension>
        </extensions>
      </trkpt>
      <trkpt lat="39.941329062573956" lon="116.47939595659616">
        <ele>13.0</ele>
        <time>2023-08-05T23:06:40Z</time>
        <extensions>
          <gpxtpx:TrackPointExtension>
            <gpxtpx:hr>149</gpxtpx:hr>
          </gpxtpx:TrackPointExtension>
        </extensions>
      </trkpt>
      <trkpt lat="39.94136027654159" lon="116.47947022802624">
        <ele>16.0</ele>
        <time>2023-08-05T23:06:43Z</time>
        <extensions>
          <gpxtpx:TrackPointExtension>
            <gpxtpx:hr>148</gpxtpx:hr>
          </gpxtpx:TrackPointExtension>
        </extensions>
      </trkpt>
      <trkpt lat="39.94137966855192" lon="116.4796057280972">
        <ele>18.5</ele>
        <time>2023-08-05T23:06:49Z</time>
        <extensions>
          <gpxtpx:TrackPointExtension>
            <gpxtpx:hr>149</gpxtpx:hr>
          </gpxtpx:TrackPointExtension>
        </extensions>
      </trkpt>
      <trkpt lat="39.94140684501969" lon="116.47966695183278">
        <ele>20.0</ele>
        <time>2023-08-05T23:06:52Z</time>
        <extensions>
          <gpxtpx:TrackPointExtension>
            <gpxtpx:hr>150</gpxtpx:hr>
          </gpxtpx:TrackPointExtension>
        </extensions>
      </trkpt>
      <trkpt lat="39.94145875175901" lon="116.47998010787173">
        <ele>22.9</ele>
        <time>2023-08-05T23:07:04Z</time>
        <extensions>
          <gpxtpx:TrackPointExtension>
            <gpxtpx:hr>151</gpxtpx:hr>
          </gpxtpx:TrackPointExtension>
        </extensions>
      </trkpt>
      <trkpt lat="39.94163966323542" lon="116.48029626026201">
        <ele>19.0</ele>
        <time>2023-08-05T23:07:16Z</time>
        <extensions>
          <gpxtpx:TrackPointExtension>
            <gpxtpx:hr>150</gpxtpx:hr>
          </gpxtpx:TrackPointExtension>
        </extensions>
      </trkpt>
      <trkpt lat="39.94168783935019" lon="116.48035748192926">
        <ele>19.099999999999998</ele>
        <time>2023-08-05T23:07:19Z</time>
        <extensions>
          <gpxtpx:TrackPointExtension>
            <gpxtpx:hr>150</gpxtpx:hr>
          </gpxtpx:TrackPointExtension>
        </extensions>
      </trkpt>
      <trkpt lat="39.94191924765586" lon="116.4805009869438">
        <ele>18.0</ele>
        <time>2023-08-05T23:07:31Z</time>
        <extensions>
          <gpxtpx:TrackPointExtension>
            <gpxtpx:hr>151</gpxtpx:hr>
          </gpxtpx:TrackPointExtension>
        </extensions>
      </trkpt>
      <trkpt lat="39.94211638292665" lon="116.48055014531009">
        <ele>18.599999999999998</ele>
        <time>2023-08-05T23:07:40Z</time>
        <extensions>
          <gpxtpx:TrackPointExtension>
            <gpxtpx:hr>151</gpxtpx:hr>
          </gpxtpx:TrackPointExtension>
        </extensions>
      </trkpt>
      <trkpt lat="39.94245045726803" lon="116.48058021559181">
        <ele>24.2</ele>
        <time>2023-08-05T23:07:52Z</time>
        <extensions>
          <gpxtpx:TrackPointExtension>
            <gpxtpx:hr>154</gpxtpx:hr>
          </gpxtpx:TrackPointExtension>
        </extensions>
      </trkpt>
      <trkpt lat="39.94275940407863" lon="116.48056612464117">
        <ele>24.599999999999998</ele>
        <time>2023-08-05T23:08:04Z</time>
        <extensions>
          <gpxtpx:TrackPointExtension>
            <gpxtpx:hr>153</gpxtpx:hr>
          </gpxtpx:TrackPointExtension>
        </extensions>
      </trkpt>
      <trkpt lat="39.9429033983514" lon="116.4805661066277">
        <ele>21.5</ele>
        <time>2023-08-05T23:08:10Z</time>
        <extensions>
          <gpxtpx:TrackPointExtension>
            <gpxtpx:hr>153</gpxtpx:hr>
          </gpxtpx:TrackPointExtension>
        </extensions>
      </trkpt>
      <trkpt lat="39.94307402065877" lon="116.48043861093649">
        <ele>19.3</ele>
        <time>2023-08-05T23:08:19Z</time>
        <extensions>
          <gpxtpx:TrackPointExtension>
            <gpxtpx:hr>154</gpxtpx:hr>
          </gpxtpx:TrackPointExtension>
        </extensions>
      </trkpt>
      <trkpt lat="39.94318000768513" lon="116.48043558647421">
        <ele>21.5</ele>
        <time>2023-08-05T23:08:25Z</time>
        <extensions>
          <gpxtpx:TrackPointExtension>
            <gpxtpx:hr>155</gpxtpx:hr>
          </gpxtpx:TrackPointExtension>
        </extensions>
      </trkpt>
      <trkpt lat="39.943225102251425" lon="116.48046870406718">
        <ele>22.0</ele>
        <time>2023-08-05T23:08:28Z</time>
        <extensions>
          <gpxtpx:TrackPointExtension>
            <gpxtpx:hr>154</gpxtpx:hr>
          </gpxtpx:TrackPointExtension>
        </extensions>
      </trkpt>
      <trkpt lat="39.9432541559918" lon="116.48083104944462">
        <ele>26.2</ele>
        <time>2023-08-05T23:08:43Z</time>
        <extensions>
          <gpxtpx:TrackPointExtension>
            <gpxtpx:hr>152</gpxtpx:hr>
          </gpxtpx:TrackPointExtension>
        </extensions>
      </trkpt>
      <trkpt lat="39.94327387486684" lon="116.48107796717738">
        <ele>24.9</ele>
        <time>2023-08-05T23:08:52Z</time>
        <extensions>
          <gpxtpx:TrackPointExtension>
            <gpxtpx:hr>152</gpxtpx:hr>
          </gpxtpx:TrackPointExtension>
        </extensions>
      </trkpt>
      <trkpt lat="39.94331734155556" lon="116.48123856063964">
        <ele>22.099999999999998</ele>
        <time>2023-08-05T23:08:58Z</time>
        <extensions>
          <gpxtpx:TrackPointExtension>
            <gpxtpx:hr>152</gpxtpx:hr>
          </gpxtpx:TrackPointExtension>
        </extensions>
      </trkpt>
      <trkpt lat="39.94330544385982" lon="116.48161597073675">
        <ele>22.8</ele>
        <time>2023-08-05T23:09:10Z</time>
        <extensions>
          <gpxtpx:TrackPointExtension>
            <gpxtpx:hr>153</gpxtpx:hr>
          </gpxtpx:TrackPointExtension>
        </extensions>
      </trkpt>
      <trkpt lat="39.94331372801502" lon="116.48171333335952">
        <ele>21.4</ele>
        <time>2023-08-05T23:09:13Z</time>
        <extensions>
          <gpxtpx:TrackPointExtension>
            <gpxtpx:hr>153</gpxtpx:hr>
          </gpxtpx:TrackPointExtension>
        </extensions>
      </trkpt>
      <trkpt lat="39.94335491413095" lon="116.48177756820857">
        <ele>19.099999999999998</ele>
        <time>2023-08-05T23:09:16Z</time>
        <extensions>
          <gpxtpx:TrackPointExtension>
            <gpxtpx:hr>152</gpxtpx:hr>
          </gpxtpx:TrackPointExtension>
        </extensions>
      </trkpt>
      <trkpt lat="39.94344992502399" lon="116.48178257508059">
        <ele>17.099999999999998</ele>
        <time>2023-08-05T23:09:22Z</time>
        <extensions>
          <gpxtpx:TrackPointExtension>
            <gpxtpx:hr>151</gpxtpx:hr>
          </gpxtpx:TrackPointExtension>
        </extensions>
      </trkpt>
      <trkpt lat="39.94352674888079" lon="116.48172334422007">
        <ele>18.0</ele>
        <time>2023-08-05T23:09:28Z</time>
        <extensions>
          <gpxtpx:TrackPointExtension>
            <gpxtpx:hr>151</gpxtpx:hr>
          </gpxtpx:TrackPointExtension>
        </extensions>
      </trkpt>
      <trkpt lat="39.94364957681033" lon="116.4816661151445">
        <ele>16.2</ele>
        <time>2023-08-05T23:09:37Z</time>
        <extensions>
          <gpxtpx:TrackPointExtension>
            <gpxtpx:hr>150</gpxtpx:hr>
          </gpxtpx:TrackPointExtension>
        </extensions>
      </trkpt>
      <trkpt lat="39.943872175054864" lon="116.48153158503322">
        <ele>17.3</ele>
        <time>2023-08-05T23:09:49Z</time>
        <extensions>
          <gpxtpx:TrackPointExtension>
            <gpxtpx:hr>152</gpxtpx:hr>
          </gpxtpx:TrackPointExtension>
        </extensions>
      </trkpt>
      <trkpt lat="39.94410412773117" lon="116.48151850730933">
        <ele>17.5</ele>
        <time>2023-08-05T23:10:01Z</time>
        <extensions>
          <gpxtpx:TrackPointExtension>
            <gpxtpx:hr>151</gpxtpx:hr>
          </gpxtpx:TrackPointExtension>
        </extensions>
      </trkpt>
      <trkpt lat="39.94439417190808" lon="116.48153754224096">
        <ele>19.599999999999998</ele>
        <time>2023-08-05T23:10:10Z</time>
        <extensions>
          <gpxtpx:TrackPointExtension>
            <gpxtpx:hr>153</gpxtpx:hr>
          </gpxtpx:TrackPointExtension>
        </extensions>
      </trkpt>
      <trkpt lat="39.94453728642642" lon="116.48157867800748">
        <ele>20.8</ele>
        <time>2023-08-05T23:10:16Z</time>
        <extensions>
          <gpxtpx:TrackPointExtension>
            <gpxtpx:hr>151</gpxtpx:hr>
          </gpxtpx:TrackPointExtension>
        </extensions>
      </trkpt>
      <trkpt lat="39.94462769047719" lon="116.48171818780526">
        <ele>20.099999999999998</ele>
        <time>2023-08-05T23:10:22Z</time>
        <extensions>
          <gpxtpx:TrackPointExtension>
            <gpxtpx:hr>152</gpxtpx:hr>
          </gpxtpx:TrackPointExtension>
        </extensions>
      </trkpt>
      <trkpt lat="39.94488405291842" lon="116.48184563205884">
        <ele>23.0</ele>
        <time>2023-08-05T23:10:37Z</time>
        <extensions>
          <gpxtpx:TrackPointExtension>
            <gpxtpx:hr>152</gpxtpx:hr>
          </gpxtpx:TrackPointExtension>
        </extensions>
      </trkpt>
      <trkpt lat="39.945180314124435" lon="116.48193894392571">
        <ele>23.7</ele>
        <time>2023-08-05T23:10:49Z</time>
        <extensions>
          <gpxtpx:TrackPointExtension>
            <gpxtpx:hr>151</gpxtpx:hr>
          </gpxtpx:TrackPointExtension>
        </extensions>
      </trkpt>
      <trkpt lat="39.94545031808786" lon="116.4819439289262">
        <ele>24.2</ele>
        <time>2023-08-05T23:11:01Z</time>
        <extensions>
          <gpxtpx:TrackPointExtension>
            <gpxtpx:hr>150</gpxtpx:hr>
          </gpxtpx:TrackPointExtension>
        </extensions>
      </trkpt>
      <trkpt lat="39.94573914518474" lon="116.48188868644873">
        <ele>25.9</ele>
        <time>2023-08-05T23:11:13Z</time>
        <extensions>
          <gpxtpx:TrackPointExtension>
            <gpxtpx:hr>153</gpxtpx:hr>
          </gpxtpx:TrackPointExtension>
        </extensions>
      </trkpt>
      <trkpt lat="39.94595488718184" lon="116.48180334061377">
        <ele>25.2</ele>
        <time>2023-08-05T23:11:25Z</time>
        <extensions>
          <gpxtpx:TrackPointExtension>
            <gpxtpx:hr>154</gpxtpx:hr>
          </gpxtpx:TrackPointExtension>
        </extensions>
      </trkpt>
      <trkpt lat="39.94620729932515" lon="116.48160557036427">
        <ele>24.4</ele>
        <time>2023-08-05T23:11:40Z</time>
        <extensions>
          <gpxtpx:TrackPointExtension>
            <gpxtpx:hr>153</gpxtpx:hr>
          </gpxtpx:TrackPointExtension>
        </extensions>
      </trkpt>
      <trkpt lat="39.94647680789096" lon="116.48144092205258">
        <ele>18.9</ele>
        <time>2023-08-05T23:11:55Z</time>
        <extensions>
          <gpxtpx:TrackPointExtension>
            <gpxtpx:hr>153</gpxtpx:hr>
          </gpxtpx:TrackPointExtension>
        </extensions>
      </trkpt>
      <trkpt lat="39.94673434650032" lon="116.48128631299662">
        <ele>16.7</ele>
        <time>2023-08-05T23:12:07Z</time>
        <extensions>
          <gpxtpx:TrackPointExtension>
            <gpxtpx:hr>152</gpxtpx:hr>
          </gpxtpx:TrackPointExtension>
        </extensions>
      </trkpt>
      <trkpt lat="39.946961883621356" lon="116.48113070422835">
        <ele>17.0</ele>
        <time>2023-08-05T23:12:19Z</time>
        <extensions>
          <gpxtpx:TrackPointExtension>
            <gpxtpx:hr>150</gpxtpx:hr>
          </gpxtpx:TrackPointExtension>
        </extensions>
      </trkpt>
      <trkpt lat="39.9472233465156" lon="116.48094999797775">
        <ele>19.5</ele>
        <time>2023-08-05T23:12:34Z</time>
        <extensions>
          <gpxtpx:TrackPointExtension>
            <gpxtpx:hr>152</gpxtpx:hr>
          </gpxtpx:TrackPointExtension>
        </extensions>
      </trkpt>
      <trkpt lat="39.947501914333046" lon="116.48080542457667">
        <ele>19.9</ele>
        <time>2023-08-05T23:12:46Z</time>
        <extensions>
          <gpxtpx:TrackPointExtension>
            <gpxtpx:hr>152</gpxtpx:hr>
          </gpxtpx:TrackPointExtension>
        </extensions>
      </trkpt>
      <trkpt lat="39.947741627121026" lon="116.48071003943085">
        <ele>24.099999999999998</ele>
        <time>2023-08-05T23:12:55Z</time>
        <extensions>
          <gpxtpx:TrackPointExtension>
            <gpxtpx:hr>152</gpxtpx:hr>
          </gpxtpx:TrackPointExtension>
        </extensions>
      </trkpt>
      <trkpt lat="39.94804206300681" lon="116.4805202956031">
        <ele>21.8</ele>
        <time>2023-08-05T23:13:10Z</time>
        <extensions>
          <gpxtpx:TrackPointExtension>
            <gpxtpx:hr>152</gpxtpx:hr>
          </gpxtpx:TrackPointExtension>
        </extensions>
      </trkpt>
      <trkpt lat="39.94823671656844" lon="116.48040383801127">
        <ele>21.4</ele>
        <time>2023-08-05T23:13:19Z</time>
        <extensions>
          <gpxtpx:TrackPointExtension>
            <gpxtpx:hr>152</gpxtpx:hr>
          </gpxtpx:TrackPointExtension>
        </extensions>
      </trkpt>
      <trkpt lat="39.948364192038404" lon="116.48022515760309">
        <ele>21.4</ele>
        <time>2023-08-05T23:13:28Z</time>
        <extensions>
          <gpxtpx:TrackPointExtension>
            <gpxtpx:hr>150</gpxtpx:hr>
          </gpxtpx:TrackPointExtension>
        </extensions>
      </trkpt>
      <trkpt lat="39.94845958459543" lon="116.48001737347266">
        <ele>19.5</ele>
        <time>2023-08-05T23:13:37Z</time>
        <extensions>
          <gpxtpx:TrackPointExtension>
            <gpxtpx:hr>150</gpxtpx:hr>
          </gpxtpx:TrackPointExtension>
        </extensions>
      </trkpt>
      <trkpt lat="39.94856058140574" lon="116.4796730825567">
        <ele>20.4</ele>
        <time>2023-08-05T23:13:49Z</time>
        <extensions>
          <gpxtpx:TrackPointExtension>
            <gpxtpx:hr>149</gpxtpx:hr>
          </gpxtpx:TrackPointExtension>
        </extensions>
      </trkpt>
      <trkpt lat="39.94861038397718" lon="116.47926054673714">
        <ele>18.099999999999998</ele>
        <time>2023-08-05T23:14:04Z</time>
        <extensions>
          <gpxtpx:TrackPointExtension>
            <gpxtpx:hr>150</gpxtpx:hr>
          </gpxtpx:TrackPointExtension>
        </extensions>
      </trkpt>
      <trkpt lat="39.94862995612301" lon="116.47911299777996">
        <ele>17.0</ele>
        <time>2023-08-05T23:14:10Z</time>
        <extensions>
          <gpxtpx:TrackPointExtension>
            <gpxtpx:hr>150</gpxtpx:hr>
          </gpxtpx:TrackPointExtension>
        </extensions>
      </trkpt>
      <trkpt lat="39.94861034144069" lon="116.47890021261703">
        <ele>17.8</ele>
        <time>2023-08-05T23:14:16Z</time>
        <extensions>
          <gpxtpx:TrackPointExtension>
            <gpxtpx:hr>150</gpxtpx:hr>
          </gpxtpx:TrackPointExtension>
        </extensions>
      </trkpt>
      <trkpt lat="39.94861974935929" lon="116.47869545415232">
        <ele>18.3</ele>
        <time>2023-08-05T23:14:25Z</time>
        <extensions>
          <gpxtpx:TrackPointExtension>
            <gpxtpx:hr>150</gpxtpx:hr>
          </gpxtpx:TrackPointExtension>
        </extensions>
      </trkpt>
      <trkpt lat="39.94875369824691" lon="116.47833309877056">
        <ele>19.2</ele>
        <time>2023-08-05T23:14:37Z</time>
        <extensions>
          <gpxtpx:TrackPointExtension>
            <gpxtpx:hr>152</gpxtpx:hr>
          </gpxtpx:TrackPointExtension>
        </extensions>
      </trkpt>
      <trkpt lat="39.948908827173504" lon="116.47803297210676">
        <ele>18.8</ele>
        <time>2023-08-05T23:14:49Z</time>
        <extensions>
          <gpxtpx:TrackPointExtension>
            <gpxtpx:hr>151</gpxtpx:hr>
          </gpxtpx:TrackPointExtension>
        </extensions>
      </trkpt>
      <trkpt lat="39.94895865177632" lon="116.47797274384172">
        <ele>18.2</ele>
        <time>2023-08-05T23:14:52Z</time>
        <extensions>
          <gpxtpx:TrackPointExtension>
            <gpxtpx:hr>151</gpxtpx:hr>
          </gpxtpx:TrackPointExtension>
        </extensions>
      </trkpt>
      <trkpt lat="39.94924972118242" lon="116.47800081098414">
        <ele>17.2</ele>
        <time>2023-08-05T23:15:07Z</time>
        <extensions>
          <gpxtpx:TrackPointExtension>
            <gpxtpx:hr>149</gpxtpx:hr>
          </gpxtpx:TrackPointExtension>
        </extensions>
      </trkpt>
      <trkpt lat="39.94934972589612" lon="116.47800380955783">
        <ele>17.599999999999998</ele>
        <time>2023-08-05T23:15:10Z</time>
        <extensions>
          <gpxtpx:TrackPointExtension>
            <gpxtpx:hr>147</gpxtpx:hr>
          </gpxtpx:TrackPointExtension>
        </extensions>
      </trkpt>
      <trkpt lat="39.94940165447463" lon="116.47797971424676">
        <ele>17.2</ele>
        <time>2023-08-05T23:15:13Z</time>
        <extensions>
          <gpxtpx:TrackPointExtension>
            <gpxtpx:hr>148</gpxtpx:hr>
          </gpxtpx:TrackPointExtension>
        </extensions>
      </trkpt>
      <trkpt lat="39.949663970761584" lon="116.47809309959273">
        <ele>24.2</ele>
        <time>2023-08-05T23:15:25Z</time>
        <extensions>
          <gpxtpx:TrackPointExtension>
            <gpxtpx:hr>149</gpxtpx:hr>
          </gpxtpx:TrackPointExtension>
        </extensions>
      </trkpt>
      <trkpt lat="39.94972400308637" lon="116.4781051364955">
        <ele>26.099999999999998</ele>
        <time>2023-08-05T23:15:28Z</time>
        <extensions>
          <gpxtpx:TrackPointExtension>
            <gpxtpx:hr>151</gpxtpx:hr>
          </gpxtpx:TrackPointExtension>
        </extensions>
      </trkpt>
      <trkpt lat="39.94985381290527" lon="116.47804088333781">
        <ele>24.9</ele>
        <time>2023-08-05T23:15:34Z</time>
        <extensions>
          <gpxtpx:TrackPointExtension>
            <gpxtpx:hr>151</gpxtpx:hr>
          </gpxtpx:TrackPointExtension>
        </extensions>
      </trkpt>
      <trkpt lat="39.94998933649877" lon="116.47787726329635">
        <ele>22.5</ele>
        <time>2023-08-05T23:15:43Z</time>
        <extensions>
          <gpxtpx:TrackPointExtension>
            <gpxtpx:hr>153</gpxtpx:hr>
          </gpxtpx:TrackPointExtension>
        </extensions>
      </trkpt>
      <trkpt lat="39.95010776009624" lon="116.47767851645519">
        <ele>18.599999999999998</ele>
        <time>2023-08-05T23:15:52Z</time>
        <extensions>
          <gpxtpx:TrackPointExtension>
            <gpxtpx:hr>154</gpxtpx:hr>
          </gpxtpx:TrackPointExtension>
        </extensions>
      </trkpt>
      <trkpt lat="39.95016877788582" lon="116.47768553467878">
        <ele>16.599999999999998</ele>
        <time>2023-08-05T23:15:55Z</time>
        <extensions>
          <gpxtpx:TrackPointExtension>
            <gpxtpx:hr>152</gpxtpx:hr>
          </gpxtpx:TrackPointExtension>
        </extensions>
      </trkpt>
      <trkpt lat="39.95029709037711" lon="116.47779592520966">
        <ele>13.8</ele>
        <time>2023-08-05T23:16:01Z</time>
        <extensions>
          <gpxtpx:TrackPointExtension>
            <gpxtpx:hr>150</gpxtpx:hr>
          </gpxtpx:TrackPointExtension>
        </extensions>
      </trkpt>
      <trkpt lat="39.950394014174286" lon="116.47811810069214">
        <ele>16.7</ele>
        <time>2023-08-05T23:16:13Z</time>
        <extensions>
          <gpxtpx:TrackPointExtension>
            <gpxtpx:hr>150</gpxtpx:hr>
          </gpxtpx:TrackPointExtension>
        </extensions>
      </trkpt>
      <trkpt lat="39.9502138286495" lon="116.47839815677065">
        <ele>18.9</ele>
        <time>2023-08-05T23:16:28Z</time>
        <extensions>
          <gpxtpx:TrackPointExtension>
            <gpxtpx:hr>150</gpxtpx:hr>
          </gpxtpx:TrackPointExtension>
        </extensions>
      </trkpt>
      <trkpt lat="39.95007436715618" lon="116.4785828564701">
        <ele>17.4</ele>
        <time>2023-08-05T23:16:37Z</time>
        <extensions>
          <gpxtpx:TrackPointExtension>
            <gpxtpx:hr>152</gpxtpx:hr>
          </gpxtpx:TrackPointExtension>
        </extensions>
      </trkpt>
      <trkpt lat="39.950046846561364" lon="116.4787484721245">
        <ele>16.9</ele>
        <time>2023-08-05T23:16:43Z</time>
        <extensions>
          <gpxtpx:TrackPointExtension>
            <gpxtpx:hr>152</gpxtpx:hr>
          </gpxtpx:TrackPointExtension>
        </extensions>
      </trkpt>
      <trkpt lat="39.95013981214955" lon="116.47908370094837">
        <ele>14.7</ele>
        <time>2023-08-05T23:16:55Z</time>
        <extensions>
          <gpxtpx:TrackPointExtension>
            <gpxtpx:hr>152</gpxtpx:hr>
          </gpxtpx:TrackPointExtension>
        </extensions>
      </trkpt>
      <trkpt lat="39.95029992477377" lon="116.4794701127456">
        <ele>17.0</ele>
        <time>2023-08-05T23:17:10Z</time>
        <extensions>
          <gpxtpx:TrackPointExtension>
            <gpxtpx:hr>153</gpxtpx:hr>
          </gpxtpx:TrackPointExtension>
        </extensions>
      </trkpt>
      <trkpt lat="39.95039734862701" lon="116.47961764779708">
        <ele>18.599999999999998</ele>
        <time>2023-08-05T23:17:16Z</time>
        <extensions>
          <gpxtpx:TrackPointExtension>
            <gpxtpx:hr>152</gpxtpx:hr>
          </gpxtpx:TrackPointExtension>
        </extensions>
      </trkpt>
      <trkpt lat="39.95045447443816" lon="116.47966180450545">
        <ele>19.2</ele>
        <time>2023-08-05T23:17:19Z</time>
        <extensions>
          <gpxtpx:TrackPointExtension>
            <gpxtpx:hr>153</gpxtpx:hr>
          </gpxtpx:TrackPointExtension>
        </extensions>
      </trkpt>
      <trkpt lat="39.95055451996882" lon="116.47967885529759">
        <ele>21.5</ele>
        <time>2023-08-05T23:17:25Z</time>
        <extensions>
          <gpxtpx:TrackPointExtension>
            <gpxtpx:hr>150</gpxtpx:hr>
          </gpxtpx:TrackPointExtension>
        </extensions>
      </trkpt>
      <trkpt lat="39.95073809071366" lon="116.47953329238777">
        <ele>24.0</ele>
        <time>2023-08-05T23:17:37Z</time>
        <extensions>
          <gpxtpx:TrackPointExtension>
            <gpxtpx:hr>151</gpxtpx:hr>
          </gpxtpx:TrackPointExtension>
        </extensions>
      </trkpt>
      <trkpt lat="39.95079903011681" lon="116.47951321030793">
        <ele>24.5</ele>
        <time>2023-08-05T23:17:40Z</time>
        <extensions>
          <gpxtpx:TrackPointExtension>
            <gpxtpx:hr>153</gpxtpx:hr>
          </gpxtpx:TrackPointExtension>
        </extensions>
      </trkpt>
      <trkpt lat="39.950932132501464" lon="116.4795503313816">
        <ele>25.0</ele>
        <time>2023-08-05T23:17:46Z</time>
        <extensions>
          <gpxtpx:TrackPointExtension>
            <gpxtpx:hr>154</gpxtpx:hr>
          </gpxtpx:TrackPointExtension>
        </extensions>
      </trkpt>
      <trkpt lat="39.95104444237079" lon="116.47965871947427">
        <ele>27.499999999999996</ele>
        <time>2023-08-05T23:17:52Z</time>
        <extensions>
          <gpxtpx:TrackPointExtension>
            <gpxtpx:hr>154</gpxtpx:hr>
          </gpxtpx:TrackPointExtension>
        </extensions>
      </trkpt>
      <trkpt lat="39.95109337252963" lon="116.47997990584238">
        <ele>25.599999999999998</ele>
        <time>2023-08-05T23:18:04Z</time>
        <extensions>
          <gpxtpx:TrackPointExtension>
            <gpxtpx:hr>153</gpxtpx:hr>
          </gpxtpx:TrackPointExtension>
        </extensions>
      </trkpt>
      <trkpt lat="39.951084037736315" lon="116.48020875749383">
        <ele>18.0</ele>
        <time>2023-08-05T23:18:13Z</time>
        <extensions>
          <gpxtpx:TrackPointExtension>
            <gpxtpx:hr>153</gpxtpx:hr>
          </gpxtpx:TrackPointExtension>
        </extensions>
      </trkpt>
      <trkpt lat="39.951127427033484" lon="116.48034325222562">
        <ele>16.7</ele>
        <time>2023-08-05T23:18:19Z</time>
        <extensions>
          <gpxtpx:TrackPointExtension>
            <gpxtpx:hr>154</gpxtpx:hr>
          </gpxtpx:TrackPointExtension>
        </extensions>
      </trkpt>
      <trkpt lat="39.951199716106814" lon="116.48044361658522">
        <ele>17.4</ele>
        <time>2023-08-05T23:18:25Z</time>
        <extensions>
          <gpxtpx:TrackPointExtension>
            <gpxtpx:hr>155</gpxtpx:hr>
          </gpxtpx:TrackPointExtension>
        </extensions>
      </trkpt>
      <trkpt lat="39.951262198488735" lon="116.48061022890352">
        <ele>18.599999999999998</ele>
        <time>2023-08-05T23:18:31Z</time>
        <extensions>
          <gpxtpx:TrackPointExtension>
            <gpxtpx:hr>154</gpxtpx:hr>
          </gpxtpx:TrackPointExtension>
        </extensions>
      </trkpt>
      <trkpt lat="39.95129919689105" lon="116.48095350299845">
        <ele>19.3</ele>
        <time>2023-08-05T23:18:43Z</time>
        <extensions>
          <gpxtpx:TrackPointExtension>
            <gpxtpx:hr>152</gpxtpx:hr>
          </gpxtpx:TrackPointExtension>
        </extensions>
      </trkpt>
      <trkpt lat="39.951259933063305" lon="116.4812054473047">
        <ele>16.7</ele>
        <time>2023-08-05T23:18:52Z</time>
        <extensions>
          <gpxtpx:TrackPointExtension>
            <gpxtpx:hr>151</gpxtpx:hr>
          </gpxtpx:TrackPointExtension>
        </extensions>
      </trkpt>
      <trkpt lat="39.95120338928091" lon="116.48136103486033">
        <ele>16.7</ele>
        <time>2023-08-05T23:18:58Z</time>
        <extensions>
          <gpxtpx:TrackPointExtension>
            <gpxtpx:hr>151</gpxtpx:hr>
          </gpxtpx:TrackPointExtension>
        </extensions>
      </trkpt>
      <trkpt lat="39.95111486460133" lon="116.48152264918666">
        <ele>17.7</ele>
        <time>2023-08-05T23:19:04Z</time>
        <extensions>
          <gpxtpx:TrackPointExtension>
            <gpxtpx:hr>151</gpxtpx:hr>
          </gpxtpx:TrackPointExtension>
        </extensions>
      </trkpt>
      <trkpt lat="39.95087257507665" lon="116.4817625755584">
        <ele>19.099999999999998</ele>
        <time>2023-08-05T23:19:16Z</time>
        <extensions>
          <gpxtpx:TrackPointExtension>
            <gpxtpx:hr>152</gpxtpx:hr>
          </gpxtpx:TrackPointExtension>
        </extensions>
      </trkpt>
      <trkpt lat="39.95076399020417" lon="116.48190311433333">
        <ele>24.7</ele>
        <time>2023-08-05T23:19:22Z</time>
        <extensions>
          <gpxtpx:TrackPointExtension>
            <gpxtpx:hr>151</gpxtpx:hr>
          </gpxtpx:TrackPointExtension>
        </extensions>
      </trkpt>
      <trkpt lat="39.95084499729851" lon="116.48224839560928">
        <ele>18.599999999999998</ele>
        <time>2023-08-05T23:19:37Z</time>
        <extensions>
          <gpxtpx:TrackPointExtension>
            <gpxtpx:hr>150</gpxtpx:hr>
          </gpxtpx:TrackPointExtension>
        </extensions>
      </trkpt>
      <trkpt lat="39.950859719901366" lon="116.48249531806808">
        <ele>17.599999999999998</ele>
        <time>2023-08-05T23:19:46Z</time>
        <extensions>
          <gpxtpx:TrackPointExtension>
            <gpxtpx:hr>151</gpxtpx:hr>
          </gpxtpx:TrackPointExtension>
        </extensions>
      </trkpt>
      <trkpt lat="39.95100791110479" lon="116.48256255139111">
        <ele>17.3</ele>
        <time>2023-08-05T23:19:58Z</time>
        <extensions>
          <gpxtpx:TrackPointExtension>
            <gpxtpx:hr>150</gpxtpx:hr>
          </gpxtpx:TrackPointExtension>
        </extensions>
      </trkpt>
      <trkpt lat="39.9512847854395" lon="116.48252337016402">
        <ele>20.0</ele>
        <time>2023-08-05T23:20:13Z</time>
        <extensions>
          <gpxtpx:TrackPointExtension>
            <gpxtpx:hr>151</gpxtpx:hr>
          </gpxtpx:TrackPointExtension>
        </extensions>
      </trkpt>
      <trkpt lat="39.95139666337382" lon="116.48248320582474">
        <ele>19.0</ele>
        <time>2023-08-05T23:20:19Z</time>
        <extensions>
          <gpxtpx:TrackPointExtension>
            <gpxtpx:hr>151</gpxtpx:hr>
          </gpxtpx:TrackPointExtension>
        </extensions>
      </trkpt>
      <trkpt lat="39.951671955777044" lon="116.48224528092575">
        <ele>17.2</ele>
        <time>2023-08-05T23:20:34Z</time>
        <extensions>
          <gpxtpx:TrackPointExtension>
            <gpxtpx:hr>151</gpxtpx:hr>
          </gpxtpx:TrackPointExtension>
        </extensions>
      </trkpt>
      <trkpt lat="39.95183957015494" lon="116.48211577553035">
        <ele>19.8</ele>
        <time>2023-08-05T23:20:43Z</time>
        <extensions>
          <gpxtpx:TrackPointExtension>
            <gpxtpx:hr>150</gpxtpx:hr>
          </gpxtpx:TrackPointExtension>
        </extensions>
      </trkpt>
      <trkpt lat="39.95193023178055" lon="116.48200133623955">
        <ele>22.3</ele>
        <time>2023-08-05T23:20:49Z</time>
        <extensions>
          <gpxtpx:TrackPointExtension>
            <gpxtpx:hr>150</gpxtpx:hr>
          </gpxtpx:TrackPointExtension>
        </extensions>
      </trkpt>
      <trkpt lat="39.95207537496566" lon="116.48171023009075">
        <ele>20.3</ele>
        <time>2023-08-05T23:21:01Z</time>
        <extensions>
          <gpxtpx:TrackPointExtension>
            <gpxtpx:hr>150</gpxtpx:hr>
          </gpxtpx:TrackPointExtension>
        </extensions>
      </trkpt>
      <trkpt lat="39.95220384792152" lon="116.4815315466907">
        <ele>17.9</ele>
        <time>2023-08-05T23:21:10Z</time>
        <extensions>
          <gpxtpx:TrackPointExtension>
            <gpxtpx:hr>149</gpxtpx:hr>
          </gpxtpx:TrackPointExtension>
        </extensions>
      </trkpt>
      <trkpt lat="39.95228146970796" lon="116.48140305733016">
        <ele>16.5</ele>
        <time>2023-08-05T23:21:16Z</time>
        <extensions>
          <gpxtpx:TrackPointExtension>
            <gpxtpx:hr>148</gpxtpx:hr>
          </gpxtpx:TrackPointExtension>
        </extensions>
      </trkpt>
      <trkpt lat="39.952519807119415" lon="116.48117919233171">
        <ele>17.8</ele>
        <time>2023-08-05T23:21:31Z</time>
        <extensions>
          <gpxtpx:TrackPointExtension>
            <gpxtpx:hr>149</gpxtpx:hr>
          </gpxtpx:TrackPointExtension>
        </extensions>
      </trkpt>
      <trkpt lat="39.95270845425169" lon="116.48106072703386">
        <ele>18.8</ele>
        <time>2023-08-05T23:21:40Z</time>
        <extensions>
          <gpxtpx:TrackPointExtension>
            <gpxtpx:hr>152</gpxtpx:hr>
          </gpxtpx:TrackPointExtension>
        </extensions>
      </trkpt>
      <trkpt lat="39.953019085008975" lon="116.48093823167419">
        <ele>19.8</ele>
        <time>2023-08-05T23:21:58Z</time>
        <extensions>
          <gpxtpx:TrackPointExtension>
            <gpxtpx:hr>151</gpxtpx:hr>
          </gpxtpx:TrackPointExtension>
        </extensions>
      </trkpt>
      <trkpt lat="39.953254572713064" lon="116.48076555893704">
        <ele>20.0</ele>
        <time>2023-08-05T23:22:10Z</time>
        <extensions>
          <gpxtpx:TrackPointExtension>
            <gpxtpx:hr>150</gpxtpx:hr>
          </gpxtpx:TrackPointExtension>
        </extensions>
      </trkpt>
      <trkpt lat="39.953554988059345" lon="116.4805687887597">
        <ele>17.0</ele>
        <time>2023-08-05T23:22:25Z</time>
        <extensions>
          <gpxtpx:TrackPointExtension>
            <gpxtpx:hr>152</gpxtpx:hr>
          </gpxtpx:TrackPointExtension>
        </extensions>
      </trkpt>
      <trkpt lat="39.953862421067406" lon="116.4803780405874">
        <ele>15.0</ele>
        <time>2023-08-05T23:22:40Z</time>
        <extensions>
          <gpxtpx:TrackPointExtension>
            <gpxtpx:hr>152</gpxtpx:hr>
          </gpxtpx:TrackPointExtension>
        </extensions>
      </trkpt>
      <trkpt lat="39.954101895088094" lon="116.4802003498912">
        <ele>12.8</ele>
        <time>2023-08-05T23:22:52Z</time>
        <extensions>
          <gpxtpx:TrackPointExtension>
            <gpxtpx:hr>152</gpxtpx:hr>
          </gpxtpx:TrackPointExtension>
        </extensions>
      </trkpt>
      <trkpt lat="39.954332296947754" lon="116.47999756750306">
        <ele>17.3</ele>
        <time>2023-08-05T23:23:04Z</time>
        <extensions>
          <gpxtpx:TrackPointExtension>
            <gpxtpx:hr>150</gpxtpx:hr>
          </gpxtpx:TrackPointExtension>
        </extensions>
      </trkpt>
      <trkpt lat="39.95442986764586" lon="116.4798510109811">
        <ele>18.2</ele>
        <time>2023-08-05T23:23:10Z</time>
        <extensions>
          <gpxtpx:TrackPointExtension>
            <gpxtpx:hr>150</gpxtpx:hr>
          </gpxtpx:TrackPointExtension>
        </extensions>
      </trkpt>
      <trkpt lat="39.95445864222936" lon="116.47977372042733">
        <ele>18.7</ele>
        <time>2023-08-05T23:23:13Z</time>
        <extensions>
          <gpxtpx:TrackPointExtension>
            <gpxtpx:hr>150</gpxtpx:hr>
          </gpxtpx:TrackPointExtension>
        </extensions>
      </trkpt>
      <trkpt lat="39.9544201168237" lon="116.47959205104549">
        <ele>19.3</ele>
        <time>2023-08-05T23:23:22Z</time>
        <extensions>
          <gpxtpx:TrackPointExtension>
            <gpxtpx:hr>149</gpxtpx:hr>
          </gpxtpx:TrackPointExtension>
        </extensions>
      </trkpt>
      <trkpt lat="39.95422910655367" lon="116.47924077253053">
        <ele>22.5</ele>
        <time>2023-08-05T23:23:37Z</time>
        <extensions>
          <gpxtpx:TrackPointExtension>
            <gpxtpx:hr>148</gpxtpx:hr>
          </gpxtpx:TrackPointExtension>
        </extensions>
      </trkpt>
      <trkpt lat="39.954022208666395" lon="116.4789276388679">
        <ele>21.099999999999998</ele>
        <time>2023-08-05T23:23:52Z</time>
        <extensions>
          <gpxtpx:TrackPointExtension>
            <gpxtpx:hr>151</gpxtpx:hr>
          </gpxtpx:TrackPointExtension>
        </extensions>
      </trkpt>
      <trkpt lat="39.9539587904929" lon="116.47878210838155">
        <ele>19.9</ele>
        <time>2023-08-05T23:23:58Z</time>
        <extensions>
          <gpxtpx:TrackPointExtension>
            <gpxtpx:hr>150</gpxtpx:hr>
          </gpxtpx:TrackPointExtension>
        </extensions>
      </trkpt>
      <trkpt lat="39.953780020717716" lon="116.4785131364158">
        <ele>22.0</ele>
        <time>2023-08-05T23:24:10Z</time>
        <extensions>
          <gpxtpx:TrackPointExtension>
            <gpxtpx:hr>150</gpxtpx:hr>
          </gpxtpx:TrackPointExtension>
        </extensions>
      </trkpt>
      <trkpt lat="39.953541187679406" lon="116.47822108784771">
        <ele>22.8</ele>
        <time>2023-08-05T23:24:25Z</time>
        <extensions>
          <gpxtpx:TrackPointExtension>
            <gpxtpx:hr>150</gpxtpx:hr>
          </gpxtpx:TrackPointExtension>
        </extensions>
      </trkpt>
      <trkpt lat="39.953319262610776" lon="116.47789692007079">
        <ele>24.8</ele>
        <time>2023-08-05T23:24:40Z</time>
        <extensions>
          <gpxtpx:TrackPointExtension>
            <gpxtpx:hr>151</gpxtpx:hr>
          </gpxtpx:TrackPointExtension>
        </extensions>
      </trkpt>
      <trkpt lat="39.953051643693954" lon="116.47767814758984">
        <ele>22.5</ele>
        <time>2023-08-05T23:24:55Z</time>
        <extensions>
          <gpxtpx:TrackPointExtension>
            <gpxtpx:hr>154</gpxtpx:hr>
          </gpxtpx:TrackPointExtension>
        </extensions>
      </trkpt>
      <trkpt lat="39.952993588268534" lon="116.47765808095565">
        <ele>22.7</ele>
        <time>2023-08-05T23:24:58Z</time>
        <extensions>
          <gpxtpx:TrackPointExtension>
            <gpxtpx:hr>154</gpxtpx:hr>
          </gpxtpx:TrackPointExtension>
        </extensions>
      </trkpt>
      <trkpt lat="39.95276006672505" lon="116.47747343055303">
        <ele>23.2</ele>
        <time>2023-08-05T23:25:10Z</time>
        <extensions>
          <gpxtpx:TrackPointExtension>
            <gpxtpx:hr>154</gpxtpx:hr>
          </gpxtpx:TrackPointExtension>
        </extensions>
      </trkpt>
      <trkpt lat="39.95254144998761" lon="116.47725565708187">
        <ele>25.9</ele>
        <time>2023-08-05T23:25:22Z</time>
        <extensions>
          <gpxtpx:TrackPointExtension>
            <gpxtpx:hr>153</gpxtpx:hr>
          </gpxtpx:TrackPointExtension>
        </extensions>
      </trkpt>
      <trkpt lat="39.95234366332491" lon="116.47697866435452">
        <ele>23.099999999999998</ele>
        <time>2023-08-05T23:25:34Z</time>
        <extensions>
          <gpxtpx:TrackPointExtension>
            <gpxtpx:hr>150</gpxtpx:hr>
          </gpxtpx:TrackPointExtension>
        </extensions>
      </trkpt>
      <trkpt lat="39.952168710221216" lon="116.47664345661624">
        <ele>24.8</ele>
        <time>2023-08-05T23:25:49Z</time>
        <extensions>
          <gpxtpx:TrackPointExtension>
            <gpxtpx:hr>151</gpxtpx:hr>
          </gpxtpx:TrackPointExtension>
        </extensions>
      </trkpt>
      <trkpt lat="39.95205179654549" lon="116.47632229489992">
        <ele>21.4</ele>
        <time>2023-08-05T23:26:01Z</time>
        <extensions>
          <gpxtpx:TrackPointExtension>
            <gpxtpx:hr>151</gpxtpx:hr>
          </gpxtpx:TrackPointExtension>
        </extensions>
      </trkpt>
      <trkpt lat="39.95193484427106" lon="116.47598708358933">
        <ele>19.7</ele>
        <time>2023-08-05T23:26:13Z</time>
        <extensions>
          <gpxtpx:TrackPointExtension>
            <gpxtpx:hr>151</gpxtpx:hr>
          </gpxtpx:TrackPointExtension>
        </extensions>
      </trkpt>
      <trkpt lat="39.951855043638496" lon="116.47570506366586">
        <ele>16.2</ele>
        <time>2023-08-05T23:26:25Z</time>
        <extensions>
          <gpxtpx:TrackPointExtension>
            <gpxtpx:hr>151</gpxtpx:hr>
          </gpxtpx:TrackPointExtension>
        </extensions>
      </trkpt>
      <trkpt lat="39.951729146119206" lon="116.47538792291253">
        <ele>10.899999999999999</ele>
        <time>2023-08-05T23:26:40Z</time>
        <extensions>
          <gpxtpx:TrackPointExtension>
            <gpxtpx:hr>151</gpxtpx:hr>
          </gpxtpx:TrackPointExtension>
        </extensions>
      </trkpt>
      <trkpt lat="39.95154835769908" lon="116.4751079259596">
        <ele>6.000000000000001</ele>
        <time>2023-08-05T23:26:52Z</time>
        <extensions>
          <gpxtpx:TrackPointExtension>
            <gpxtpx:hr>151</gpxtpx:hr>
          </gpxtpx:TrackPointExtension>
        </extensions>
      </trkpt>
      <trkpt lat="39.95146192249729" lon="116.4749533746056">
        <ele>7.2</ele>
        <time>2023-08-05T23:26:58Z</time>
        <extensions>
          <gpxtpx:TrackPointExtension>
            <gpxtpx:hr>150</gpxtpx:hr>
          </gpxtpx:TrackPointExtension>
        </extensions>
      </trkpt>
      <trkpt lat="39.95133393206689" lon="116.4746021145784">
        <ele>11.0</ele>
        <time>2023-08-05T23:27:10Z</time>
        <extensions>
          <gpxtpx:TrackPointExtension>
            <gpxtpx:hr>151</gpxtpx:hr>
          </gpxtpx:TrackPointExtension>
        </extensions>
      </trkpt>
      <trkpt lat="39.951319614482216" lon="116.47448970851282">
        <ele>11.7</ele>
        <time>2023-08-05T23:27:13Z</time>
        <extensions>
          <gpxtpx:TrackPointExtension>
            <gpxtpx:hr>152</gpxtpx:hr>
          </gpxtpx:TrackPointExtension>
        </extensions>
      </trkpt>
      <trkpt lat="39.95128629500974" lon="116.47437630143045">
        <ele>14.099999999999998</ele>
        <time>2023-08-05T23:27:16Z</time>
        <extensions>
          <gpxtpx:TrackPointExtension>
            <gpxtpx:hr>152</gpxtpx:hr>
          </gpxtpx:TrackPointExtension>
        </extensions>
      </trkpt>
      <trkpt lat="39.95112847325142" lon="116.47408325963147">
        <ele>19.5</ele>
        <time>2023-08-05T23:27:28Z</time>
        <extensions>
          <gpxtpx:TrackPointExtension>
            <gpxtpx:hr>152</gpxtpx:hr>
          </gpxtpx:TrackPointExtension>
        </extensions>
      </trkpt>
      <trkpt lat="39.9509345496559" lon="116.47375308982606">
        <ele>22.0</ele>
        <time>2023-08-05T23:27:43Z</time>
        <extensions>
          <gpxtpx:TrackPointExtension>
            <gpxtpx:hr>151</gpxtpx:hr>
          </gpxtpx:TrackPointExtension>
        </extensions>
      </trkpt>
      <trkpt lat="39.95068385310944" lon="116.47350221531158">
        <ele>14.099999999999998</ele>
        <time>2023-08-05T23:27:58Z</time>
        <extensions>
          <gpxtpx:TrackPointExtension>
            <gpxtpx:hr>152</gpxtpx:hr>
          </gpxtpx:TrackPointExtension>
        </extensions>
      </trkpt>
      <trkpt lat="39.9505110248395" lon="116.47320516594007">
        <ele>15.099999999999998</ele>
        <time>2023-08-05T23:28:10Z</time>
        <extensions>
          <gpxtpx:TrackPointExtension>
            <gpxtpx:hr>155</gpxtpx:hr>
          </gpxtpx:TrackPointExtension>
        </extensions>
      </trkpt>
      <trkpt lat="39.95045887752814" lon="116.47315198089396">
        <ele>14.7</ele>
        <time>2023-08-05T23:28:13Z</time>
        <extensions>
          <gpxtpx:TrackPointExtension>
            <gpxtpx:hr>154</gpxtpx:hr>
          </gpxtpx:TrackPointExtension>
        </extensions>
      </trkpt>
      <trkpt lat="39.950412851169986" lon="116.47314195052851">
        <ele>14.2</ele>
        <time>2023-08-05T23:28:16Z</time>
        <extensions>
          <gpxtpx:TrackPointExtension>
            <gpxtpx:hr>154</gpxtpx:hr>
          </gpxtpx:TrackPointExtension>
        </extensions>
      </trkpt>
      <trkpt lat="39.950133067976395" lon="116.47321524953841">
        <ele>18.099999999999998</ele>
        <time>2023-08-05T23:28:28Z</time>
        <extensions>
          <gpxtpx:TrackPointExtension>
            <gpxtpx:hr>151</gpxtpx:hr>
          </gpxtpx:TrackPointExtension>
        </extensions>
      </trkpt>
      <trkpt lat="39.94993821665382" lon="116.47326545480445">
        <ele>19.8</ele>
        <time>2023-08-05T23:28:37Z</time>
        <extensions>
          <gpxtpx:TrackPointExtension>
            <gpxtpx:hr>152</gpxtpx:hr>
          </gpxtpx:TrackPointExtension>
        </extensions>
      </trkpt>
      <trkpt lat="39.94962935296051" lon="116.47330965272434">
        <ele>21.0</ele>
        <time>2023-08-05T23:28:49Z</time>
        <extensions>
          <gpxtpx:TrackPointExtension>
            <gpxtpx:hr>152</gpxtpx:hr>
          </gpxtpx:TrackPointExtension>
        </extensions>
      </trkpt>
      <trkpt lat="39.94942451057814" lon="116.47336287019183">
        <ele>21.599999999999998</ele>
        <time>2023-08-05T23:28:58Z</time>
        <extensions>
          <gpxtpx:TrackPointExtension>
            <gpxtpx:hr>153</gpxtpx:hr>
          </gpxtpx:TrackPointExtension>
        </extensions>
      </trkpt>
      <trkpt lat="39.94937165094085" lon="116.4734120541609">
        <ele>21.8</ele>
        <time>2023-08-05T23:29:01Z</time>
        <extensions>
          <gpxtpx:TrackPointExtension>
            <gpxtpx:hr>152</gpxtpx:hr>
          </gpxtpx:TrackPointExtension>
        </extensions>
      </trkpt>
      <trkpt lat="39.9491778646788" lon="116.47348534276324">
        <ele>20.2</ele>
        <time>2023-08-05T23:29:10Z</time>
        <extensions>
          <gpxtpx:TrackPointExtension>
            <gpxtpx:hr>153</gpxtpx:hr>
          </gpxtpx:TrackPointExtension>
        </extensions>
      </trkpt>
      <trkpt lat="39.94904096610422" lon="116.47351948307009">
        <ele>18.599999999999998</ele>
        <time>2023-08-05T23:29:16Z</time>
        <extensions>
          <gpxtpx:TrackPointExtension>
            <gpxtpx:hr>152</gpxtpx:hr>
          </gpxtpx:TrackPointExtension>
        </extensions>
      </trkpt>
      <trkpt lat="39.948993109221504" lon="116.47356967018497">
        <ele>18.3</ele>
        <time>2023-08-05T23:29:19Z</time>
        <extensions>
          <gpxtpx:TrackPointExtension>
            <gpxtpx:hr>151</gpxtpx:hr>
          </gpxtpx:TrackPointExtension>
        </extensions>
      </trkpt>
      <trkpt lat="39.948968259946966" lon="116.47362286533291">
        <ele>17.9</ele>
        <time>2023-08-05T23:29:22Z</time>
        <extensions>
          <gpxtpx:TrackPointExtension>
            <gpxtpx:hr>151</gpxtpx:hr>
          </gpxtpx:TrackPointExtension>
        </extensions>
      </trkpt>
      <trkpt lat="39.948969437956045" lon="116.47368609351878">
        <ele>17.4</ele>
        <time>2023-08-05T23:29:25Z</time>
        <extensions>
          <gpxtpx:TrackPointExtension>
            <gpxtpx:hr>151</gpxtpx:hr>
          </gpxtpx:TrackPointExtension>
        </extensions>
      </trkpt>
      <trkpt lat="39.94902898147813" lon="116.47387978603183">
        <ele>16.8</ele>
        <time>2023-08-05T23:29:34Z</time>
        <extensions>
          <gpxtpx:TrackPointExtension>
            <gpxtpx:hr>150</gpxtpx:hr>
          </gpxtpx:TrackPointExtension>
        </extensions>
      </trkpt>
      <trkpt lat="39.949068665235735" lon="116.47412265978176">
        <ele>17.2</ele>
        <time>2023-08-05T23:29:43Z</time>
        <extensions>
          <gpxtpx:TrackPointExtension>
            <gpxtpx:hr>150</gpxtpx:hr>
          </gpxtpx:TrackPointExtension>
        </extensions>
      </trkpt>
      <trkpt lat="39.94923375946091" lon="116.47451205029421">
        <ele>12.599999999999998</ele>
        <time>2023-08-05T23:29:58Z</time>
        <extensions>
          <gpxtpx:TrackPointExtension>
            <gpxtpx:hr>150</gpxtpx:hr>
          </gpxtpx:TrackPointExtension>
        </extensions>
      </trkpt>
      <trkpt lat="39.9494047989147" lon="116.47488136995297">
        <ele>19.7</ele>
        <time>2023-08-05T23:30:13Z</time>
        <extensions>
          <gpxtpx:TrackPointExtension>
            <gpxtpx:hr>151</gpxtpx:hr>
          </gpxtpx:TrackPointExtension>
        </extensions>
      </trkpt>
      <trkpt lat="39.94953462258187" lon="116.47517341595118">
        <ele>22.5</ele>
        <time>2023-08-05T23:30:25Z</time>
        <extensions>
          <gpxtpx:TrackPointExtension>
            <gpxtpx:hr>149</gpxtpx:hr>
          </gpxtpx:TrackPointExtension>
        </extensions>
      </trkpt>
      <trkpt lat="39.94960464692876" lon="116.47553472346686">
        <ele>21.599999999999998</ele>
        <time>2023-08-05T23:30:37Z</time>
        <extensions>
          <gpxtpx:TrackPointExtension>
            <gpxtpx:hr>149</gpxtpx:hr>
          </gpxtpx:TrackPointExtension>
        </extensions>
      </trkpt>
      <trkpt lat="39.94965981975205" lon="116.47594722214968">
        <ele>15.599999999999998</ele>
        <time>2023-08-05T23:30:52Z</time>
        <extensions>
          <gpxtpx:TrackPointExtension>
            <gpxtpx:hr>150</gpxtpx:hr>
          </gpxtpx:TrackPointExtension>
        </extensions>
      </trkpt>
      <trkpt lat="39.94967902222723" lon="116.47601848013427">
        <ele>13.5</ele>
        <time>2023-08-05T23:30:55Z</time>
        <extensions>
          <gpxtpx:TrackPointExtension>
            <gpxtpx:hr>149</gpxtpx:hr>
          </gpxtpx:TrackPointExtension>
        </extensions>
      </trkpt>
      <trkpt lat="39.94965719203248" lon="116.47607769932002">
        <ele>12.0</ele>
        <time>2023-08-05T23:30:58Z</time>
        <extensions>
          <gpxtpx:TrackPointExtension>
            <gpxtpx:hr>150</gpxtpx:hr>
          </gpxtpx:TrackPointExtension>
        </extensions>
      </trkpt>
      <trkpt lat="39.949603363154644" lon="116.4761369225775">
        <ele>12.399999999999999</ele>
        <time>2023-08-05T23:31:01Z</time>
        <extensions>
          <gpxtpx:TrackPointExtension>
            <gpxtpx:hr>149</gpxtpx:hr>
          </gpxtpx:TrackPointExtension>
        </extensions>
      </trkpt>
      <trkpt lat="39.94954443997334" lon="116.47616302539427">
        <ele>13.2</ele>
        <time>2023-08-05T23:31:04Z</time>
        <extensions>
          <gpxtpx:TrackPointExtension>
            <gpxtpx:hr>149</gpxtpx:hr>
          </gpxtpx:TrackPointExtension>
        </extensions>
      </trkpt>
      <trkpt lat="39.94925924214572" lon="116.47608979324197">
        <ele>13.5</ele>
        <time>2023-08-05T23:31:16Z</time>
        <extensions>
          <gpxtpx:TrackPointExtension>
            <gpxtpx:hr>151</gpxtpx:hr>
          </gpxtpx:TrackPointExtension>
        </extensions>
      </trkpt>
      <trkpt lat="39.94918522502693" lon="116.47608277683662">
        <ele>15.5</ele>
        <time>2023-08-05T23:31:19Z</time>
        <extensions>
          <gpxtpx:TrackPointExtension>
            <gpxtpx:hr>151</gpxtpx:hr>
          </gpxtpx:TrackPointExtension>
        </extensions>
      </trkpt>
      <trkpt lat="39.94892191478011" lon="116.47597039900769">
        <ele>21.9</ele>
        <time>2023-08-05T23:31:31Z</time>
        <extensions>
          <gpxtpx:TrackPointExtension>
            <gpxtpx:hr>152</gpxtpx:hr>
          </gpxtpx:TrackPointExtension>
        </extensions>
      </trkpt>
      <trkpt lat="39.94869864032367" lon="116.4758710640303">
        <ele>21.599999999999998</ele>
        <time>2023-08-05T23:31:43Z</time>
        <extensions>
          <gpxtpx:TrackPointExtension>
            <gpxtpx:hr>150</gpxtpx:hr>
          </gpxtpx:TrackPointExtension>
        </extensions>
      </trkpt>
      <trkpt lat="39.9483983633427" lon="116.47576973155383">
        <ele>21.099999999999998</ele>
        <time>2023-08-05T23:31:58Z</time>
        <extensions>
          <gpxtpx:TrackPointExtension>
            <gpxtpx:hr>150</gpxtpx:hr>
          </gpxtpx:TrackPointExtension>
        </extensions>
      </trkpt>
      <trkpt lat="39.948069956184966" lon="116.47562223435794">
        <ele>18.3</ele>
        <time>2023-08-05T23:32:13Z</time>
        <extensions>
          <gpxtpx:TrackPointExtension>
            <gpxtpx:hr>151</gpxtpx:hr>
          </gpxtpx:TrackPointExtension>
        </extensions>
      </trkpt>
      <trkpt lat="39.947779593527144" lon="116.47549079131748">
        <ele>25.2</ele>
        <time>2023-08-05T23:32:28Z</time>
        <extensions>
          <gpxtpx:TrackPointExtension>
            <gpxtpx:hr>148</gpxtpx:hr>
          </gpxtpx:TrackPointExtension>
        </extensions>
      </trkpt>
      <trkpt lat="39.9475213982202" lon="116.47541856031125">
        <ele>20.8</ele>
        <time>2023-08-05T23:32:40Z</time>
        <extensions>
          <gpxtpx:TrackPointExtension>
            <gpxtpx:hr>151</gpxtpx:hr>
          </gpxtpx:TrackPointExtension>
        </extensions>
      </trkpt>
      <trkpt lat="39.947221953623234" lon="116.47525801290374">
        <ele>20.0</ele>
        <time>2023-08-05T23:32:55Z</time>
        <extensions>
          <gpxtpx:TrackPointExtension>
            <gpxtpx:hr>150</gpxtpx:hr>
          </gpxtpx:TrackPointExtension>
        </extensions>
      </trkpt>
      <trkpt lat="39.94692160348685" lon="116.47513058659129">
        <ele>19.7</ele>
        <time>2023-08-05T23:33:10Z</time>
        <extensions>
          <gpxtpx:TrackPointExtension>
            <gpxtpx:hr>152</gpxtpx:hr>
          </gpxtpx:TrackPointExtension>
        </extensions>
      </trkpt>
      <trkpt lat="39.94673949102923" lon="116.47508845605333">
        <ele>20.5</ele>
        <time>2023-08-05T23:33:19Z</time>
        <extensions>
          <gpxtpx:TrackPointExtension>
            <gpxtpx:hr>152</gpxtpx:hr>
          </gpxtpx:TrackPointExtension>
        </extensions>
      </trkpt>
      <trkpt lat="39.946553447121886" lon="116.47507041366204">
        <ele>21.2</ele>
        <time>2023-08-05T23:33:28Z</time>
        <extensions>
          <gpxtpx:TrackPointExtension>
            <gpxtpx:hr>151</gpxtpx:hr>
          </gpxtpx:TrackPointExtension>
        </extensions>
      </trkpt>
      <trkpt lat="39.946484358707" lon="116.47503830550103">
        <ele>21.8</ele>
        <time>2023-08-05T23:33:31Z</time>
        <extensions>
          <gpxtpx:TrackPointExtension>
            <gpxtpx:hr>151</gpxtpx:hr>
          </gpxtpx:TrackPointExtension>
        </extensions>
      </trkpt>
      <trkpt lat="39.94644919492581" lon="116.47498009821332">
        <ele>22.0</ele>
        <time>2023-08-05T23:33:34Z</time>
        <extensions>
          <gpxtpx:TrackPointExtension>
            <gpxtpx:hr>150</gpxtpx:hr>
          </gpxtpx:TrackPointExtension>
        </extensions>
      </trkpt>
      <trkpt lat="39.946316321089874" lon="116.47466998809163">
        <ele>22.8</ele>
        <time>2023-08-05T23:33:46Z</time>
        <extensions>
          <gpxtpx:TrackPointExtension>
            <gpxtpx:hr>152</gpxtpx:hr>
          </gpxtpx:TrackPointExtension>
        </extensions>
      </trkpt>
      <trkpt lat="39.94627187960111" lon="116.4745134254812">
        <ele>21.2</ele>
        <time>2023-08-05T23:33:52Z</time>
        <extensions>
          <gpxtpx:TrackPointExtension>
            <gpxtpx:hr>152</gpxtpx:hr>
          </gpxtpx:TrackPointExtension>
        </extensions>
      </trkpt>
      <trkpt lat="39.94624670332337" lon="116.47409691937199">
        <ele>17.7</ele>
        <time>2023-08-05T23:34:04Z</time>
        <extensions>
          <gpxtpx:TrackPointExtension>
            <gpxtpx:hr>154</gpxtpx:hr>
          </gpxtpx:TrackPointExtension>
        </extensions>
      </trkpt>
      <trkpt lat="39.94621154890013" lon="116.47404172400712">
        <ele>19.0</ele>
        <time>2023-08-05T23:34:07Z</time>
        <extensions>
          <gpxtpx:TrackPointExtension>
            <gpxtpx:hr>153</gpxtpx:hr>
          </gpxtpx:TrackPointExtension>
        </extensions>
      </trkpt>
      <trkpt lat="39.9461594546667" lon="116.47400760707477">
        <ele>20.3</ele>
        <time>2023-08-05T23:34:10Z</time>
        <extensions>
          <gpxtpx:TrackPointExtension>
            <gpxtpx:hr>154</gpxtpx:hr>
          </gpxtpx:TrackPointExtension>
        </extensions>
      </trkpt>
      <trkpt lat="39.945864556992625" lon="116.47403976027647">
        <ele>21.3</ele>
        <time>2023-08-05T23:34:25Z</time>
        <extensions>
          <gpxtpx:TrackPointExtension>
            <gpxtpx:hr>150</gpxtpx:hr>
          </gpxtpx:TrackPointExtension>
        </extensions>
      </trkpt>
      <trkpt lat="39.945556668352445" lon="116.47407492602326">
        <ele>23.0</ele>
        <time>2023-08-05T23:34:40Z</time>
        <extensions>
          <gpxtpx:TrackPointExtension>
            <gpxtpx:hr>150</gpxtpx:hr>
          </gpxtpx:TrackPointExtension>
        </extensions>
      </trkpt>
      <trkpt lat="39.945220914041954" lon="116.4741572660605">
        <ele>25.0</ele>
        <time>2023-08-05T23:34:55Z</time>
        <extensions>
          <gpxtpx:TrackPointExtension>
            <gpxtpx:hr>150</gpxtpx:hr>
          </gpxtpx:TrackPointExtension>
        </extensions>
      </trkpt>
      <trkpt lat="39.94494902688078" lon="116.47419343100061">
        <ele>23.8</ele>
        <time>2023-08-05T23:35:07Z</time>
        <extensions>
          <gpxtpx:TrackPointExtension>
            <gpxtpx:hr>152</gpxtpx:hr>
          </gpxtpx:TrackPointExtension>
        </extensions>
      </trkpt>
      <trkpt lat="39.94490412506293" lon="116.47422756022041">
        <ele>22.9</ele>
        <time>2023-08-05T23:35:10Z</time>
        <extensions>
          <gpxtpx:TrackPointExtension>
            <gpxtpx:hr>151</gpxtpx:hr>
          </gpxtpx:TrackPointExtension>
        </extensions>
      </trkpt>
      <trkpt lat="39.94487927352076" lon="116.47427975239628">
        <ele>21.8</ele>
        <time>2023-08-05T23:35:13Z</time>
        <extensions>
          <gpxtpx:TrackPointExtension>
            <gpxtpx:hr>150</gpxtpx:hr>
          </gpxtpx:TrackPointExtension>
        </extensions>
      </trkpt>
      <trkpt lat="39.94488665628856" lon="116.4744152425362">
        <ele>20.5</ele>
        <time>2023-08-05T23:35:19Z</time>
        <extensions>
          <gpxtpx:TrackPointExtension>
            <gpxtpx:hr>150</gpxtpx:hr>
          </gpxtpx:TrackPointExtension>
        </extensions>
      </trkpt>
      <trkpt lat="39.94482785221295" lon="116.47483677987405">
        <ele>21.3</ele>
        <time>2023-08-05T23:35:34Z</time>
        <extensions>
          <gpxtpx:TrackPointExtension>
            <gpxtpx:hr>149</gpxtpx:hr>
          </gpxtpx:TrackPointExtension>
        </extensions>
      </trkpt>
      <trkpt lat="39.94479933440182" lon="116.47500640000605">
        <ele>23.0</ele>
        <time>2023-08-05T23:35:40Z</time>
        <extensions>
          <gpxtpx:TrackPointExtension>
            <gpxtpx:hr>150</gpxtpx:hr>
          </gpxtpx:TrackPointExtension>
        </extensions>
      </trkpt>
      <trkpt lat="39.94470113628653" lon="116.47528743498486">
        <ele>22.599999999999998</ele>
        <time>2023-08-05T23:35:52Z</time>
        <extensions>
          <gpxtpx:TrackPointExtension>
            <gpxtpx:hr>150</gpxtpx:hr>
          </gpxtpx:TrackPointExtension>
        </extensions>
      </trkpt>
      <trkpt lat="39.94459430829974" lon="116.47569794474362">
        <ele>17.0</ele>
        <time>2023-08-05T23:36:07Z</time>
        <extensions>
          <gpxtpx:TrackPointExtension>
            <gpxtpx:hr>151</gpxtpx:hr>
          </gpxtpx:TrackPointExtension>
        </extensions>
      </trkpt>
      <trkpt lat="39.94452690295401" lon="116.4759057116539">
        <ele>15.5</ele>
        <time>2023-08-05T23:36:16Z</time>
        <extensions>
          <gpxtpx:TrackPointExtension>
            <gpxtpx:hr>152</gpxtpx:hr>
          </gpxtpx:TrackPointExtension>
        </extensions>
      </trkpt>
      <trkpt lat="39.94431178201776" lon="116.47621085384525">
        <ele>17.4</ele>
        <time>2023-08-05T23:36:31Z</time>
        <extensions>
          <gpxtpx:TrackPointExtension>
            <gpxtpx:hr>151</gpxtpx:hr>
          </gpxtpx:TrackPointExtension>
        </extensions>
      </trkpt>
      <trkpt lat="39.94402939249605" lon="116.47642065687505">
        <ele>18.099999999999998</ele>
        <time>2023-08-05T23:36:46Z</time>
        <extensions>
          <gpxtpx:TrackPointExtension>
            <gpxtpx:hr>151</gpxtpx:hr>
          </gpxtpx:TrackPointExtension>
        </extensions>
      </trkpt>
      <trkpt lat="39.943764721534414" lon="116.47653209803653">
        <ele>22.0</ele>
        <time>2023-08-05T23:36:58Z</time>
        <extensions>
          <gpxtpx:TrackPointExtension>
            <gpxtpx:hr>150</gpxtpx:hr>
          </gpxtpx:TrackPointExtension>
        </extensions>
      </trkpt>
      <trkpt lat="39.94369667544359" lon="116.47651504406504">
        <ele>24.2</ele>
        <time>2023-08-05T23:37:01Z</time>
        <extensions>
          <gpxtpx:TrackPointExtension>
            <gpxtpx:hr>149</gpxtpx:hr>
          </gpxtpx:TrackPointExtension>
        </extensions>
      </trkpt>
      <trkpt lat="39.94365349923802" lon="116.47645282158062">
        <ele>24.0</ele>
        <time>2023-08-05T23:37:04Z</time>
        <extensions>
          <gpxtpx:TrackPointExtension>
            <gpxtpx:hr>148</gpxtpx:hr>
          </gpxtpx:TrackPointExtension>
        </extensions>
      </trkpt>
      <trkpt lat="39.94362701559182" lon="116.47628320403284">
        <ele>23.3</ele>
        <time>2023-08-05T23:37:10Z</time>
        <extensions>
          <gpxtpx:TrackPointExtension>
            <gpxtpx:hr>149</gpxtpx:hr>
          </gpxtpx:TrackPointExtension>
        </extensions>
      </trkpt>
      <trkpt lat="39.94343645868196" lon="116.47608550480126">
        <ele>23.8</ele>
        <time>2023-08-05T23:37:22Z</time>
        <extensions>
          <gpxtpx:TrackPointExtension>
            <gpxtpx:hr>150</gpxtpx:hr>
          </gpxtpx:TrackPointExtension>
        </extensions>
      </trkpt>
      <trkpt lat="39.94312020783019" lon="116.47599320697229">
        <ele>22.599999999999998</ele>
        <time>2023-08-05T23:37:37Z</time>
        <extensions>
          <gpxtpx:TrackPointExtension>
            <gpxtpx:hr>149</gpxtpx:hr>
          </gpxtpx:TrackPointExtension>
        </extensions>
      </trkpt>
      <trkpt lat="39.94280405725579" lon="116.47593603759054">
        <ele>23.7</ele>
        <time>2023-08-05T23:37:52Z</time>
        <extensions>
          <gpxtpx:TrackPointExtension>
            <gpxtpx:hr>148</gpxtpx:hr>
          </gpxtpx:TrackPointExtension>
        </extensions>
      </trkpt>
      <trkpt lat="39.94253005956851" lon="116.47593306093485">
        <ele>23.9</ele>
        <time>2023-08-05T23:38:04Z</time>
        <extensions>
          <gpxtpx:TrackPointExtension>
            <gpxtpx:hr>150</gpxtpx:hr>
          </gpxtpx:TrackPointExtension>
        </extensions>
      </trkpt>
      <trkpt lat="39.94219809280895" lon="116.47594012820737">
        <ele>26.7</ele>
        <time>2023-08-05T23:38:19Z</time>
        <extensions>
          <gpxtpx:TrackPointExtension>
            <gpxtpx:hr>147</gpxtpx:hr>
          </gpxtpx:TrackPointExtension>
        </extensions>
      </trkpt>
      <trkpt lat="39.94200420069882" lon="116.47597528084182">
        <ele>26.7</ele>
        <time>2023-08-05T23:38:28Z</time>
        <extensions>
          <gpxtpx:TrackPointExtension>
            <gpxtpx:hr>148</gpxtpx:hr>
          </gpxtpx:TrackPointExtension>
        </extensions>
      </trkpt>
      <trkpt lat="39.941703587759825" lon="116.47610679903593">
        <ele>23.5</ele>
        <time>2023-08-05T23:38:43Z</time>
        <extensions>
          <gpxtpx:TrackPointExtension>
            <gpxtpx:hr>149</gpxtpx:hr>
          </gpxtpx:TrackPointExtension>
        </extensions>
      </trkpt>
      <trkpt lat="39.94157975024781" lon="116.47616201638795">
        <ele>24.7</ele>
        <time>2023-08-05T23:38:49Z</time>
        <extensions>
          <gpxtpx:TrackPointExtension>
            <gpxtpx:hr>150</gpxtpx:hr>
          </gpxtpx:TrackPointExtension>
        </extensions>
      </trkpt>
      <trkpt lat="39.941431137349156" lon="116.47629552329263">
        <ele>25.0</ele>
        <time>2023-08-05T23:38:58Z</time>
        <extensions>
          <gpxtpx:TrackPointExtension>
            <gpxtpx:hr>150</gpxtpx:hr>
          </gpxtpx:TrackPointExtension>
        </extensions>
      </trkpt>
      <trkpt lat="39.941379337269595" lon="116.47636478322126">
        <ele>23.9</ele>
        <time>2023-08-05T23:39:01Z</time>
        <extensions>
          <gpxtpx:TrackPointExtension>
            <gpxtpx:hr>150</gpxtpx:hr>
          </gpxtpx:TrackPointExtension>
        </extensions>
      </trkpt>
      <trkpt lat="39.94134166294513" lon="116.47647820316625">
        <ele>22.3</ele>
        <time>2023-08-05T23:39:07Z</time>
        <extensions>
          <gpxtpx:TrackPointExtension>
            <gpxtpx:hr>149</gpxtpx:hr>
          </gpxtpx:TrackPointExtension>
        </extensions>
      </trkpt>
      <trkpt lat="39.94136403235288" lon="116.47660767464377">
        <ele>20.7</ele>
        <time>2023-08-05T23:39:13Z</time>
        <extensions>
          <gpxtpx:TrackPointExtension>
            <gpxtpx:hr>149</gpxtpx:hr>
          </gpxtpx:TrackPointExtension>
        </extensions>
      </trkpt>
      <trkpt lat="39.94144359800823" lon="116.47680639318241">
        <ele>17.3</ele>
        <time>2023-08-05T23:39:22Z</time>
        <extensions>
          <gpxtpx:TrackPointExtension>
            <gpxtpx:hr>147</gpxtpx:hr>
          </gpxtpx:TrackPointExtension>
        </extensions>
      </trkpt>
      <trkpt lat="39.9414520088336" lon="116.47694991867763">
        <ele>16.3</ele>
        <time>2023-08-05T23:39:28Z</time>
        <extensions>
          <gpxtpx:TrackPointExtension>
            <gpxtpx:hr>147</gpxtpx:hr>
          </gpxtpx:TrackPointExtension>
        </extensions>
      </trkpt>
      <trkpt lat="39.9414214358878" lon="116.47709846782077">
        <ele>16.599999999999998</ele>
        <time>2023-08-05T23:39:34Z</time>
        <extensions>
          <gpxtpx:TrackPointExtension>
            <gpxtpx:hr>148</gpxtpx:hr>
          </gpxtpx:TrackPointExtension>
        </extensions>
      </trkpt>
      <trkpt lat="39.941299379804185" lon="116.47742568552269">
        <ele>15.3</ele>
        <time>2023-08-05T23:39:46Z</time>
        <extensions>
          <gpxtpx:TrackPointExtension>
            <gpxtpx:hr>150</gpxtpx:hr>
          </gpxtpx:TrackPointExtension>
        </extensions>
      </trkpt>
      <trkpt lat="39.941264603202065" lon="116.47750297413207">
        <ele>16.099999999999998</ele>
        <time>2023-08-05T23:39:49Z</time>
        <extensions>
          <gpxtpx:TrackPointExtension>
            <gpxtpx:hr>149</gpxtpx:hr>
          </gpxtpx:TrackPointExtension>
        </extensions>
      </trkpt>
      <trkpt lat="39.9411536639893" lon="116.47787034042801">
        <ele>15.099999999999998</ele>
        <time>2023-08-05T23:40:04Z</time>
        <extensions>
          <gpxtpx:TrackPointExtension>
            <gpxtpx:hr>147</gpxtpx:hr>
          </gpxtpx:TrackPointExtension>
        </extensions>
      </trkpt>
      <trkpt lat="39.941128575574304" lon="116.47818650918133">
        <ele>16.599999999999998</ele>
        <time>2023-08-05T23:40:13Z</time>
        <extensions>
          <gpxtpx:TrackPointExtension>
            <gpxtpx:hr>147</gpxtpx:hr>
          </gpxtpx:TrackPointExtension>
        </extensions>
      </trkpt>
      <trkpt lat="39.9410969211702" lon="116.47830595387944">
        <ele>20.4</ele>
        <time>2023-08-05T23:40:16Z</time>
        <extensions>
          <gpxtpx:TrackPointExtension>
            <gpxtpx:hr>149</gpxtpx:hr>
          </gpxtpx:TrackPointExtension>
        </extensions>
      </trkpt>
      <trkpt lat="39.94093682250932" lon="116.47861611933918">
        <ele>26.900000000000002</ele>
        <time>2023-08-05T23:40:28Z</time>
        <extensions>
          <gpxtpx:TrackPointExtension>
            <gpxtpx:hr>147</gpxtpx:hr>
          </gpxtpx:TrackPointExtension>
        </extensions>
      </trkpt>
      <trkpt lat="39.940879903035814" lon="116.47864322661671">
        <ele>27.8</ele>
        <time>2023-08-05T23:40:31Z</time>
        <extensions>
          <gpxtpx:TrackPointExtension>
            <gpxtpx:hr>148</gpxtpx:hr>
          </gpxtpx:TrackPointExtension>
        </extensions>
      </trkpt>
      <trkpt lat="39.940814827372" lon="116.47861613461184">
        <ele>27.999999999999996</ele>
        <time>2023-08-05T23:40:34Z</time>
        <extensions>
          <gpxtpx:TrackPointExtension>
            <gpxtpx:hr>148</gpxtpx:hr>
          </gpxtpx:TrackPointExtension>
        </extensions>
      </trkpt>
      <trkpt lat="39.940729512040136" lon="116.47850573737871">
        <ele>28.400000000000002</ele>
        <time>2023-08-05T23:40:40Z</time>
        <extensions>
          <gpxtpx:TrackPointExtension>
            <gpxtpx:hr>149</gpxtpx:hr>
          </gpxtpx:TrackPointExtension>
        </extensions>
      </trkpt>
      <trkpt lat="39.940653606077106" lon="116.47819058346495">
        <ele>25.5</ele>
        <time>2023-08-05T23:40:52Z</time>
        <extensions>
          <gpxtpx:TrackPointExtension>
            <gpxtpx:hr>147</gpxtpx:hr>
          </gpxtpx:TrackPointExtension>
        </extensions>
      </trkpt>
      <trkpt lat="39.94054614767166" lon="116.47803000466882">
        <ele>25.3</ele>
        <time>2023-08-05T23:41:01Z</time>
        <extensions>
          <gpxtpx:TrackPointExtension>
            <gpxtpx:hr>147</gpxtpx:hr>
          </gpxtpx:TrackPointExtension>
        </extensions>
      </trkpt>
      <trkpt lat="39.9402945105039" lon="116.47780520768886">
        <ele>22.5</ele>
        <time>2023-08-05T23:41:16Z</time>
        <extensions>
          <gpxtpx:TrackPointExtension>
            <gpxtpx:hr>148</gpxtpx:hr>
          </gpxtpx:TrackPointExtension>
        </extensions>
      </trkpt>
      <trkpt lat="39.94024859319973" lon="116.47783331695784">
        <ele>21.7</ele>
        <time>2023-08-05T23:41:19Z</time>
        <extensions>
          <gpxtpx:TrackPointExtension>
            <gpxtpx:hr>148</gpxtpx:hr>
          </gpxtpx:TrackPointExtension>
        </extensions>
      </trkpt>
      <trkpt lat="39.94004952314436" lon="116.47815352211065">
        <ele>17.0</ele>
        <time>2023-08-05T23:41:37Z</time>
        <extensions>
          <gpxtpx:TrackPointExtension>
            <gpxtpx:hr>150</gpxtpx:hr>
          </gpxtpx:TrackPointExtension>
        </extensions>
      </trkpt>
      <trkpt lat="39.93984330120157" lon="116.47842053324692">
        <ele>16.599999999999998</ele>
        <time>2023-08-05T23:41:52Z</time>
        <extensions>
          <gpxtpx:TrackPointExtension>
            <gpxtpx:hr>152</gpxtpx:hr>
          </gpxtpx:TrackPointExtension>
        </extensions>
      </trkpt>
      <trkpt lat="39.93958983856476" lon="116.47860323974813">
        <ele>16.8</ele>
        <time>2023-08-05T23:42:04Z</time>
        <extensions>
          <gpxtpx:TrackPointExtension>
            <gpxtpx:hr>149</gpxtpx:hr>
          </gpxtpx:TrackPointExtension>
        </extensions>
      </trkpt>
      <trkpt lat="39.93928699557934" lon="116.47865346311997">
        <ele>19.0</ele>
        <time>2023-08-05T23:42:16Z</time>
        <extensions>
          <gpxtpx:TrackPointExtension>
            <gpxtpx:hr>151</gpxtpx:hr>
          </gpxtpx:TrackPointExtension>
        </extensions>
      </trkpt>
      <trkpt lat="39.93904714141552" lon="116.4787006675108">
        <ele>20.7</ele>
        <time>2023-08-05T23:42:28Z</time>
        <extensions>
          <gpxtpx:TrackPointExtension>
            <gpxtpx:hr>150</gpxtpx:hr>
          </gpxtpx:TrackPointExtension>
        </extensions>
      </trkpt>
      <trkpt lat="39.938719931281284" lon="116.47862342282421">
        <ele>23.2</ele>
        <time>2023-08-05T23:42:43Z</time>
        <extensions>
          <gpxtpx:TrackPointExtension>
            <gpxtpx:hr>151</gpxtpx:hr>
          </gpxtpx:TrackPointExtension>
        </extensions>
      </trkpt>
      <trkpt lat="39.93865187313916" lon="116.47860235345556">
        <ele>23.7</ele>
        <time>2023-08-05T23:42:46Z</time>
        <extensions>
          <gpxtpx:TrackPointExtension>
            <gpxtpx:hr>151</gpxtpx:hr>
          </gpxtpx:TrackPointExtension>
        </extensions>
      </trkpt>
      <trkpt lat="39.93838153916468" lon="116.47848294605427">
        <ele>25.3</ele>
        <time>2023-08-05T23:42:58Z</time>
        <extensions>
          <gpxtpx:TrackPointExtension>
            <gpxtpx:hr>151</gpxtpx:hr>
          </gpxtpx:TrackPointExtension>
        </extensions>
      </trkpt>
      <trkpt lat="39.93810126946642" lon="116.47838562162882">
        <ele>23.7</ele>
        <time>2023-08-05T23:43:10Z</time>
        <extensions>
          <gpxtpx:TrackPointExtension>
            <gpxtpx:hr>150</gpxtpx:hr>
          </gpxtpx:TrackPointExtension>
        </extensions>
      </trkpt>
      <trkpt lat="39.93804412121196" lon="116.4783334361137">
        <ele>21.9</ele>
        <time>2023-08-05T23:43:13Z</time>
        <extensions>
          <gpxtpx:TrackPointExtension>
            <gpxtpx:hr>151</gpxtpx:hr>
          </gpxtpx:TrackPointExtension>
        </extensions>
      </trkpt>
      <trkpt lat="39.93791354197346" lon="116.47813070440161">
        <ele>20.7</ele>
        <time>2023-08-05T23:43:22Z</time>
        <extensions>
          <gpxtpx:TrackPointExtension>
            <gpxtpx:hr>151</gpxtpx:hr>
          </gpxtpx:TrackPointExtension>
        </extensions>
      </trkpt>
      <trkpt lat="39.93770487971425" lon="116.47789787213684">
        <ele>23.5</ele>
        <time>2023-08-05T23:43:34Z</time>
        <extensions>
          <gpxtpx:TrackPointExtension>
            <gpxtpx:hr>150</gpxtpx:hr>
          </gpxtpx:TrackPointExtension>
        </extensions>
      </trkpt>
      <trkpt lat="39.93758469965385" lon="116.47783365053371">
        <ele>23.4</ele>
        <time>2023-08-05T23:43:40Z</time>
        <extensions>
          <gpxtpx:TrackPointExtension>
            <gpxtpx:hr>150</gpxtpx:hr>
          </gpxtpx:TrackPointExtension>
        </extensions>
      </trkpt>
      <trkpt lat="39.937262386279954" lon="116.47772027321177">
        <ele>21.8</ele>
        <time>2023-08-05T23:43:55Z</time>
        <extensions>
          <gpxtpx:TrackPointExtension>
            <gpxtpx:hr>153</gpxtpx:hr>
          </gpxtpx:TrackPointExtension>
        </extensions>
      </trkpt>
      <trkpt lat="39.93695718492917" lon="116.47764603801258">
        <ele>17.8</ele>
        <time>2023-08-05T23:44:10Z</time>
        <extensions>
          <gpxtpx:TrackPointExtension>
            <gpxtpx:hr>152</gpxtpx:hr>
          </gpxtpx:TrackPointExtension>
        </extensions>
      </trkpt>
      <trkpt lat="39.936820167335654" lon="116.47763802561667">
        <ele>16.099999999999998</ele>
        <time>2023-08-05T23:44:16Z</time>
        <extensions>
          <gpxtpx:TrackPointExtension>
            <gpxtpx:hr>153</gpxtpx:hr>
          </gpxtpx:TrackPointExtension>
        </extensions>
      </trkpt>
      <trkpt lat="39.93658183071502" lon="116.47751761228466">
        <ele>17.5</ele>
        <time>2023-08-05T23:44:28Z</time>
        <extensions>
          <gpxtpx:TrackPointExtension>
            <gpxtpx:hr>152</gpxtpx:hr>
          </gpxtpx:TrackPointExtension>
        </extensions>
      </trkpt>
      <trkpt lat="39.936419892007926" lon="116.47753670271763">
        <ele>19.9</ele>
        <time>2023-08-05T23:44:34Z</time>
        <extensions>
          <gpxtpx:TrackPointExtension>
            <gpxtpx:hr>152</gpxtpx:hr>
          </gpxtpx:TrackPointExtension>
        </extensions>
      </trkpt>
      <trkpt lat="39.93625684375037" lon="116.47751765298084">
        <ele>22.8</ele>
        <time>2023-08-05T23:44:40Z</time>
        <extensions>
          <gpxtpx:TrackPointExtension>
            <gpxtpx:hr>152</gpxtpx:hr>
          </gpxtpx:TrackPointExtension>
        </extensions>
      </trkpt>
      <trkpt lat="39.936131978554" lon="116.47756283478026">
        <ele>23.5</ele>
        <time>2023-08-05T23:44:46Z</time>
        <extensions>
          <gpxtpx:TrackPointExtension>
            <gpxtpx:hr>153</gpxtpx:hr>
          </gpxtpx:TrackPointExtension>
        </extensions>
      </trkpt>
      <trkpt lat="39.936014983249365" lon="116.47756284943038">
        <ele>25.0</ele>
        <time>2023-08-05T23:44:52Z</time>
        <extensions>
          <gpxtpx:TrackPointExtension>
            <gpxtpx:hr>153</gpxtpx:hr>
          </gpxtpx:TrackPointExtension>
        </extensions>
      </trkpt>
      <trkpt lat="39.935754575578024" lon="116.47741734674047">
        <ele>27.099999999999998</ele>
        <time>2023-08-05T23:45:04Z</time>
        <extensions>
          <gpxtpx:TrackPointExtension>
            <gpxtpx:hr>152</gpxtpx:hr>
          </gpxtpx:TrackPointExtension>
        </extensions>
      </trkpt>
      <trkpt lat="39.93557199801392" lon="116.47721362075215">
        <ele>25.9</ele>
        <time>2023-08-05T23:45:16Z</time>
        <extensions>
          <gpxtpx:TrackPointExtension>
            <gpxtpx:hr>152</gpxtpx:hr>
          </gpxtpx:TrackPointExtension>
        </extensions>
      </trkpt>
      <trkpt lat="39.935379781147134" lon="116.47713535726547">
        <ele>25.599999999999998</ele>
        <time>2023-08-05T23:45:25Z</time>
        <extensions>
          <gpxtpx:TrackPointExtension>
            <gpxtpx:hr>152</gpxtpx:hr>
          </gpxtpx:TrackPointExtension>
        </extensions>
      </trkpt>
      <trkpt lat="39.93518179486094" lon="116.47713738943288">
        <ele>21.9</ele>
        <time>2023-08-05T23:45:34Z</time>
        <extensions>
          <gpxtpx:TrackPointExtension>
            <gpxtpx:hr>153</gpxtpx:hr>
          </gpxtpx:TrackPointExtension>
        </extensions>
      </trkpt>
      <trkpt lat="39.934882103502" lon="116.47724080671178">
        <ele>20.2</ele>
        <time>2023-08-05T23:45:46Z</time>
        <extensions>
          <gpxtpx:TrackPointExtension>
            <gpxtpx:hr>155</gpxtpx:hr>
          </gpxtpx:TrackPointExtension>
        </extensions>
      </trkpt>
      <trkpt lat="39.93459028519837" lon="116.47730006085693">
        <ele>23.7</ele>
        <time>2023-08-05T23:45:58Z</time>
        <extensions>
          <gpxtpx:TrackPointExtension>
            <gpxtpx:hr>155</gpxtpx:hr>
          </gpxtpx:TrackPointExtension>
        </extensions>
      </trkpt>
      <trkpt lat="39.93452634539488" lon="116.47732014263947">
        <ele>23.9</ele>
        <time>2023-08-05T23:46:01Z</time>
        <extensions>
          <gpxtpx:TrackPointExtension>
            <gpxtpx:hr>155</gpxtpx:hr>
          </gpxtpx:TrackPointExtension>
        </extensions>
      </trkpt>
      <trkpt lat="39.93436734603104" lon="116.47731815517209">
        <ele>20.3</ele>
        <time>2023-08-05T23:46:10Z</time>
        <extensions>
          <gpxtpx:TrackPointExtension>
            <gpxtpx:hr>154</gpxtpx:hr>
          </gpxtpx:TrackPointExtension>
        </extensions>
      </trkpt>
      <trkpt lat="39.93429426830152" lon="116.47729006104022">
        <ele>20.099999999999998</ele>
        <time>2023-08-05T23:46:13Z</time>
        <extensions>
          <gpxtpx:TrackPointExtension>
            <gpxtpx:hr>154</gpxtpx:hr>
          </gpxtpx:TrackPointExtension>
        </extensions>
      </trkpt>
      <trkpt lat="39.93402335699949" lon="116.4773171945583">
        <ele>21.0</ele>
        <time>2023-08-05T23:46:22Z</time>
        <extensions>
          <gpxtpx:TrackPointExtension>
            <gpxtpx:hr>154</gpxtpx:hr>
          </gpxtpx:TrackPointExtension>
        </extensions>
      </trkpt>
      <trkpt lat="39.9338814462787" lon="116.4773463193122">
        <ele>24.2</ele>
        <time>2023-08-05T23:46:28Z</time>
        <extensions>
          <gpxtpx:TrackPointExtension>
            <gpxtpx:hr>155</gpxtpx:hr>
          </gpxtpx:TrackPointExtension>
        </extensions>
      </trkpt>
      <trkpt lat="39.93383736737271" lon="116.47731822153695">
        <ele>25.599999999999998</ele>
        <time>2023-08-05T23:46:31Z</time>
        <extensions>
          <gpxtpx:TrackPointExtension>
            <gpxtpx:hr>154</gpxtpx:hr>
          </gpxtpx:TrackPointExtension>
        </extensions>
      </trkpt>
      <trkpt lat="39.933636586501216" lon="116.47704323653514">
        <ele>23.5</ele>
        <time>2023-08-05T23:46:43Z</time>
        <extensions>
          <gpxtpx:TrackPointExtension>
            <gpxtpx:hr>154</gpxtpx:hr>
          </gpxtpx:TrackPointExtension>
        </extensions>
      </trkpt>
      <trkpt lat="39.93352805301968" lon="116.4768555614256">
        <ele>23.7</ele>
        <time>2023-08-05T23:46:49Z</time>
        <extensions>
          <gpxtpx:TrackPointExtension>
            <gpxtpx:hr>156</gpxtpx:hr>
          </gpxtpx:TrackPointExtension>
        </extensions>
      </trkpt>
      <trkpt lat="39.93351475463871" lon="116.47675118031937">
        <ele>24.099999999999998</ele>
        <time>2023-08-05T23:46:52Z</time>
        <extensions>
          <gpxtpx:TrackPointExtension>
            <gpxtpx:hr>155</gpxtpx:hr>
          </gpxtpx:TrackPointExtension>
        </extensions>
      </trkpt>
      <trkpt lat="39.93357379904722" lon="116.47641795220598">
        <ele>26.599999999999998</ele>
        <time>2023-08-05T23:46:58Z</time>
        <extensions>
          <gpxtpx:TrackPointExtension>
            <gpxtpx:hr>156</gpxtpx:hr>
          </gpxtpx:TrackPointExtension>
        </extensions>
      </trkpt>
      <trkpt lat="39.93356184217108" lon="116.47608272751793">
        <ele>28.999999999999996</ele>
        <time>2023-08-05T23:47:04Z</time>
        <extensions>
          <gpxtpx:TrackPointExtension>
            <gpxtpx:hr>160</gpxtpx:hr>
          </gpxtpx:TrackPointExtension>
        </extensions>
      </trkpt>
      <trkpt lat="39.933591468791576" lon="116.47595224706765">
        <ele>27.599999999999998</ele>
        <time>2023-08-05T23:47:07Z</time>
        <extensions>
          <gpxtpx:TrackPointExtension>
            <gpxtpx:hr>161</gpxtpx:hr>
          </gpxtpx:TrackPointExtension>
        </extensions>
      </trkpt>
      <trkpt lat="39.933701840776294" lon="116.47573343444628">
        <ele>24.099999999999998</ele>
        <time>2023-08-05T23:47:13Z</time>
        <extensions>
          <gpxtpx:TrackPointExtension>
            <gpxtpx:hr>165</gpxtpx:hr>
          </gpxtpx:TrackPointExtension>
        </extensions>
      </trkpt>
      <trkpt lat="39.933749718791304" lon="116.47569127464715">
        <ele>23.599999999999998</ele>
        <time>2023-08-05T23:47:16Z</time>
        <extensions>
          <gpxtpx:TrackPointExtension>
            <gpxtpx:hr>165</gpxtpx:hr>
          </gpxtpx:TrackPointExtension>
        </extensions>
      </trkpt>
      <trkpt lat="39.933933702805035" lon="116.47568824060846">
        <ele>23.9</ele>
        <time>2023-08-05T23:47:22Z</time>
        <extensions>
          <gpxtpx:TrackPointExtension>
            <gpxtpx:hr>166</gpxtpx:hr>
          </gpxtpx:TrackPointExtension>
        </extensions>
      </trkpt>
      <trkpt lat="39.93432128149817" lon="116.475545672287">
        <ele>21.0</ele>
        <time>2023-08-05T23:47:34Z</time>
        <extensions>
          <gpxtpx:TrackPointExtension>
            <gpxtpx:hr>169</gpxtpx:hr>
          </gpxtpx:TrackPointExtension>
        </extensions>
      </trkpt>
      <trkpt lat="39.934440105383906" lon="116.47548543788925">
        <ele>21.4</ele>
        <time>2023-08-05T23:47:37Z</time>
        <extensions>
          <gpxtpx:TrackPointExtension>
            <gpxtpx:hr>169</gpxtpx:hr>
          </gpxtpx:TrackPointExtension>
        </extensions>
      </trkpt>
      <trkpt lat="39.934710894670744" lon="116.47541514794266">
        <ele>21.4</ele>
        <time>2023-08-05T23:47:46Z</time>
        <extensions>
          <gpxtpx:TrackPointExtension>
            <gpxtpx:hr>171</gpxtpx:hr>
          </gpxtpx:TrackPointExtension>
        </extensions>
      </trkpt>
      <trkpt lat="39.93490873832559" lon="116.4753629330246">
        <ele>16.7</ele>
        <time>2023-08-05T23:47:55Z</time>
        <extensions>
          <gpxtpx:TrackPointExtension>
            <gpxtpx:hr>173</gpxtpx:hr>
          </gpxtpx:TrackPointExtension>
        </extensions>
      </trkpt>
      <trkpt lat="39.93506777187879" lon="116.47537696427554">
        <ele>14.7</ele>
        <time>2023-08-05T23:48:01Z</time>
        <extensions>
          <gpxtpx:TrackPointExtension>
            <gpxtpx:hr>173</gpxtpx:hr>
          </gpxtpx:TrackPointExtension>
        </extensions>
      </trkpt>
      <trkpt lat="39.935153854029046" lon="116.47540706317555">
        <ele>12.7</ele>
        <time>2023-08-05T23:48:04Z</time>
        <extensions>
          <gpxtpx:TrackPointExtension>
            <gpxtpx:hr>173</gpxtpx:hr>
          </gpxtpx:TrackPointExtension>
        </extensions>
      </trkpt>
      <trkpt lat="39.93547961552887" lon="116.47532773353554">
        <ele>11.7</ele>
        <time>2023-08-05T23:48:16Z</time>
        <extensions>
          <gpxtpx:TrackPointExtension>
            <gpxtpx:hr>173</gpxtpx:hr>
          </gpxtpx:TrackPointExtension>
        </extensions>
      </trkpt>
      <trkpt lat="39.935536464925356" lon="116.47527553636702">
        <ele>13.2</ele>
        <time>2023-08-05T23:48:19Z</time>
        <extensions>
          <gpxtpx:TrackPointExtension>
            <gpxtpx:hr>172</gpxtpx:hr>
          </gpxtpx:TrackPointExtension>
        </extensions>
      </trkpt>
      <trkpt lat="39.93574437102574" lon="116.4752454006903">
        <ele>20.7</ele>
        <time>2023-08-05T23:48:25Z</time>
        <extensions>
          <gpxtpx:TrackPointExtension>
            <gpxtpx:hr>173</gpxtpx:hr>
          </gpxtpx:TrackPointExtension>
        </extensions>
      </trkpt>
      <trkpt lat="39.93584940102759" lon="116.47525743137143">
        <ele>23.5</ele>
        <time>2023-08-05T23:48:28Z</time>
        <extensions>
          <gpxtpx:TrackPointExtension>
            <gpxtpx:hr>173</gpxtpx:hr>
          </gpxtpx:TrackPointExtension>
        </extensions>
      </trkpt>
      <trkpt lat="39.935917352675645" lon="116.47524136439434">
        <ele>25.5</ele>
        <time>2023-08-05T23:48:32Z</time>
        <extensions>
          <gpxtpx:TrackPointExtension>
            <gpxtpx:hr>172</gpxtpx:hr>
          </gpxtpx:TrackPointExtension>
        </extensions>
      </trkpt>
      <trkpt lat="39.935917352675645" lon="116.47524136439434">
        <ele>25.5</ele>
        <time>2023-08-05T23:48:34Z</time>
        <extensions>
          <gpxtpx:TrackPointExtension>
            <gpxtpx:hr>172</gpxtpx:hr>
          </gpxtpx:TrackPointExtension>
        </extensions>
      </trkpt>
    </trkseg>
  </trk>
</gpx>