<?xml version="1.0" encoding="UTF-8"?>
<gpx xmlns="http://www.topografix.com/GPX/1/1" xmlns:gpxtpx="http://www.garmin.com/xmlschemas/TrackPointExtension/v1" xmlns:xsi="http://www.w3.org/2001/XMLSchema-instance" xsi:schemaLocation="http://www.topografix.com/GPX/1/1 http://www.topografix.com/GPX/1/1/gpx.xsd" version="1.1" creator="gpx.py -- https://github.com/tkrajina/gpxpy">
  <trk>
    <name>gpx from keep</name>
    <type>Walk</type>
    <trkseg>
      <trkpt lat="35.6918133333324" lon="139.7026133333336">
        <ele>29.5</ele>
        <time>2025-08-30T08:19:04Z</time>
        <extensions>
          <gpxtpx:TrackPointExtension>
            <gpxtpx:hr>91</gpxtpx:hr>
          </gpxtpx:TrackPointExtension>
        </extensions>
      </trkpt>
      <trkpt lat="35.69183490948659" lon="139.70262219957323">
        <ele>29.5</ele>
        <time>2025-08-30T08:19:05Z</time>
        <extensions>
          <gpxtpx:TrackPointExtension>
            <gpxtpx:hr>91</gpxtpx:hr>
          </gpxtpx:TrackPointExtension>
        </extensions>
      </trkpt>
      <trkpt lat="35.69184085199366" lon="139.70262256057043">
        <ele>29.5</ele>
        <time>2025-08-30T08:19:06Z</time>
        <extensions>
          <gpxtpx:TrackPointExtension>
            <gpxtpx:hr>89</gpxtpx:hr>
          </gpxtpx:TrackPointExtension>
        </extensions>
      </trkpt>
      <trkpt lat="35.69185059052837" lon="139.70262194587986">
        <ele>29.5</ele>
        <time>2025-08-30T08:19:07Z</time>
        <extensions>
          <gpxtpx:TrackPointExtension>
            <gpxtpx:hr>89</gpxtpx:hr>
          </gpxtpx:TrackPointExtension>
        </extensions>
      </trkpt>
      <trkpt lat="35.69185393492986" lon="139.70261448501964">
        <ele>29.5</ele>
        <time>2025-08-30T08:19:08Z</time>
        <extensions>
          <gpxtpx:TrackPointExtension>
            <gpxtpx:hr>89</gpxtpx:hr>
          </gpxtpx:TrackPointExtension>
        </extensions>
      </trkpt>
      <trkpt lat="35.69185090006823" lon="139.70260322406338">
        <ele>29.5</ele>
        <time>2025-08-30T08:19:09Z</time>
        <extensions>
          <gpxtpx:TrackPointExtension>
            <gpxtpx:hr>89</gpxtpx:hr>
          </gpxtpx:TrackPointExtension>
        </extensions>
      </trkpt>
      <trkpt lat="35.69184182461818" lon="139.7025885015981">
        <ele>29.5</ele>
        <time>2025-08-30T08:19:10Z</time>
        <extensions>
          <gpxtpx:TrackPointExtension>
            <gpxtpx:hr>89</gpxtpx:hr>
          </gpxtpx:TrackPointExtension>
        </extensions>
      </trkpt>
      <trkpt lat="35.6918315475292" lon="139.70257843206133">
        <ele>29.5</ele>
        <time>2025-08-30T08:19:11Z</time>
        <extensions>
          <gpxtpx:TrackPointExtension>
            <gpxtpx:hr>93</gpxtpx:hr>
          </gpxtpx:TrackPointExtension>
        </extensions>
      </trkpt>
      <trkpt lat="35.69182399072103" lon="139.7025742643173">
        <ele>29.5</ele>
        <time>2025-08-30T08:19:12Z</time>
        <extensions>
          <gpxtpx:TrackPointExtension>
            <gpxtpx:hr>93</gpxtpx:hr>
          </gpxtpx:TrackPointExtension>
        </extensions>
      </trkpt>
      <trkpt lat="35.69182123358231" lon="139.70257773470095">
        <ele>29.5</ele>
        <time>2025-08-30T08:19:13Z</time>
        <extensions>
          <gpxtpx:TrackPointExtension>
            <gpxtpx:hr>93</gpxtpx:hr>
          </gpxtpx:TrackPointExtension>
        </extensions>
      </trkpt>
      <trkpt lat="35.6918210077489" lon="139.70258288904532">
        <ele>29.5</ele>
        <time>2025-08-30T08:19:14Z</time>
        <extensions>
          <gpxtpx:TrackPointExtension>
            <gpxtpx:hr>93</gpxtpx:hr>
          </gpxtpx:TrackPointExtension>
        </extensions>
      </trkpt>
      <trkpt lat="35.69182284079179" lon="139.70258836373887">
        <ele>29.5</ele>
        <time>2025-08-30T08:19:15Z</time>
        <extensions>
          <gpxtpx:TrackPointExtension>
            <gpxtpx:hr>93</gpxtpx:hr>
          </gpxtpx:TrackPointExtension>
        </extensions>
      </trkpt>
      <trkpt lat="35.69182791297093" lon="139.7025928800792">
        <ele>29.8</ele>
        <time>2025-08-30T08:19:16Z</time>
        <extensions>
          <gpxtpx:TrackPointExtension>
            <gpxtpx:hr>99</gpxtpx:hr>
          </gpxtpx:TrackPointExtension>
        </extensions>
      </trkpt>
      <trkpt lat="35.691835096357565" lon="139.7025970585094">
        <ele>29.8</ele>
        <time>2025-08-30T08:19:17Z</time>
        <extensions>
          <gpxtpx:TrackPointExtension>
            <gpxtpx:hr>99</gpxtpx:hr>
          </gpxtpx:TrackPointExtension>
        </extensions>
      </trkpt>
      <trkpt lat="35.69184300831885" lon="139.70260401792225">
        <ele>29.8</ele>
        <time>2025-08-30T08:19:18Z</time>
        <extensions>
          <gpxtpx:TrackPointExtension>
            <gpxtpx:hr>99</gpxtpx:hr>
          </gpxtpx:TrackPointExtension>
        </extensions>
      </trkpt>
      <trkpt lat="35.6918493792608" lon="139.70261661356867">
        <ele>29.8</ele>
        <time>2025-08-30T08:19:19Z</time>
        <extensions>
          <gpxtpx:TrackPointExtension>
            <gpxtpx:hr>99</gpxtpx:hr>
          </gpxtpx:TrackPointExtension>
        </extensions>
      </trkpt>
      <trkpt lat="35.6918538125037" lon="139.70263073517458">
        <ele>29.8</ele>
        <time>2025-08-30T08:19:20Z</time>
        <extensions>
          <gpxtpx:TrackPointExtension>
            <gpxtpx:hr>99</gpxtpx:hr>
          </gpxtpx:TrackPointExtension>
        </extensions>
      </trkpt>
      <trkpt lat="35.69185633411672" lon="139.7026471372831">
        <ele>30.6</ele>
        <time>2025-08-30T08:19:21Z</time>
        <extensions>
          <gpxtpx:TrackPointExtension>
            <gpxtpx:hr>98</gpxtpx:hr>
          </gpxtpx:TrackPointExtension>
        </extensions>
      </trkpt>
      <trkpt lat="35.691857653517836" lon="139.70266033629494">
        <ele>30.6</ele>
        <time>2025-08-30T08:19:22Z</time>
        <extensions>
          <gpxtpx:TrackPointExtension>
            <gpxtpx:hr>98</gpxtpx:hr>
          </gpxtpx:TrackPointExtension>
        </extensions>
      </trkpt>
      <trkpt lat="35.691858014650926" lon="139.70268395395132">
        <ele>30.6</ele>
        <time>2025-08-30T08:19:23Z</time>
        <extensions>
          <gpxtpx:TrackPointExtension>
            <gpxtpx:hr>98</gpxtpx:hr>
          </gpxtpx:TrackPointExtension>
        </extensions>
      </trkpt>
      <trkpt lat="35.69213574536963" lon="139.7017134590435">
        <ele>26.8</ele>
        <time>2025-08-30T09:16:18Z</time>
        <extensions>
          <gpxtpx:TrackPointExtension>
            <gpxtpx:hr>94</gpxtpx:hr>
          </gpxtpx:TrackPointExtension>
        </extensions>
      </trkpt>
      <trkpt lat="35.69213574536963" lon="139.7017134590435">
        <ele>26.8</ele>
        <time>2025-08-30T09:17:57Z</time>
        <extensions>
          <gpxtpx:TrackPointExtension>
            <gpxtpx:hr>91</gpxtpx:hr>
          </gpxtpx:TrackPointExtension>
        </extensions>
      </trkpt>
      <trkpt lat="35.6922339223887" lon="139.7016987242881">
        <ele>26.8</ele>
        <time>2025-08-30T09:17:58Z</time>
        <extensions>
          <gpxtpx:TrackPointExtension>
            <gpxtpx:hr>91</gpxtpx:hr>
          </gpxtpx:TrackPointExtension>
        </extensions>
      </trkpt>
      <trkpt lat="35.6923024678503" lon="139.70169399419296">
        <ele>26.8</ele>
        <time>2025-08-30T09:17:59Z</time>
        <extensions>
          <gpxtpx:TrackPointExtension>
            <gpxtpx:hr>91</gpxtpx:hr>
          </gpxtpx:TrackPointExtension>
        </extensions>
      </trkpt>
      <trkpt lat="35.69232692127128" lon="139.7016724144606">
        <ele>26.8</ele>
        <time>2025-08-30T09:18:00Z</time>
        <extensions>
          <gpxtpx:TrackPointExtension>
            <gpxtpx:hr>91</gpxtpx:hr>
          </gpxtpx:TrackPointExtension>
        </extensions>
      </trkpt>
      <trkpt lat="35.69235911752872" lon="139.70165717404862">
        <ele>26.6</ele>
        <time>2025-08-30T09:18:01Z</time>
        <extensions>
          <gpxtpx:TrackPointExtension>
            <gpxtpx:hr>93</gpxtpx:hr>
          </gpxtpx:TrackPointExtension>
        </extensions>
      </trkpt>
      <trkpt lat="35.6923769434892" lon="139.70163984807357">
        <ele>26.6</ele>
        <time>2025-08-30T09:18:02Z</time>
        <extensions>
          <gpxtpx:TrackPointExtension>
            <gpxtpx:hr>93</gpxtpx:hr>
          </gpxtpx:TrackPointExtension>
        </extensions>
      </trkpt>
      <trkpt lat="35.6923840902946" lon="139.70162356852526">
        <ele>26.6</ele>
        <time>2025-08-30T09:18:03Z</time>
        <extensions>
          <gpxtpx:TrackPointExtension>
            <gpxtpx:hr>93</gpxtpx:hr>
          </gpxtpx:TrackPointExtension>
        </extensions>
      </trkpt>
      <trkpt lat="35.69239077212438" lon="139.70160725062857">
        <ele>26.6</ele>
        <time>2025-08-30T09:18:04Z</time>
        <extensions>
          <gpxtpx:TrackPointExtension>
            <gpxtpx:hr>93</gpxtpx:hr>
          </gpxtpx:TrackPointExtension>
        </extensions>
      </trkpt>
      <trkpt lat="35.69239683229977" lon="139.70159088722156">
        <ele>26.6</ele>
        <time>2025-08-30T09:18:05Z</time>
        <extensions>
          <gpxtpx:TrackPointExtension>
            <gpxtpx:hr>93</gpxtpx:hr>
          </gpxtpx:TrackPointExtension>
        </extensions>
      </trkpt>
      <trkpt lat="35.692402259167245" lon="139.70157451475873">
        <ele>26.6</ele>
        <time>2025-08-30T09:18:06Z</time>
        <extensions>
          <gpxtpx:TrackPointExtension>
            <gpxtpx:hr>93</gpxtpx:hr>
          </gpxtpx:TrackPointExtension>
        </extensions>
      </trkpt>
      <trkpt lat="35.69240709697764" lon="139.70155816032053">
        <ele>26.6</ele>
        <time>2025-08-30T09:18:07Z</time>
        <extensions>
          <gpxtpx:TrackPointExtension>
            <gpxtpx:hr>93</gpxtpx:hr>
          </gpxtpx:TrackPointExtension>
        </extensions>
      </trkpt>
      <trkpt lat="35.69241140554054" lon="139.7015418459843">
        <ele>26.6</ele>
        <time>2025-08-30T09:18:08Z</time>
        <extensions>
          <gpxtpx:TrackPointExtension>
            <gpxtpx:hr>93</gpxtpx:hr>
          </gpxtpx:TrackPointExtension>
        </extensions>
      </trkpt>
      <trkpt lat="35.692415278847875" lon="139.70152555937256">
        <ele>26.6</ele>
        <time>2025-08-30T09:18:09Z</time>
        <extensions>
          <gpxtpx:TrackPointExtension>
            <gpxtpx:hr>93</gpxtpx:hr>
          </gpxtpx:TrackPointExtension>
        </extensions>
      </trkpt>
      <trkpt lat="35.69241878649757" lon="139.70150946321087">
        <ele>26.6</ele>
        <time>2025-08-30T09:18:10Z</time>
        <extensions>
          <gpxtpx:TrackPointExtension>
            <gpxtpx:hr>93</gpxtpx:hr>
          </gpxtpx:TrackPointExtension>
        </extensions>
      </trkpt>
      <trkpt lat="35.692422118243186" lon="139.7014933737018">
        <ele>26.6</ele>
        <time>2025-08-30T09:18:11Z</time>
        <extensions>
          <gpxtpx:TrackPointExtension>
            <gpxtpx:hr>96</gpxtpx:hr>
          </gpxtpx:TrackPointExtension>
        </extensions>
      </trkpt>
      <trkpt lat="35.692425284098675" lon="139.701477295858">
        <ele>26.6</ele>
        <time>2025-08-30T09:18:12Z</time>
        <extensions>
          <gpxtpx:TrackPointExtension>
            <gpxtpx:hr>96</gpxtpx:hr>
          </gpxtpx:TrackPointExtension>
        </extensions>
      </trkpt>
      <trkpt lat="35.6924282682099" lon="139.70146100542365">
        <ele>26.6</ele>
        <time>2025-08-30T09:18:13Z</time>
        <extensions>
          <gpxtpx:TrackPointExtension>
            <gpxtpx:hr>96</gpxtpx:hr>
          </gpxtpx:TrackPointExtension>
        </extensions>
      </trkpt>
      <trkpt lat="35.69243094029325" lon="139.70144465333595">
        <ele>26.6</ele>
        <time>2025-08-30T09:18:14Z</time>
        <extensions>
          <gpxtpx:TrackPointExtension>
            <gpxtpx:hr>96</gpxtpx:hr>
          </gpxtpx:TrackPointExtension>
        </extensions>
      </trkpt>
      <trkpt lat="35.69243335767274" lon="139.7014282221308">
        <ele>26.6</ele>
        <time>2025-08-30T09:18:15Z</time>
        <extensions>
          <gpxtpx:TrackPointExtension>
            <gpxtpx:hr>96</gpxtpx:hr>
          </gpxtpx:TrackPointExtension>
        </extensions>
      </trkpt>
      <trkpt lat="35.69243563089388" lon="139.70141187877658">
        <ele>26.6</ele>
        <time>2025-08-30T09:18:16Z</time>
        <extensions>
          <gpxtpx:TrackPointExtension>
            <gpxtpx:hr>97</gpxtpx:hr>
          </gpxtpx:TrackPointExtension>
        </extensions>
      </trkpt>
      <trkpt lat="35.69243791388545" lon="139.70139556571021">
        <ele>26.6</ele>
        <time>2025-08-30T09:18:17Z</time>
        <extensions>
          <gpxtpx:TrackPointExtension>
            <gpxtpx:hr>97</gpxtpx:hr>
          </gpxtpx:TrackPointExtension>
        </extensions>
      </trkpt>
      <trkpt lat="35.692440369515616" lon="139.70137944453163">
        <ele>26.6</ele>
        <time>2025-08-30T09:18:18Z</time>
        <extensions>
          <gpxtpx:TrackPointExtension>
            <gpxtpx:hr>97</gpxtpx:hr>
          </gpxtpx:TrackPointExtension>
        </extensions>
      </trkpt>
      <trkpt lat="35.6924430998715" lon="139.70136352699194">
        <ele>26.6</ele>
        <time>2025-08-30T09:18:19Z</time>
        <extensions>
          <gpxtpx:TrackPointExtension>
            <gpxtpx:hr>97</gpxtpx:hr>
          </gpxtpx:TrackPointExtension>
        </extensions>
      </trkpt>
      <trkpt lat="35.69244616615997" lon="139.70134816566252">
        <ele>26.6</ele>
        <time>2025-08-30T09:18:20Z</time>
        <extensions>
          <gpxtpx:TrackPointExtension>
            <gpxtpx:hr>97</gpxtpx:hr>
          </gpxtpx:TrackPointExtension>
        </extensions>
      </trkpt>
      <trkpt lat="35.69244970764431" lon="139.70133331666716">
        <ele>26.6</ele>
        <time>2025-08-30T09:18:21Z</time>
        <extensions>
          <gpxtpx:TrackPointExtension>
            <gpxtpx:hr>96</gpxtpx:hr>
          </gpxtpx:TrackPointExtension>
        </extensions>
      </trkpt>
      <trkpt lat="35.69245378386666" lon="139.70131925294422">
        <ele>26.6</ele>
        <time>2025-08-30T09:18:22Z</time>
        <extensions>
          <gpxtpx:TrackPointExtension>
            <gpxtpx:hr>96</gpxtpx:hr>
          </gpxtpx:TrackPointExtension>
        </extensions>
      </trkpt>
      <trkpt lat="35.69245840840248" lon="139.70130557661918">
        <ele>26.6</ele>
        <time>2025-08-30T09:18:23Z</time>
        <extensions>
          <gpxtpx:TrackPointExtension>
            <gpxtpx:hr>96</gpxtpx:hr>
          </gpxtpx:TrackPointExtension>
        </extensions>
      </trkpt>
      <trkpt lat="35.69246322790101" lon="139.7012924214699">
        <ele>26.6</ele>
        <time>2025-08-30T09:18:24Z</time>
        <extensions>
          <gpxtpx:TrackPointExtension>
            <gpxtpx:hr>96</gpxtpx:hr>
          </gpxtpx:TrackPointExtension>
        </extensions>
      </trkpt>
      <trkpt lat="35.692468130303126" lon="139.70127912245724">
        <ele>26.6</ele>
        <time>2025-08-30T09:18:25Z</time>
        <extensions>
          <gpxtpx:TrackPointExtension>
            <gpxtpx:hr>96</gpxtpx:hr>
          </gpxtpx:TrackPointExtension>
        </extensions>
      </trkpt>
      <trkpt lat="35.69247292521759" lon="139.7012658738533">
        <ele>26.4</ele>
        <time>2025-08-30T09:18:26Z</time>
        <extensions>
          <gpxtpx:TrackPointExtension>
            <gpxtpx:hr>95</gpxtpx:hr>
          </gpxtpx:TrackPointExtension>
        </extensions>
      </trkpt>
      <trkpt lat="35.69247772173144" lon="139.70125227090153">
        <ele>26.4</ele>
        <time>2025-08-30T09:18:27Z</time>
        <extensions>
          <gpxtpx:TrackPointExtension>
            <gpxtpx:hr>95</gpxtpx:hr>
          </gpxtpx:TrackPointExtension>
        </extensions>
      </trkpt>
      <trkpt lat="35.692482518324105" lon="139.70123860420338">
        <ele>26.4</ele>
        <time>2025-08-30T09:18:28Z</time>
        <extensions>
          <gpxtpx:TrackPointExtension>
            <gpxtpx:hr>95</gpxtpx:hr>
          </gpxtpx:TrackPointExtension>
        </extensions>
      </trkpt>
      <trkpt lat="35.692487255820204" lon="139.70122541010153">
        <ele>26.4</ele>
        <time>2025-08-30T09:18:29Z</time>
        <extensions>
          <gpxtpx:TrackPointExtension>
            <gpxtpx:hr>95</gpxtpx:hr>
          </gpxtpx:TrackPointExtension>
        </extensions>
      </trkpt>
      <trkpt lat="35.69249199993463" lon="139.7012127130874">
        <ele>26.4</ele>
        <time>2025-08-30T09:18:30Z</time>
        <extensions>
          <gpxtpx:TrackPointExtension>
            <gpxtpx:hr>95</gpxtpx:hr>
          </gpxtpx:TrackPointExtension>
        </extensions>
      </trkpt>
      <trkpt lat="35.69249608346603" lon="139.701202794023">
        <ele>26.4</ele>
        <time>2025-08-30T09:18:31Z</time>
        <extensions>
          <gpxtpx:TrackPointExtension>
            <gpxtpx:hr>95</gpxtpx:hr>
          </gpxtpx:TrackPointExtension>
        </extensions>
      </trkpt>
      <trkpt lat="35.69250058076554" lon="139.7011922961359">
        <ele>26.4</ele>
        <time>2025-08-30T09:18:32Z</time>
        <extensions>
          <gpxtpx:TrackPointExtension>
            <gpxtpx:hr>95</gpxtpx:hr>
          </gpxtpx:TrackPointExtension>
        </extensions>
      </trkpt>
      <trkpt lat="35.6925054275248" lon="139.70118143340568">
        <ele>26.4</ele>
        <time>2025-08-30T09:18:33Z</time>
        <extensions>
          <gpxtpx:TrackPointExtension>
            <gpxtpx:hr>95</gpxtpx:hr>
          </gpxtpx:TrackPointExtension>
        </extensions>
      </trkpt>
      <trkpt lat="35.69251125155249" lon="139.7011678537843">
        <ele>26.4</ele>
        <time>2025-08-30T09:18:34Z</time>
        <extensions>
          <gpxtpx:TrackPointExtension>
            <gpxtpx:hr>95</gpxtpx:hr>
          </gpxtpx:TrackPointExtension>
        </extensions>
      </trkpt>
      <trkpt lat="35.69251709764672" lon="139.7011542989081">
        <ele>26.4</ele>
        <time>2025-08-30T09:18:35Z</time>
        <extensions>
          <gpxtpx:TrackPointExtension>
            <gpxtpx:hr>95</gpxtpx:hr>
          </gpxtpx:TrackPointExtension>
        </extensions>
      </trkpt>
      <trkpt lat="35.69252291612091" lon="139.70114049452647">
        <ele>26.4</ele>
        <time>2025-08-30T09:18:36Z</time>
        <extensions>
          <gpxtpx:TrackPointExtension>
            <gpxtpx:hr>94</gpxtpx:hr>
          </gpxtpx:TrackPointExtension>
        </extensions>
      </trkpt>
      <trkpt lat="35.692528545368454" lon="139.70112666720365">
        <ele>26.4</ele>
        <time>2025-08-30T09:18:37Z</time>
        <extensions>
          <gpxtpx:TrackPointExtension>
            <gpxtpx:hr>94</gpxtpx:hr>
          </gpxtpx:TrackPointExtension>
        </extensions>
      </trkpt>
      <trkpt lat="35.692533771450876" lon="139.70111259252667">
        <ele>26.4</ele>
        <time>2025-08-30T09:18:38Z</time>
        <extensions>
          <gpxtpx:TrackPointExtension>
            <gpxtpx:hr>94</gpxtpx:hr>
          </gpxtpx:TrackPointExtension>
        </extensions>
      </trkpt>
      <trkpt lat="35.69253874940888" lon="139.70109898779208">
        <ele>26.4</ele>
        <time>2025-08-30T09:18:39Z</time>
        <extensions>
          <gpxtpx:TrackPointExtension>
            <gpxtpx:hr>94</gpxtpx:hr>
          </gpxtpx:TrackPointExtension>
        </extensions>
      </trkpt>
      <trkpt lat="35.69254253577691" lon="139.70108528611098">
        <ele>26.4</ele>
        <time>2025-08-30T09:18:40Z</time>
        <extensions>
          <gpxtpx:TrackPointExtension>
            <gpxtpx:hr>94</gpxtpx:hr>
          </gpxtpx:TrackPointExtension>
        </extensions>
      </trkpt>
      <trkpt lat="35.692544478545884" lon="139.70107178362358">
        <ele>26.4</ele>
        <time>2025-08-30T09:18:41Z</time>
        <extensions>
          <gpxtpx:TrackPointExtension>
            <gpxtpx:hr>95</gpxtpx:hr>
          </gpxtpx:TrackPointExtension>
        </extensions>
      </trkpt>
      <trkpt lat="35.692544258530305" lon="139.7010573160249">
        <ele>26.4</ele>
        <time>2025-08-30T09:18:42Z</time>
        <extensions>
          <gpxtpx:TrackPointExtension>
            <gpxtpx:hr>95</gpxtpx:hr>
          </gpxtpx:TrackPointExtension>
        </extensions>
      </trkpt>
      <trkpt lat="35.692542248053805" lon="139.70104435886284">
        <ele>26.4</ele>
        <time>2025-08-30T09:18:43Z</time>
        <extensions>
          <gpxtpx:TrackPointExtension>
            <gpxtpx:hr>95</gpxtpx:hr>
          </gpxtpx:TrackPointExtension>
        </extensions>
      </trkpt>
      <trkpt lat="35.69254136501082" lon="139.70103155530276">
        <ele>26.4</ele>
        <time>2025-08-30T09:18:44Z</time>
        <extensions>
          <gpxtpx:TrackPointExtension>
            <gpxtpx:hr>95</gpxtpx:hr>
          </gpxtpx:TrackPointExtension>
        </extensions>
      </trkpt>
      <trkpt lat="35.692541966444644" lon="139.70102095233048">
        <ele>26.4</ele>
        <time>2025-08-30T09:18:45Z</time>
        <extensions>
          <gpxtpx:TrackPointExtension>
            <gpxtpx:hr>95</gpxtpx:hr>
          </gpxtpx:TrackPointExtension>
        </extensions>
      </trkpt>
      <trkpt lat="35.69254478995961" lon="139.7010106037079">
        <ele>26.6</ele>
        <time>2025-08-30T09:18:46Z</time>
        <extensions>
          <gpxtpx:TrackPointExtension>
            <gpxtpx:hr>100</gpxtpx:hr>
          </gpxtpx:TrackPointExtension>
        </extensions>
      </trkpt>
      <trkpt lat="35.69254770402123" lon="139.7010020603809">
        <ele>26.6</ele>
        <time>2025-08-30T09:18:47Z</time>
        <extensions>
          <gpxtpx:TrackPointExtension>
            <gpxtpx:hr>100</gpxtpx:hr>
          </gpxtpx:TrackPointExtension>
        </extensions>
      </trkpt>
      <trkpt lat="35.6925504274083" lon="139.70099399092712">
        <ele>26.6</ele>
        <time>2025-08-30T09:18:48Z</time>
        <extensions>
          <gpxtpx:TrackPointExtension>
            <gpxtpx:hr>100</gpxtpx:hr>
          </gpxtpx:TrackPointExtension>
        </extensions>
      </trkpt>
      <trkpt lat="35.692552597957715" lon="139.7009879407597">
        <ele>26.6</ele>
        <time>2025-08-30T09:18:49Z</time>
        <extensions>
          <gpxtpx:TrackPointExtension>
            <gpxtpx:hr>100</gpxtpx:hr>
          </gpxtpx:TrackPointExtension>
        </extensions>
      </trkpt>
      <trkpt lat="35.69255462997809" lon="139.7009818931725">
        <ele>26.6</ele>
        <time>2025-08-30T09:18:50Z</time>
        <extensions>
          <gpxtpx:TrackPointExtension>
            <gpxtpx:hr>100</gpxtpx:hr>
          </gpxtpx:TrackPointExtension>
        </extensions>
      </trkpt>
      <trkpt lat="35.69255632614569" lon="139.70097613836853">
        <ele>26.6</ele>
        <time>2025-08-30T09:18:51Z</time>
        <extensions>
          <gpxtpx:TrackPointExtension>
            <gpxtpx:hr>97</gpxtpx:hr>
          </gpxtpx:TrackPointExtension>
        </extensions>
      </trkpt>
      <trkpt lat="35.69255759074334" lon="139.7009691024027">
        <ele>26.6</ele>
        <time>2025-08-30T09:18:52Z</time>
        <extensions>
          <gpxtpx:TrackPointExtension>
            <gpxtpx:hr>97</gpxtpx:hr>
          </gpxtpx:TrackPointExtension>
        </extensions>
      </trkpt>
      <trkpt lat="35.69255792272086" lon="139.7009644510924">
        <ele>26.6</ele>
        <time>2025-08-30T09:18:53Z</time>
        <extensions>
          <gpxtpx:TrackPointExtension>
            <gpxtpx:hr>97</gpxtpx:hr>
          </gpxtpx:TrackPointExtension>
        </extensions>
      </trkpt>
      <trkpt lat="35.69255783840791" lon="139.70096059489308">
        <ele>26.6</ele>
        <time>2025-08-30T09:18:54Z</time>
        <extensions>
          <gpxtpx:TrackPointExtension>
            <gpxtpx:hr>97</gpxtpx:hr>
          </gpxtpx:TrackPointExtension>
        </extensions>
      </trkpt>
      <trkpt lat="35.692558093735855" lon="139.70095703513806">
        <ele>26.6</ele>
        <time>2025-08-30T09:18:55Z</time>
        <extensions>
          <gpxtpx:TrackPointExtension>
            <gpxtpx:hr>97</gpxtpx:hr>
          </gpxtpx:TrackPointExtension>
        </extensions>
      </trkpt>
      <trkpt lat="35.692558621688974" lon="139.70095154096214">
        <ele>26.8</ele>
        <time>2025-08-30T09:18:56Z</time>
        <extensions>
          <gpxtpx:TrackPointExtension>
            <gpxtpx:hr>93</gpxtpx:hr>
          </gpxtpx:TrackPointExtension>
        </extensions>
      </trkpt>
      <trkpt lat="35.69255996629805" lon="139.70094725231735">
        <ele>26.8</ele>
        <time>2025-08-30T09:18:57Z</time>
        <extensions>
          <gpxtpx:TrackPointExtension>
            <gpxtpx:hr>93</gpxtpx:hr>
          </gpxtpx:TrackPointExtension>
        </extensions>
      </trkpt>
      <trkpt lat="35.69256177580914" lon="139.70094230712">
        <ele>26.8</ele>
        <time>2025-08-30T09:18:58Z</time>
        <extensions>
          <gpxtpx:TrackPointExtension>
            <gpxtpx:hr>93</gpxtpx:hr>
          </gpxtpx:TrackPointExtension>
        </extensions>
      </trkpt>
      <trkpt lat="35.69256462224866" lon="139.70093713911317">
        <ele>26.8</ele>
        <time>2025-08-30T09:18:59Z</time>
        <extensions>
          <gpxtpx:TrackPointExtension>
            <gpxtpx:hr>93</gpxtpx:hr>
          </gpxtpx:TrackPointExtension>
        </extensions>
      </trkpt>
      <trkpt lat="35.69256810118319" lon="139.7009299574676">
        <ele>26.8</ele>
        <time>2025-08-30T09:19:00Z</time>
        <extensions>
          <gpxtpx:TrackPointExtension>
            <gpxtpx:hr>93</gpxtpx:hr>
          </gpxtpx:TrackPointExtension>
        </extensions>
      </trkpt>
      <trkpt lat="35.692572264093286" lon="139.70092295743333">
        <ele>27.0</ele>
        <time>2025-08-30T09:19:01Z</time>
        <extensions>
          <gpxtpx:TrackPointExtension>
            <gpxtpx:hr>93</gpxtpx:hr>
          </gpxtpx:TrackPointExtension>
        </extensions>
      </trkpt>
      <trkpt lat="35.6925782510267" lon="139.70091714279764">
        <ele>27.0</ele>
        <time>2025-08-30T09:19:02Z</time>
        <extensions>
          <gpxtpx:TrackPointExtension>
            <gpxtpx:hr>93</gpxtpx:hr>
          </gpxtpx:TrackPointExtension>
        </extensions>
      </trkpt>
      <trkpt lat="35.692584746948015" lon="139.70091317154532">
        <ele>27.0</ele>
        <time>2025-08-30T09:19:03Z</time>
        <extensions>
          <gpxtpx:TrackPointExtension>
            <gpxtpx:hr>93</gpxtpx:hr>
          </gpxtpx:TrackPointExtension>
        </extensions>
      </trkpt>
      <trkpt lat="35.69259250207898" lon="139.70091218092685">
        <ele>27.0</ele>
        <time>2025-08-30T09:19:04Z</time>
        <extensions>
          <gpxtpx:TrackPointExtension>
            <gpxtpx:hr>93</gpxtpx:hr>
          </gpxtpx:TrackPointExtension>
        </extensions>
      </trkpt>
      <trkpt lat="35.692600852224246" lon="139.70091316894766">
        <ele>27.0</ele>
        <time>2025-08-30T09:19:05Z</time>
        <extensions>
          <gpxtpx:TrackPointExtension>
            <gpxtpx:hr>93</gpxtpx:hr>
          </gpxtpx:TrackPointExtension>
        </extensions>
      </trkpt>
      <trkpt lat="35.692611273126325" lon="139.70091568521067">
        <ele>27.0</ele>
        <time>2025-08-30T09:19:06Z</time>
        <extensions>
          <gpxtpx:TrackPointExtension>
            <gpxtpx:hr>95</gpxtpx:hr>
          </gpxtpx:TrackPointExtension>
        </extensions>
      </trkpt>
      <trkpt lat="35.69262353527091" lon="139.70091810779326">
        <ele>27.0</ele>
        <time>2025-08-30T09:19:07Z</time>
        <extensions>
          <gpxtpx:TrackPointExtension>
            <gpxtpx:hr>95</gpxtpx:hr>
          </gpxtpx:TrackPointExtension>
        </extensions>
      </trkpt>
      <trkpt lat="35.692636962981325" lon="139.70092068086598">
        <ele>27.0</ele>
        <time>2025-08-30T09:19:08Z</time>
        <extensions>
          <gpxtpx:TrackPointExtension>
            <gpxtpx:hr>95</gpxtpx:hr>
          </gpxtpx:TrackPointExtension>
        </extensions>
      </trkpt>
      <trkpt lat="35.692651026232106" lon="139.7009233382838">
        <ele>27.0</ele>
        <time>2025-08-30T09:19:09Z</time>
        <extensions>
          <gpxtpx:TrackPointExtension>
            <gpxtpx:hr>95</gpxtpx:hr>
          </gpxtpx:TrackPointExtension>
        </extensions>
      </trkpt>
      <trkpt lat="35.69266529880111" lon="139.70092718759483">
        <ele>27.0</ele>
        <time>2025-08-30T09:19:10Z</time>
        <extensions>
          <gpxtpx:TrackPointExtension>
            <gpxtpx:hr>95</gpxtpx:hr>
          </gpxtpx:TrackPointExtension>
        </extensions>
      </trkpt>
      <trkpt lat="35.69267926128002" lon="139.7009321650901">
        <ele>27.0</ele>
        <time>2025-08-30T09:19:11Z</time>
        <extensions>
          <gpxtpx:TrackPointExtension>
            <gpxtpx:hr>95</gpxtpx:hr>
          </gpxtpx:TrackPointExtension>
        </extensions>
      </trkpt>
      <trkpt lat="35.692692894155236" lon="139.70093857676684">
        <ele>27.0</ele>
        <time>2025-08-30T09:19:12Z</time>
        <extensions>
          <gpxtpx:TrackPointExtension>
            <gpxtpx:hr>95</gpxtpx:hr>
          </gpxtpx:TrackPointExtension>
        </extensions>
      </trkpt>
      <trkpt lat="35.692705638783394" lon="139.7009457973974">
        <ele>27.0</ele>
        <time>2025-08-30T09:19:13Z</time>
        <extensions>
          <gpxtpx:TrackPointExtension>
            <gpxtpx:hr>95</gpxtpx:hr>
          </gpxtpx:TrackPointExtension>
        </extensions>
      </trkpt>
      <trkpt lat="35.69271729014909" lon="139.70095337685473">
        <ele>27.0</ele>
        <time>2025-08-30T09:19:14Z</time>
        <extensions>
          <gpxtpx:TrackPointExtension>
            <gpxtpx:hr>95</gpxtpx:hr>
          </gpxtpx:TrackPointExtension>
        </extensions>
      </trkpt>
      <trkpt lat="35.69272807511264" lon="139.7009603755122">
        <ele>27.0</ele>
        <time>2025-08-30T09:19:15Z</time>
        <extensions>
          <gpxtpx:TrackPointExtension>
            <gpxtpx:hr>95</gpxtpx:hr>
          </gpxtpx:TrackPointExtension>
        </extensions>
      </trkpt>
      <trkpt lat="35.692738477071025" lon="139.7009667937084">
        <ele>27.0</ele>
        <time>2025-08-30T09:19:16Z</time>
        <extensions>
          <gpxtpx:TrackPointExtension>
            <gpxtpx:hr>93</gpxtpx:hr>
          </gpxtpx:TrackPointExtension>
        </extensions>
      </trkpt>
      <trkpt lat="35.69274927555642" lon="139.70097308017895">
        <ele>27.0</ele>
        <time>2025-08-30T09:19:17Z</time>
        <extensions>
          <gpxtpx:TrackPointExtension>
            <gpxtpx:hr>93</gpxtpx:hr>
          </gpxtpx:TrackPointExtension>
        </extensions>
      </trkpt>
      <trkpt lat="35.692760100246396" lon="139.7009797501568">
        <ele>27.0</ele>
        <time>2025-08-30T09:19:18Z</time>
        <extensions>
          <gpxtpx:TrackPointExtension>
            <gpxtpx:hr>93</gpxtpx:hr>
          </gpxtpx:TrackPointExtension>
        </extensions>
      </trkpt>
      <trkpt lat="35.69277271654811" lon="139.70098801153932">
        <ele>27.0</ele>
        <time>2025-08-30T09:19:19Z</time>
        <extensions>
          <gpxtpx:TrackPointExtension>
            <gpxtpx:hr>93</gpxtpx:hr>
          </gpxtpx:TrackPointExtension>
        </extensions>
      </trkpt>
      <trkpt lat="35.69278572810922" lon="139.70099583474843">
        <ele>27.0</ele>
        <time>2025-08-30T09:19:20Z</time>
        <extensions>
          <gpxtpx:TrackPointExtension>
            <gpxtpx:hr>93</gpxtpx:hr>
          </gpxtpx:TrackPointExtension>
        </extensions>
      </trkpt>
      <trkpt lat="35.69279814967727" lon="139.70100243365988">
        <ele>27.0</ele>
        <time>2025-08-30T09:19:21Z</time>
        <extensions>
          <gpxtpx:TrackPointExtension>
            <gpxtpx:hr>94</gpxtpx:hr>
          </gpxtpx:TrackPointExtension>
        </extensions>
      </trkpt>
      <trkpt lat="35.6928103008673" lon="139.70100673494449">
        <ele>27.0</ele>
        <time>2025-08-30T09:19:22Z</time>
        <extensions>
          <gpxtpx:TrackPointExtension>
            <gpxtpx:hr>94</gpxtpx:hr>
          </gpxtpx:TrackPointExtension>
        </extensions>
      </trkpt>
      <trkpt lat="35.692822933178405" lon="139.70101053150944">
        <ele>27.0</ele>
        <time>2025-08-30T09:19:23Z</time>
        <extensions>
          <gpxtpx:TrackPointExtension>
            <gpxtpx:hr>94</gpxtpx:hr>
          </gpxtpx:TrackPointExtension>
        </extensions>
      </trkpt>
      <trkpt lat="35.69283673840269" lon="139.70101453275342">
        <ele>27.0</ele>
        <time>2025-08-30T09:19:24Z</time>
        <extensions>
          <gpxtpx:TrackPointExtension>
            <gpxtpx:hr>94</gpxtpx:hr>
          </gpxtpx:TrackPointExtension>
        </extensions>
      </trkpt>
      <trkpt lat="35.69284944817694" lon="139.70101905231107">
        <ele>27.0</ele>
        <time>2025-08-30T09:19:25Z</time>
        <extensions>
          <gpxtpx:TrackPointExtension>
            <gpxtpx:hr>94</gpxtpx:hr>
          </gpxtpx:TrackPointExtension>
        </extensions>
      </trkpt>
      <trkpt lat="35.69285944602466" lon="139.70102343510584">
        <ele>26.8</ele>
        <time>2025-08-30T09:19:26Z</time>
        <extensions>
          <gpxtpx:TrackPointExtension>
            <gpxtpx:hr>93</gpxtpx:hr>
          </gpxtpx:TrackPointExtension>
        </extensions>
      </trkpt>
      <trkpt lat="35.69286887576893" lon="139.7010291491327">
        <ele>26.8</ele>
        <time>2025-08-30T09:19:27Z</time>
        <extensions>
          <gpxtpx:TrackPointExtension>
            <gpxtpx:hr>93</gpxtpx:hr>
          </gpxtpx:TrackPointExtension>
        </extensions>
      </trkpt>
      <trkpt lat="35.692877710488645" lon="139.70103632053966">
        <ele>26.8</ele>
        <time>2025-08-30T09:19:28Z</time>
        <extensions>
          <gpxtpx:TrackPointExtension>
            <gpxtpx:hr>93</gpxtpx:hr>
          </gpxtpx:TrackPointExtension>
        </extensions>
      </trkpt>
      <trkpt lat="35.69288792429995" lon="139.70104592647704">
        <ele>26.8</ele>
        <time>2025-08-30T09:19:29Z</time>
        <extensions>
          <gpxtpx:TrackPointExtension>
            <gpxtpx:hr>93</gpxtpx:hr>
          </gpxtpx:TrackPointExtension>
        </extensions>
      </trkpt>
      <trkpt lat="35.69289810235246" lon="139.70105680864174">
        <ele>26.8</ele>
        <time>2025-08-30T09:19:30Z</time>
        <extensions>
          <gpxtpx:TrackPointExtension>
            <gpxtpx:hr>93</gpxtpx:hr>
          </gpxtpx:TrackPointExtension>
        </extensions>
      </trkpt>
      <trkpt lat="35.692908662769625" lon="139.70106800447877">
        <ele>26.6</ele>
        <time>2025-08-30T09:19:31Z</time>
        <extensions>
          <gpxtpx:TrackPointExtension>
            <gpxtpx:hr>93</gpxtpx:hr>
          </gpxtpx:TrackPointExtension>
        </extensions>
      </trkpt>
      <trkpt lat="35.6929198600479" lon="139.70107882463805">
        <ele>26.6</ele>
        <time>2025-08-30T09:19:32Z</time>
        <extensions>
          <gpxtpx:TrackPointExtension>
            <gpxtpx:hr>93</gpxtpx:hr>
          </gpxtpx:TrackPointExtension>
        </extensions>
      </trkpt>
      <trkpt lat="35.69293254524002" lon="139.7010901720009">
        <ele>26.6</ele>
        <time>2025-08-30T09:19:33Z</time>
        <extensions>
          <gpxtpx:TrackPointExtension>
            <gpxtpx:hr>93</gpxtpx:hr>
          </gpxtpx:TrackPointExtension>
        </extensions>
      </trkpt>
      <trkpt lat="35.6929450074887" lon="139.70110130551228">
        <ele>26.6</ele>
        <time>2025-08-30T09:19:34Z</time>
        <extensions>
          <gpxtpx:TrackPointExtension>
            <gpxtpx:hr>93</gpxtpx:hr>
          </gpxtpx:TrackPointExtension>
        </extensions>
      </trkpt>
      <trkpt lat="35.69295723790369" lon="139.70111166432292">
        <ele>26.6</ele>
        <time>2025-08-30T09:19:35Z</time>
        <extensions>
          <gpxtpx:TrackPointExtension>
            <gpxtpx:hr>93</gpxtpx:hr>
          </gpxtpx:TrackPointExtension>
        </extensions>
      </trkpt>
      <trkpt lat="35.69296914959448" lon="139.70111973556658">
        <ele>26.3</ele>
        <time>2025-08-30T09:19:36Z</time>
        <extensions>
          <gpxtpx:TrackPointExtension>
            <gpxtpx:hr>94</gpxtpx:hr>
          </gpxtpx:TrackPointExtension>
        </extensions>
      </trkpt>
      <trkpt lat="35.69298207706881" lon="139.70112719938376">
        <ele>26.3</ele>
        <time>2025-08-30T09:19:37Z</time>
        <extensions>
          <gpxtpx:TrackPointExtension>
            <gpxtpx:hr>94</gpxtpx:hr>
          </gpxtpx:TrackPointExtension>
        </extensions>
      </trkpt>
      <trkpt lat="35.69299619591875" lon="139.70113442346346">
        <ele>26.3</ele>
        <time>2025-08-30T09:19:38Z</time>
        <extensions>
          <gpxtpx:TrackPointExtension>
            <gpxtpx:hr>94</gpxtpx:hr>
          </gpxtpx:TrackPointExtension>
        </extensions>
      </trkpt>
      <trkpt lat="35.69301050137458" lon="139.70114072201235">
        <ele>26.3</ele>
        <time>2025-08-30T09:19:39Z</time>
        <extensions>
          <gpxtpx:TrackPointExtension>
            <gpxtpx:hr>94</gpxtpx:hr>
          </gpxtpx:TrackPointExtension>
        </extensions>
      </trkpt>
      <trkpt lat="35.69302502623174" lon="139.70114477766006">
        <ele>26.3</ele>
        <time>2025-08-30T09:19:40Z</time>
        <extensions>
          <gpxtpx:TrackPointExtension>
            <gpxtpx:hr>94</gpxtpx:hr>
          </gpxtpx:TrackPointExtension>
        </extensions>
      </trkpt>
      <trkpt lat="35.693039725606134" lon="139.70114245426427">
        <ele>25.9</ele>
        <time>2025-08-30T09:19:41Z</time>
        <extensions>
          <gpxtpx:TrackPointExtension>
            <gpxtpx:hr>95</gpxtpx:hr>
          </gpxtpx:TrackPointExtension>
        </extensions>
      </trkpt>
      <trkpt lat="35.69305556574612" lon="139.70113191889027">
        <ele>25.9</ele>
        <time>2025-08-30T09:19:42Z</time>
        <extensions>
          <gpxtpx:TrackPointExtension>
            <gpxtpx:hr>95</gpxtpx:hr>
          </gpxtpx:TrackPointExtension>
        </extensions>
      </trkpt>
      <trkpt lat="35.693072454319065" lon="139.70111318501634">
        <ele>25.9</ele>
        <time>2025-08-30T09:19:43Z</time>
        <extensions>
          <gpxtpx:TrackPointExtension>
            <gpxtpx:hr>95</gpxtpx:hr>
          </gpxtpx:TrackPointExtension>
        </extensions>
      </trkpt>
      <trkpt lat="35.693089674509956" lon="139.70109032841646">
        <ele>25.9</ele>
        <time>2025-08-30T09:19:44Z</time>
        <extensions>
          <gpxtpx:TrackPointExtension>
            <gpxtpx:hr>95</gpxtpx:hr>
          </gpxtpx:TrackPointExtension>
        </extensions>
      </trkpt>
      <trkpt lat="35.69310385349614" lon="139.7010681169108">
        <ele>25.9</ele>
        <time>2025-08-30T09:19:45Z</time>
        <extensions>
          <gpxtpx:TrackPointExtension>
            <gpxtpx:hr>95</gpxtpx:hr>
          </gpxtpx:TrackPointExtension>
        </extensions>
      </trkpt>
      <trkpt lat="35.693113620936465" lon="139.70104807750786">
        <ele>25.7</ele>
        <time>2025-08-30T09:19:46Z</time>
        <extensions>
          <gpxtpx:TrackPointExtension>
            <gpxtpx:hr>91</gpxtpx:hr>
          </gpxtpx:TrackPointExtension>
        </extensions>
      </trkpt>
      <trkpt lat="35.69311824619862" lon="139.70103098675244">
        <ele>25.7</ele>
        <time>2025-08-30T09:19:47Z</time>
        <extensions>
          <gpxtpx:TrackPointExtension>
            <gpxtpx:hr>91</gpxtpx:hr>
          </gpxtpx:TrackPointExtension>
        </extensions>
      </trkpt>
      <trkpt lat="35.69312026702322" lon="139.701016241313">
        <ele>25.7</ele>
        <time>2025-08-30T09:19:48Z</time>
        <extensions>
          <gpxtpx:TrackPointExtension>
            <gpxtpx:hr>91</gpxtpx:hr>
          </gpxtpx:TrackPointExtension>
        </extensions>
      </trkpt>
      <trkpt lat="35.69312096699073" lon="139.70100457674894">
        <ele>25.7</ele>
        <time>2025-08-30T09:19:49Z</time>
        <extensions>
          <gpxtpx:TrackPointExtension>
            <gpxtpx:hr>91</gpxtpx:hr>
          </gpxtpx:TrackPointExtension>
        </extensions>
      </trkpt>
      <trkpt lat="35.69312084522965" lon="139.70099652839684">
        <ele>25.7</ele>
        <time>2025-08-30T09:19:50Z</time>
        <extensions>
          <gpxtpx:TrackPointExtension>
            <gpxtpx:hr>91</gpxtpx:hr>
          </gpxtpx:TrackPointExtension>
        </extensions>
      </trkpt>
      <trkpt lat="35.69311937262803" lon="139.70099086916917">
        <ele>25.5</ele>
        <time>2025-08-30T09:19:51Z</time>
        <extensions>
          <gpxtpx:TrackPointExtension>
            <gpxtpx:hr>91</gpxtpx:hr>
          </gpxtpx:TrackPointExtension>
        </extensions>
      </trkpt>
      <trkpt lat="35.69311650734173" lon="139.70098616498052">
        <ele>25.5</ele>
        <time>2025-08-30T09:19:52Z</time>
        <extensions>
          <gpxtpx:TrackPointExtension>
            <gpxtpx:hr>91</gpxtpx:hr>
          </gpxtpx:TrackPointExtension>
        </extensions>
      </trkpt>
      <trkpt lat="35.693112560532185" lon="139.70098149521337">
        <ele>25.5</ele>
        <time>2025-08-30T09:19:53Z</time>
        <extensions>
          <gpxtpx:TrackPointExtension>
            <gpxtpx:hr>91</gpxtpx:hr>
          </gpxtpx:TrackPointExtension>
        </extensions>
      </trkpt>
      <trkpt lat="35.6931076771301" lon="139.70097678246756">
        <ele>25.5</ele>
        <time>2025-08-30T09:19:54Z</time>
        <extensions>
          <gpxtpx:TrackPointExtension>
            <gpxtpx:hr>91</gpxtpx:hr>
          </gpxtpx:TrackPointExtension>
        </extensions>
      </trkpt>
      <trkpt lat="35.69310160883175" lon="139.7009721026144">
        <ele>25.5</ele>
        <time>2025-08-30T09:19:55Z</time>
        <extensions>
          <gpxtpx:TrackPointExtension>
            <gpxtpx:hr>91</gpxtpx:hr>
          </gpxtpx:TrackPointExtension>
        </extensions>
      </trkpt>
      <trkpt lat="35.693093936496766" lon="139.70096769998398">
        <ele>25.5</ele>
        <time>2025-08-30T09:19:56Z</time>
        <extensions>
          <gpxtpx:TrackPointExtension>
            <gpxtpx:hr>90</gpxtpx:hr>
          </gpxtpx:TrackPointExtension>
        </extensions>
      </trkpt>
      <trkpt lat="35.69308427407911" lon="139.70096401200712">
        <ele>25.5</ele>
        <time>2025-08-30T09:19:57Z</time>
        <extensions>
          <gpxtpx:TrackPointExtension>
            <gpxtpx:hr>90</gpxtpx:hr>
          </gpxtpx:TrackPointExtension>
        </extensions>
      </trkpt>
      <trkpt lat="35.69307308566393" lon="139.7009617389309">
        <ele>25.5</ele>
        <time>2025-08-30T09:19:58Z</time>
        <extensions>
          <gpxtpx:TrackPointExtension>
            <gpxtpx:hr>90</gpxtpx:hr>
          </gpxtpx:TrackPointExtension>
        </extensions>
      </trkpt>
      <trkpt lat="35.693061345826166" lon="139.700960871767">
        <ele>25.5</ele>
        <time>2025-08-30T09:19:59Z</time>
        <extensions>
          <gpxtpx:TrackPointExtension>
            <gpxtpx:hr>90</gpxtpx:hr>
          </gpxtpx:TrackPointExtension>
        </extensions>
      </trkpt>
      <trkpt lat="35.693049442973205" lon="139.7009606299958">
        <ele>25.5</ele>
        <time>2025-08-30T09:20:00Z</time>
        <extensions>
          <gpxtpx:TrackPointExtension>
            <gpxtpx:hr>90</gpxtpx:hr>
          </gpxtpx:TrackPointExtension>
        </extensions>
      </trkpt>
      <trkpt lat="35.693037786519696" lon="139.70095901025837">
        <ele>25.5</ele>
        <time>2025-08-30T09:20:01Z</time>
        <extensions>
          <gpxtpx:TrackPointExtension>
            <gpxtpx:hr>92</gpxtpx:hr>
          </gpxtpx:TrackPointExtension>
        </extensions>
      </trkpt>
      <trkpt lat="35.69302673907736" lon="139.70095394186572">
        <ele>25.5</ele>
        <time>2025-08-30T09:20:02Z</time>
        <extensions>
          <gpxtpx:TrackPointExtension>
            <gpxtpx:hr>92</gpxtpx:hr>
          </gpxtpx:TrackPointExtension>
        </extensions>
      </trkpt>
      <trkpt lat="35.69301623124535" lon="139.70094387491693">
        <ele>25.5</ele>
        <time>2025-08-30T09:20:03Z</time>
        <extensions>
          <gpxtpx:TrackPointExtension>
            <gpxtpx:hr>92</gpxtpx:hr>
          </gpxtpx:TrackPointExtension>
        </extensions>
      </trkpt>
      <trkpt lat="35.69300532354315" lon="139.70092854799853">
        <ele>25.5</ele>
        <time>2025-08-30T09:20:04Z</time>
        <extensions>
          <gpxtpx:TrackPointExtension>
            <gpxtpx:hr>92</gpxtpx:hr>
          </gpxtpx:TrackPointExtension>
        </extensions>
      </trkpt>
      <trkpt lat="35.69299300519474" lon="139.7009082000968">
        <ele>25.5</ele>
        <time>2025-08-30T09:20:05Z</time>
        <extensions>
          <gpxtpx:TrackPointExtension>
            <gpxtpx:hr>92</gpxtpx:hr>
          </gpxtpx:TrackPointExtension>
        </extensions>
      </trkpt>
      <trkpt lat="35.69297836650474" lon="139.7008844367717">
        <ele>25.5</ele>
        <time>2025-08-30T09:20:06Z</time>
        <extensions>
          <gpxtpx:TrackPointExtension>
            <gpxtpx:hr>91</gpxtpx:hr>
          </gpxtpx:TrackPointExtension>
        </extensions>
      </trkpt>
      <trkpt lat="35.692963121982636" lon="139.70085673173867">
        <ele>25.5</ele>
        <time>2025-08-30T09:20:07Z</time>
        <extensions>
          <gpxtpx:TrackPointExtension>
            <gpxtpx:hr>91</gpxtpx:hr>
          </gpxtpx:TrackPointExtension>
        </extensions>
      </trkpt>
      <trkpt lat="35.69327635934889" lon="139.70054274893056">
        <ele>28.1</ele>
        <time>2025-08-30T09:25:03Z</time>
        <extensions>
          <gpxtpx:TrackPointExtension>
            <gpxtpx:hr>87</gpxtpx:hr>
          </gpxtpx:TrackPointExtension>
        </extensions>
      </trkpt>
      <trkpt lat="35.69328596311162" lon="139.70053382255514">
        <ele>28.1</ele>
        <time>2025-08-30T09:25:04Z</time>
        <extensions>
          <gpxtpx:TrackPointExtension>
            <gpxtpx:hr>87</gpxtpx:hr>
          </gpxtpx:TrackPointExtension>
        </extensions>
      </trkpt>
      <trkpt lat="35.69328836475842" lon="139.70051831419488">
        <ele>28.1</ele>
        <time>2025-08-30T09:25:05Z</time>
        <extensions>
          <gpxtpx:TrackPointExtension>
            <gpxtpx:hr>87</gpxtpx:hr>
          </gpxtpx:TrackPointExtension>
        </extensions>
      </trkpt>
      <trkpt lat="35.69328386370791" lon="139.70051295979934">
        <ele>28.1</ele>
        <time>2025-08-30T09:25:06Z</time>
        <extensions>
          <gpxtpx:TrackPointExtension>
            <gpxtpx:hr>89</gpxtpx:hr>
          </gpxtpx:TrackPointExtension>
        </extensions>
      </trkpt>
      <trkpt lat="35.693281373462305" lon="139.70050546482955">
        <ele>28.1</ele>
        <time>2025-08-30T09:25:07Z</time>
        <extensions>
          <gpxtpx:TrackPointExtension>
            <gpxtpx:hr>89</gpxtpx:hr>
          </gpxtpx:TrackPointExtension>
        </extensions>
      </trkpt>
      <trkpt lat="35.69327743086377" lon="139.7005030260028">
        <ele>28.1</ele>
        <time>2025-08-30T09:25:08Z</time>
        <extensions>
          <gpxtpx:TrackPointExtension>
            <gpxtpx:hr>89</gpxtpx:hr>
          </gpxtpx:TrackPointExtension>
        </extensions>
      </trkpt>
      <trkpt lat="35.69327179486341" lon="139.70050640692818">
        <ele>28.1</ele>
        <time>2025-08-30T09:25:09Z</time>
        <extensions>
          <gpxtpx:TrackPointExtension>
            <gpxtpx:hr>89</gpxtpx:hr>
          </gpxtpx:TrackPointExtension>
        </extensions>
      </trkpt>
      <trkpt lat="35.69326479631224" lon="139.70051278518133">
        <ele>28.1</ele>
        <time>2025-08-30T09:25:10Z</time>
        <extensions>
          <gpxtpx:TrackPointExtension>
            <gpxtpx:hr>89</gpxtpx:hr>
          </gpxtpx:TrackPointExtension>
        </extensions>
      </trkpt>
      <trkpt lat="35.693256585212595" lon="139.70051864407975">
        <ele>28.1</ele>
        <time>2025-08-30T09:25:11Z</time>
        <extensions>
          <gpxtpx:TrackPointExtension>
            <gpxtpx:hr>88</gpxtpx:hr>
          </gpxtpx:TrackPointExtension>
        </extensions>
      </trkpt>
      <trkpt lat="35.693248802087254" lon="139.70052140305475">
        <ele>28.1</ele>
        <time>2025-08-30T09:25:12Z</time>
        <extensions>
          <gpxtpx:TrackPointExtension>
            <gpxtpx:hr>88</gpxtpx:hr>
          </gpxtpx:TrackPointExtension>
        </extensions>
      </trkpt>
      <trkpt lat="35.69324323581839" lon="139.70052270960494">
        <ele>28.1</ele>
        <time>2025-08-30T09:25:13Z</time>
        <extensions>
          <gpxtpx:TrackPointExtension>
            <gpxtpx:hr>88</gpxtpx:hr>
          </gpxtpx:TrackPointExtension>
        </extensions>
      </trkpt>
      <trkpt lat="35.6932391005767" lon="139.70052265388142">
        <ele>28.1</ele>
        <time>2025-08-30T09:25:14Z</time>
        <extensions>
          <gpxtpx:TrackPointExtension>
            <gpxtpx:hr>88</gpxtpx:hr>
          </gpxtpx:TrackPointExtension>
        </extensions>
      </trkpt>
      <trkpt lat="35.693236124106555" lon="139.70052226047562">
        <ele>28.1</ele>
        <time>2025-08-30T09:25:15Z</time>
        <extensions>
          <gpxtpx:TrackPointExtension>
            <gpxtpx:hr>88</gpxtpx:hr>
          </gpxtpx:TrackPointExtension>
        </extensions>
      </trkpt>
      <trkpt lat="35.69323445433332" lon="139.70052150195664">
        <ele>28.1</ele>
        <time>2025-08-30T09:25:16Z</time>
        <extensions>
          <gpxtpx:TrackPointExtension>
            <gpxtpx:hr>86</gpxtpx:hr>
          </gpxtpx:TrackPointExtension>
        </extensions>
      </trkpt>
      <trkpt lat="35.693233712456674" lon="139.7005219740005">
        <ele>28.1</ele>
        <time>2025-08-30T09:25:17Z</time>
        <extensions>
          <gpxtpx:TrackPointExtension>
            <gpxtpx:hr>86</gpxtpx:hr>
          </gpxtpx:TrackPointExtension>
        </extensions>
      </trkpt>
      <trkpt lat="35.6932344486882" lon="139.7005233385117">
        <ele>28.1</ele>
        <time>2025-08-30T09:25:18Z</time>
        <extensions>
          <gpxtpx:TrackPointExtension>
            <gpxtpx:hr>86</gpxtpx:hr>
          </gpxtpx:TrackPointExtension>
        </extensions>
      </trkpt>
      <trkpt lat="35.69323425553159" lon="139.70052498166856">
        <ele>28.1</ele>
        <time>2025-08-30T09:25:19Z</time>
        <extensions>
          <gpxtpx:TrackPointExtension>
            <gpxtpx:hr>86</gpxtpx:hr>
          </gpxtpx:TrackPointExtension>
        </extensions>
      </trkpt>
      <trkpt lat="35.693234539962454" lon="139.7005259483481">
        <ele>28.1</ele>
        <time>2025-08-30T09:25:20Z</time>
        <extensions>
          <gpxtpx:TrackPointExtension>
            <gpxtpx:hr>86</gpxtpx:hr>
          </gpxtpx:TrackPointExtension>
        </extensions>
      </trkpt>
      <trkpt lat="35.69323452075475" lon="139.7005264938268">
        <ele>27.9</ele>
        <time>2025-08-30T09:25:21Z</time>
        <extensions>
          <gpxtpx:TrackPointExtension>
            <gpxtpx:hr>85</gpxtpx:hr>
          </gpxtpx:TrackPointExtension>
        </extensions>
      </trkpt>
      <trkpt lat="35.69323472170887" lon="139.7005265169335">
        <ele>27.9</ele>
        <time>2025-08-30T09:25:22Z</time>
        <extensions>
          <gpxtpx:TrackPointExtension>
            <gpxtpx:hr>85</gpxtpx:hr>
          </gpxtpx:TrackPointExtension>
        </extensions>
      </trkpt>
      <trkpt lat="35.693234729919645" lon="139.70052666763578">
        <ele>27.9</ele>
        <time>2025-08-30T09:25:23Z</time>
        <extensions>
          <gpxtpx:TrackPointExtension>
            <gpxtpx:hr>85</gpxtpx:hr>
          </gpxtpx:TrackPointExtension>
        </extensions>
      </trkpt>
      <trkpt lat="35.69323461621318" lon="139.7005267500948">
        <ele>27.9</ele>
        <time>2025-08-30T09:25:24Z</time>
        <extensions>
          <gpxtpx:TrackPointExtension>
            <gpxtpx:hr>85</gpxtpx:hr>
          </gpxtpx:TrackPointExtension>
        </extensions>
      </trkpt>
      <trkpt lat="35.6932344009415" lon="139.70052682507347">
        <ele>27.9</ele>
        <time>2025-08-30T09:25:25Z</time>
        <extensions>
          <gpxtpx:TrackPointExtension>
            <gpxtpx:hr>85</gpxtpx:hr>
          </gpxtpx:TrackPointExtension>
        </extensions>
      </trkpt>
      <trkpt lat="35.69323404817565" lon="139.70052692693986">
        <ele>27.7</ele>
        <time>2025-08-30T09:25:26Z</time>
        <extensions>
          <gpxtpx:TrackPointExtension>
            <gpxtpx:hr>84</gpxtpx:hr>
          </gpxtpx:TrackPointExtension>
        </extensions>
      </trkpt>
      <trkpt lat="35.69323369605146" lon="139.7005270896897">
        <ele>27.7</ele>
        <time>2025-08-30T09:25:27Z</time>
        <extensions>
          <gpxtpx:TrackPointExtension>
            <gpxtpx:hr>84</gpxtpx:hr>
          </gpxtpx:TrackPointExtension>
        </extensions>
      </trkpt>
      <trkpt lat="35.693233398214076" lon="139.70052734049375">
        <ele>27.7</ele>
        <time>2025-08-30T09:25:28Z</time>
        <extensions>
          <gpxtpx:TrackPointExtension>
            <gpxtpx:hr>84</gpxtpx:hr>
          </gpxtpx:TrackPointExtension>
        </extensions>
      </trkpt>
      <trkpt lat="35.69323323468039" lon="139.70052772696735">
        <ele>27.7</ele>
        <time>2025-08-30T09:25:29Z</time>
        <extensions>
          <gpxtpx:TrackPointExtension>
            <gpxtpx:hr>84</gpxtpx:hr>
          </gpxtpx:TrackPointExtension>
        </extensions>
      </trkpt>
      <trkpt lat="35.693233021967124" lon="139.70052816134222">
        <ele>27.7</ele>
        <time>2025-08-30T09:25:30Z</time>
        <extensions>
          <gpxtpx:TrackPointExtension>
            <gpxtpx:hr>84</gpxtpx:hr>
          </gpxtpx:TrackPointExtension>
        </extensions>
      </trkpt>
      <trkpt lat="35.693232785422815" lon="139.7005285371143">
        <ele>27.7</ele>
        <time>2025-08-30T09:25:31Z</time>
        <extensions>
          <gpxtpx:TrackPointExtension>
            <gpxtpx:hr>83</gpxtpx:hr>
          </gpxtpx:TrackPointExtension>
        </extensions>
      </trkpt>
      <trkpt lat="35.69323195115157" lon="139.700529058817">
        <ele>27.7</ele>
        <time>2025-08-30T09:25:32Z</time>
        <extensions>
          <gpxtpx:TrackPointExtension>
            <gpxtpx:hr>83</gpxtpx:hr>
          </gpxtpx:TrackPointExtension>
        </extensions>
      </trkpt>
      <trkpt lat="35.69323121286246" lon="139.70052937460855">
        <ele>27.7</ele>
        <time>2025-08-30T09:25:33Z</time>
        <extensions>
          <gpxtpx:TrackPointExtension>
            <gpxtpx:hr>83</gpxtpx:hr>
          </gpxtpx:TrackPointExtension>
        </extensions>
      </trkpt>
      <trkpt lat="35.69322999908886" lon="139.70052997845931">
        <ele>27.7</ele>
        <time>2025-08-30T09:25:34Z</time>
        <extensions>
          <gpxtpx:TrackPointExtension>
            <gpxtpx:hr>83</gpxtpx:hr>
          </gpxtpx:TrackPointExtension>
        </extensions>
      </trkpt>
      <trkpt lat="35.69322952667128" lon="139.70053009634233">
        <ele>27.7</ele>
        <time>2025-08-30T09:25:35Z</time>
        <extensions>
          <gpxtpx:TrackPointExtension>
            <gpxtpx:hr>83</gpxtpx:hr>
          </gpxtpx:TrackPointExtension>
        </extensions>
      </trkpt>
      <trkpt lat="35.69322803587888" lon="139.70053054807238">
        <ele>27.5</ele>
        <time>2025-08-30T09:25:36Z</time>
        <extensions>
          <gpxtpx:TrackPointExtension>
            <gpxtpx:hr>82</gpxtpx:hr>
          </gpxtpx:TrackPointExtension>
        </extensions>
      </trkpt>
      <trkpt lat="35.69322712115127" lon="139.70053060125545">
        <ele>27.5</ele>
        <time>2025-08-30T09:25:37Z</time>
        <extensions>
          <gpxtpx:TrackPointExtension>
            <gpxtpx:hr>82</gpxtpx:hr>
          </gpxtpx:TrackPointExtension>
        </extensions>
      </trkpt>
      <trkpt lat="35.69322584831796" lon="139.70053085606676">
        <ele>27.5</ele>
        <time>2025-08-30T09:25:38Z</time>
        <extensions>
          <gpxtpx:TrackPointExtension>
            <gpxtpx:hr>82</gpxtpx:hr>
          </gpxtpx:TrackPointExtension>
        </extensions>
      </trkpt>
      <trkpt lat="35.693225292271634" lon="139.70053098234666">
        <ele>27.5</ele>
        <time>2025-08-30T09:25:39Z</time>
        <extensions>
          <gpxtpx:TrackPointExtension>
            <gpxtpx:hr>82</gpxtpx:hr>
          </gpxtpx:TrackPointExtension>
        </extensions>
      </trkpt>
      <trkpt lat="35.693224430489344" lon="139.70053118369253">
        <ele>27.5</ele>
        <time>2025-08-30T09:25:40Z</time>
        <extensions>
          <gpxtpx:TrackPointExtension>
            <gpxtpx:hr>82</gpxtpx:hr>
          </gpxtpx:TrackPointExtension>
        </extensions>
      </trkpt>
      <trkpt lat="35.69322347994904" lon="139.70053130629321">
        <ele>27.5</ele>
        <time>2025-08-30T09:25:41Z</time>
        <extensions>
          <gpxtpx:TrackPointExtension>
            <gpxtpx:hr>81</gpxtpx:hr>
          </gpxtpx:TrackPointExtension>
        </extensions>
      </trkpt>
      <trkpt lat="35.69322254084362" lon="139.70053123842806">
        <ele>27.5</ele>
        <time>2025-08-30T09:25:42Z</time>
        <extensions>
          <gpxtpx:TrackPointExtension>
            <gpxtpx:hr>81</gpxtpx:hr>
          </gpxtpx:TrackPointExtension>
        </extensions>
      </trkpt>
      <trkpt lat="35.69322168567544" lon="139.70053104336043">
        <ele>27.5</ele>
        <time>2025-08-30T09:25:43Z</time>
        <extensions>
          <gpxtpx:TrackPointExtension>
            <gpxtpx:hr>81</gpxtpx:hr>
          </gpxtpx:TrackPointExtension>
        </extensions>
      </trkpt>
      <trkpt lat="35.693220969649765" lon="139.7005308947656">
        <ele>27.5</ele>
        <time>2025-08-30T09:25:44Z</time>
        <extensions>
          <gpxtpx:TrackPointExtension>
            <gpxtpx:hr>81</gpxtpx:hr>
          </gpxtpx:TrackPointExtension>
        </extensions>
      </trkpt>
      <trkpt lat="35.69322049172023" lon="139.70053093173172">
        <ele>27.5</ele>
        <time>2025-08-30T09:25:45Z</time>
        <extensions>
          <gpxtpx:TrackPointExtension>
            <gpxtpx:hr>81</gpxtpx:hr>
          </gpxtpx:TrackPointExtension>
        </extensions>
      </trkpt>
      <trkpt lat="35.69322017698711" lon="139.70053107781632">
        <ele>27.5</ele>
        <time>2025-08-30T09:25:46Z</time>
        <extensions>
          <gpxtpx:TrackPointExtension>
            <gpxtpx:hr>80</gpxtpx:hr>
          </gpxtpx:TrackPointExtension>
        </extensions>
      </trkpt>
      <trkpt lat="35.69322004879138" lon="139.7005313621173">
        <ele>27.5</ele>
        <time>2025-08-30T09:25:47Z</time>
        <extensions>
          <gpxtpx:TrackPointExtension>
            <gpxtpx:hr>80</gpxtpx:hr>
          </gpxtpx:TrackPointExtension>
        </extensions>
      </trkpt>
      <trkpt lat="35.693219985501486" lon="139.70053161842768">
        <ele>27.5</ele>
        <time>2025-08-30T09:25:48Z</time>
        <extensions>
          <gpxtpx:TrackPointExtension>
            <gpxtpx:hr>80</gpxtpx:hr>
          </gpxtpx:TrackPointExtension>
        </extensions>
      </trkpt>
      <trkpt lat="35.693219936528834" lon="139.70053196923882">
        <ele>27.5</ele>
        <time>2025-08-30T09:25:49Z</time>
        <extensions>
          <gpxtpx:TrackPointExtension>
            <gpxtpx:hr>80</gpxtpx:hr>
          </gpxtpx:TrackPointExtension>
        </extensions>
      </trkpt>
      <trkpt lat="35.69321987426467" lon="139.70053231560792">
        <ele>27.5</ele>
        <time>2025-08-30T09:25:50Z</time>
        <extensions>
          <gpxtpx:TrackPointExtension>
            <gpxtpx:hr>80</gpxtpx:hr>
          </gpxtpx:TrackPointExtension>
        </extensions>
      </trkpt>
      <trkpt lat="35.693219777778744" lon="139.70053278400934">
        <ele>27.7</ele>
        <time>2025-08-30T09:25:51Z</time>
        <extensions>
          <gpxtpx:TrackPointExtension>
            <gpxtpx:hr>81</gpxtpx:hr>
          </gpxtpx:TrackPointExtension>
        </extensions>
      </trkpt>
      <trkpt lat="35.693219617132804" lon="139.70053348383775">
        <ele>27.7</ele>
        <time>2025-08-30T09:25:52Z</time>
        <extensions>
          <gpxtpx:TrackPointExtension>
            <gpxtpx:hr>81</gpxtpx:hr>
          </gpxtpx:TrackPointExtension>
        </extensions>
      </trkpt>
      <trkpt lat="35.693219370947" lon="139.7005343742975">
        <ele>27.7</ele>
        <time>2025-08-30T09:25:53Z</time>
        <extensions>
          <gpxtpx:TrackPointExtension>
            <gpxtpx:hr>81</gpxtpx:hr>
          </gpxtpx:TrackPointExtension>
        </extensions>
      </trkpt>
      <trkpt lat="35.69321898536272" lon="139.70053529123317">
        <ele>27.7</ele>
        <time>2025-08-30T09:25:54Z</time>
        <extensions>
          <gpxtpx:TrackPointExtension>
            <gpxtpx:hr>81</gpxtpx:hr>
          </gpxtpx:TrackPointExtension>
        </extensions>
      </trkpt>
      <trkpt lat="35.69321857874336" lon="139.70053616175653">
        <ele>27.7</ele>
        <time>2025-08-30T09:25:55Z</time>
        <extensions>
          <gpxtpx:TrackPointExtension>
            <gpxtpx:hr>81</gpxtpx:hr>
          </gpxtpx:TrackPointExtension>
        </extensions>
      </trkpt>
      <trkpt lat="35.693218203157144" lon="139.70053690139264">
        <ele>27.7</ele>
        <time>2025-08-30T09:25:56Z</time>
        <extensions>
          <gpxtpx:TrackPointExtension>
            <gpxtpx:hr>79</gpxtpx:hr>
          </gpxtpx:TrackPointExtension>
        </extensions>
      </trkpt>
      <trkpt lat="35.69321788281053" lon="139.7005375860899">
        <ele>27.7</ele>
        <time>2025-08-30T09:25:57Z</time>
        <extensions>
          <gpxtpx:TrackPointExtension>
            <gpxtpx:hr>79</gpxtpx:hr>
          </gpxtpx:TrackPointExtension>
        </extensions>
      </trkpt>
      <trkpt lat="35.69321752970099" lon="139.70053813044086">
        <ele>27.7</ele>
        <time>2025-08-30T09:25:58Z</time>
        <extensions>
          <gpxtpx:TrackPointExtension>
            <gpxtpx:hr>79</gpxtpx:hr>
          </gpxtpx:TrackPointExtension>
        </extensions>
      </trkpt>
      <trkpt lat="35.693216894287794" lon="139.7005382019614">
        <ele>27.7</ele>
        <time>2025-08-30T09:25:59Z</time>
        <extensions>
          <gpxtpx:TrackPointExtension>
            <gpxtpx:hr>79</gpxtpx:hr>
          </gpxtpx:TrackPointExtension>
        </extensions>
      </trkpt>
      <trkpt lat="35.69321639981438" lon="139.70053822668442">
        <ele>27.7</ele>
        <time>2025-08-30T09:26:00Z</time>
        <extensions>
          <gpxtpx:TrackPointExtension>
            <gpxtpx:hr>79</gpxtpx:hr>
          </gpxtpx:TrackPointExtension>
        </extensions>
      </trkpt>
      <trkpt lat="35.693215955079" lon="139.70053818345474">
        <ele>27.7</ele>
        <time>2025-08-30T09:26:01Z</time>
        <extensions>
          <gpxtpx:TrackPointExtension>
            <gpxtpx:hr>77</gpxtpx:hr>
          </gpxtpx:TrackPointExtension>
        </extensions>
      </trkpt>
      <trkpt lat="35.69321571948952" lon="139.70053847268383">
        <ele>27.7</ele>
        <time>2025-08-30T09:26:02Z</time>
        <extensions>
          <gpxtpx:TrackPointExtension>
            <gpxtpx:hr>77</gpxtpx:hr>
          </gpxtpx:TrackPointExtension>
        </extensions>
      </trkpt>
      <trkpt lat="35.69321519939771" lon="139.70053870959833">
        <ele>27.7</ele>
        <time>2025-08-30T09:26:03Z</time>
        <extensions>
          <gpxtpx:TrackPointExtension>
            <gpxtpx:hr>77</gpxtpx:hr>
          </gpxtpx:TrackPointExtension>
        </extensions>
      </trkpt>
      <trkpt lat="35.69321453844734" lon="139.70053898841385">
        <ele>27.7</ele>
        <time>2025-08-30T09:26:04Z</time>
        <extensions>
          <gpxtpx:TrackPointExtension>
            <gpxtpx:hr>77</gpxtpx:hr>
          </gpxtpx:TrackPointExtension>
        </extensions>
      </trkpt>
      <trkpt lat="35.69321373730591" lon="139.70053939308136">
        <ele>27.7</ele>
        <time>2025-08-30T09:26:05Z</time>
        <extensions>
          <gpxtpx:TrackPointExtension>
            <gpxtpx:hr>77</gpxtpx:hr>
          </gpxtpx:TrackPointExtension>
        </extensions>
      </trkpt>
      <trkpt lat="35.69321298018133" lon="139.70053981103143">
        <ele>27.7</ele>
        <time>2025-08-30T09:26:06Z</time>
        <extensions>
          <gpxtpx:TrackPointExtension>
            <gpxtpx:hr>77</gpxtpx:hr>
          </gpxtpx:TrackPointExtension>
        </extensions>
      </trkpt>
      <trkpt lat="35.69321216103562" lon="139.70054020322556">
        <ele>27.7</ele>
        <time>2025-08-30T09:26:07Z</time>
        <extensions>
          <gpxtpx:TrackPointExtension>
            <gpxtpx:hr>77</gpxtpx:hr>
          </gpxtpx:TrackPointExtension>
        </extensions>
      </trkpt>
      <trkpt lat="35.6932114041746" lon="139.700540504505">
        <ele>27.7</ele>
        <time>2025-08-30T09:26:08Z</time>
        <extensions>
          <gpxtpx:TrackPointExtension>
            <gpxtpx:hr>77</gpxtpx:hr>
          </gpxtpx:TrackPointExtension>
        </extensions>
      </trkpt>
      <trkpt lat="35.693210603232366" lon="139.7005408578613">
        <ele>27.7</ele>
        <time>2025-08-30T09:26:09Z</time>
        <extensions>
          <gpxtpx:TrackPointExtension>
            <gpxtpx:hr>77</gpxtpx:hr>
          </gpxtpx:TrackPointExtension>
        </extensions>
      </trkpt>
      <trkpt lat="35.69320969177251" lon="139.70054115962492">
        <ele>27.7</ele>
        <time>2025-08-30T09:26:10Z</time>
        <extensions>
          <gpxtpx:TrackPointExtension>
            <gpxtpx:hr>77</gpxtpx:hr>
          </gpxtpx:TrackPointExtension>
        </extensions>
      </trkpt>
      <trkpt lat="35.69320860457871" lon="139.70054137648773">
        <ele>27.7</ele>
        <time>2025-08-30T09:26:11Z</time>
        <extensions>
          <gpxtpx:TrackPointExtension>
            <gpxtpx:hr>77</gpxtpx:hr>
          </gpxtpx:TrackPointExtension>
        </extensions>
      </trkpt>
      <trkpt lat="35.693207410283" lon="139.70054144497115">
        <ele>27.7</ele>
        <time>2025-08-30T09:26:12Z</time>
        <extensions>
          <gpxtpx:TrackPointExtension>
            <gpxtpx:hr>77</gpxtpx:hr>
          </gpxtpx:TrackPointExtension>
        </extensions>
      </trkpt>
      <trkpt lat="35.69320632854705" lon="139.70054170783155">
        <ele>27.7</ele>
        <time>2025-08-30T09:26:13Z</time>
        <extensions>
          <gpxtpx:TrackPointExtension>
            <gpxtpx:hr>77</gpxtpx:hr>
          </gpxtpx:TrackPointExtension>
        </extensions>
      </trkpt>
      <trkpt lat="35.693205310868606" lon="139.7005424224453">
        <ele>27.7</ele>
        <time>2025-08-30T09:26:14Z</time>
        <extensions>
          <gpxtpx:TrackPointExtension>
            <gpxtpx:hr>77</gpxtpx:hr>
          </gpxtpx:TrackPointExtension>
        </extensions>
      </trkpt>
      <trkpt lat="35.693204380630576" lon="139.70054401164938">
        <ele>27.7</ele>
        <time>2025-08-30T09:26:15Z</time>
        <extensions>
          <gpxtpx:TrackPointExtension>
            <gpxtpx:hr>77</gpxtpx:hr>
          </gpxtpx:TrackPointExtension>
        </extensions>
      </trkpt>
      <trkpt lat="35.69320339931153" lon="139.7005466588381">
        <ele>27.7</ele>
        <time>2025-08-30T09:26:16Z</time>
        <extensions>
          <gpxtpx:TrackPointExtension>
            <gpxtpx:hr>80</gpxtpx:hr>
          </gpxtpx:TrackPointExtension>
        </extensions>
      </trkpt>
      <trkpt lat="35.69320246471102" lon="139.7005496179405">
        <ele>27.7</ele>
        <time>2025-08-30T09:26:17Z</time>
        <extensions>
          <gpxtpx:TrackPointExtension>
            <gpxtpx:hr>80</gpxtpx:hr>
          </gpxtpx:TrackPointExtension>
        </extensions>
      </trkpt>
      <trkpt lat="35.6932018497644" lon="139.7005522112298">
        <ele>27.7</ele>
        <time>2025-08-30T09:26:18Z</time>
        <extensions>
          <gpxtpx:TrackPointExtension>
            <gpxtpx:hr>80</gpxtpx:hr>
          </gpxtpx:TrackPointExtension>
        </extensions>
      </trkpt>
      <trkpt lat="35.69320179656827" lon="139.70055370132056">
        <ele>27.7</ele>
        <time>2025-08-30T09:26:19Z</time>
        <extensions>
          <gpxtpx:TrackPointExtension>
            <gpxtpx:hr>80</gpxtpx:hr>
          </gpxtpx:TrackPointExtension>
        </extensions>
      </trkpt>
      <trkpt lat="35.69320243999914" lon="139.70055406439837">
        <ele>27.7</ele>
        <time>2025-08-30T09:26:20Z</time>
        <extensions>
          <gpxtpx:TrackPointExtension>
            <gpxtpx:hr>80</gpxtpx:hr>
          </gpxtpx:TrackPointExtension>
        </extensions>
      </trkpt>
      <trkpt lat="35.69320352829067" lon="139.70055352289836">
        <ele>27.7</ele>
        <time>2025-08-30T09:26:21Z</time>
        <extensions>
          <gpxtpx:TrackPointExtension>
            <gpxtpx:hr>81</gpxtpx:hr>
          </gpxtpx:TrackPointExtension>
        </extensions>
      </trkpt>
      <trkpt lat="35.69320465235893" lon="139.70055244649387">
        <ele>27.7</ele>
        <time>2025-08-30T09:26:22Z</time>
        <extensions>
          <gpxtpx:TrackPointExtension>
            <gpxtpx:hr>81</gpxtpx:hr>
          </gpxtpx:TrackPointExtension>
        </extensions>
      </trkpt>
      <trkpt lat="35.693205619097974" lon="139.70055147271898">
        <ele>27.7</ele>
        <time>2025-08-30T09:26:23Z</time>
        <extensions>
          <gpxtpx:TrackPointExtension>
            <gpxtpx:hr>81</gpxtpx:hr>
          </gpxtpx:TrackPointExtension>
        </extensions>
      </trkpt>
      <trkpt lat="35.693206219365884" lon="139.70055079876144">
        <ele>27.7</ele>
        <time>2025-08-30T09:26:24Z</time>
        <extensions>
          <gpxtpx:TrackPointExtension>
            <gpxtpx:hr>81</gpxtpx:hr>
          </gpxtpx:TrackPointExtension>
        </extensions>
      </trkpt>
      <trkpt lat="35.69320663680491" lon="139.7005504794691">
        <ele>27.7</ele>
        <time>2025-08-30T09:26:25Z</time>
        <extensions>
          <gpxtpx:TrackPointExtension>
            <gpxtpx:hr>81</gpxtpx:hr>
          </gpxtpx:TrackPointExtension>
        </extensions>
      </trkpt>
      <trkpt lat="35.69320682929132" lon="139.70055032197473">
        <ele>27.7</ele>
        <time>2025-08-30T09:26:26Z</time>
        <extensions>
          <gpxtpx:TrackPointExtension>
            <gpxtpx:hr>78</gpxtpx:hr>
          </gpxtpx:TrackPointExtension>
        </extensions>
      </trkpt>
      <trkpt lat="35.693207036566996" lon="139.70055035756255">
        <ele>27.7</ele>
        <time>2025-08-30T09:26:27Z</time>
        <extensions>
          <gpxtpx:TrackPointExtension>
            <gpxtpx:hr>78</gpxtpx:hr>
          </gpxtpx:TrackPointExtension>
        </extensions>
      </trkpt>
      <trkpt lat="35.693206791794495" lon="139.70054939511374">
        <ele>27.7</ele>
        <time>2025-08-30T09:26:28Z</time>
        <extensions>
          <gpxtpx:TrackPointExtension>
            <gpxtpx:hr>78</gpxtpx:hr>
          </gpxtpx:TrackPointExtension>
        </extensions>
      </trkpt>
      <trkpt lat="35.693206760805644" lon="139.7005486429375">
        <ele>27.7</ele>
        <time>2025-08-30T09:26:29Z</time>
        <extensions>
          <gpxtpx:TrackPointExtension>
            <gpxtpx:hr>78</gpxtpx:hr>
          </gpxtpx:TrackPointExtension>
        </extensions>
      </trkpt>
      <trkpt lat="35.69320679381079" lon="139.70054757847615">
        <ele>27.7</ele>
        <time>2025-08-30T09:26:30Z</time>
        <extensions>
          <gpxtpx:TrackPointExtension>
            <gpxtpx:hr>78</gpxtpx:hr>
          </gpxtpx:TrackPointExtension>
        </extensions>
      </trkpt>
      <trkpt lat="35.6932074333572" lon="139.70054722752764">
        <ele>27.7</ele>
        <time>2025-08-30T09:26:31Z</time>
        <extensions>
          <gpxtpx:TrackPointExtension>
            <gpxtpx:hr>79</gpxtpx:hr>
          </gpxtpx:TrackPointExtension>
        </extensions>
      </trkpt>
      <trkpt lat="35.693208215240034" lon="139.70054629703455">
        <ele>27.7</ele>
        <time>2025-08-30T09:26:32Z</time>
        <extensions>
          <gpxtpx:TrackPointExtension>
            <gpxtpx:hr>79</gpxtpx:hr>
          </gpxtpx:TrackPointExtension>
        </extensions>
      </trkpt>
      <trkpt lat="35.6932094104055" lon="139.70054504590266">
        <ele>27.7</ele>
        <time>2025-08-30T09:26:33Z</time>
        <extensions>
          <gpxtpx:TrackPointExtension>
            <gpxtpx:hr>79</gpxtpx:hr>
          </gpxtpx:TrackPointExtension>
        </extensions>
      </trkpt>
      <trkpt lat="35.693211368417884" lon="139.70054318681488">
        <ele>27.7</ele>
        <time>2025-08-30T09:26:34Z</time>
        <extensions>
          <gpxtpx:TrackPointExtension>
            <gpxtpx:hr>79</gpxtpx:hr>
          </gpxtpx:TrackPointExtension>
        </extensions>
      </trkpt>
      <trkpt lat="35.69321433838395" lon="139.7005405145491">
        <ele>27.7</ele>
        <time>2025-08-30T09:26:35Z</time>
        <extensions>
          <gpxtpx:TrackPointExtension>
            <gpxtpx:hr>79</gpxtpx:hr>
          </gpxtpx:TrackPointExtension>
        </extensions>
      </trkpt>
      <trkpt lat="35.69321877129505" lon="139.70053586284325">
        <ele>27.7</ele>
        <time>2025-08-30T09:26:36Z</time>
        <extensions>
          <gpxtpx:TrackPointExtension>
            <gpxtpx:hr>82</gpxtpx:hr>
          </gpxtpx:TrackPointExtension>
        </extensions>
      </trkpt>
      <trkpt lat="35.69322473645708" lon="139.70052968417065">
        <ele>27.7</ele>
        <time>2025-08-30T09:26:37Z</time>
        <extensions>
          <gpxtpx:TrackPointExtension>
            <gpxtpx:hr>82</gpxtpx:hr>
          </gpxtpx:TrackPointExtension>
        </extensions>
      </trkpt>
      <trkpt lat="35.69323204305066" lon="139.7005225095607">
        <ele>27.7</ele>
        <time>2025-08-30T09:26:38Z</time>
        <extensions>
          <gpxtpx:TrackPointExtension>
            <gpxtpx:hr>82</gpxtpx:hr>
          </gpxtpx:TrackPointExtension>
        </extensions>
      </trkpt>
      <trkpt lat="35.693239345816046" lon="139.70051596450836">
        <ele>27.7</ele>
        <time>2025-08-30T09:26:39Z</time>
        <extensions>
          <gpxtpx:TrackPointExtension>
            <gpxtpx:hr>82</gpxtpx:hr>
          </gpxtpx:TrackPointExtension>
        </extensions>
      </trkpt>
      <trkpt lat="35.693246353405975" lon="139.70050953178796">
        <ele>27.7</ele>
        <time>2025-08-30T09:26:40Z</time>
        <extensions>
          <gpxtpx:TrackPointExtension>
            <gpxtpx:hr>82</gpxtpx:hr>
          </gpxtpx:TrackPointExtension>
        </extensions>
      </trkpt>
      <trkpt lat="35.69325113605845" lon="139.7005033797526">
        <ele>27.7</ele>
        <time>2025-08-30T09:26:41Z</time>
        <extensions>
          <gpxtpx:TrackPointExtension>
            <gpxtpx:hr>84</gpxtpx:hr>
          </gpxtpx:TrackPointExtension>
        </extensions>
      </trkpt>
      <trkpt lat="35.693255447708765" lon="139.70049626459002">
        <ele>27.7</ele>
        <time>2025-08-30T09:26:42Z</time>
        <extensions>
          <gpxtpx:TrackPointExtension>
            <gpxtpx:hr>84</gpxtpx:hr>
          </gpxtpx:TrackPointExtension>
        </extensions>
      </trkpt>
      <trkpt lat="35.693258637209894" lon="139.70048805902636">
        <ele>27.7</ele>
        <time>2025-08-30T09:26:43Z</time>
        <extensions>
          <gpxtpx:TrackPointExtension>
            <gpxtpx:hr>84</gpxtpx:hr>
          </gpxtpx:TrackPointExtension>
        </extensions>
      </trkpt>
      <trkpt lat="35.693261473645784" lon="139.70047987610835">
        <ele>27.7</ele>
        <time>2025-08-30T09:26:44Z</time>
        <extensions>
          <gpxtpx:TrackPointExtension>
            <gpxtpx:hr>84</gpxtpx:hr>
          </gpxtpx:TrackPointExtension>
        </extensions>
      </trkpt>
      <trkpt lat="35.69326326418776" lon="139.7004705540646">
        <ele>27.7</ele>
        <time>2025-08-30T09:26:45Z</time>
        <extensions>
          <gpxtpx:TrackPointExtension>
            <gpxtpx:hr>84</gpxtpx:hr>
          </gpxtpx:TrackPointExtension>
        </extensions>
      </trkpt>
      <trkpt lat="35.69326422023215" lon="139.7004610625862">
        <ele>27.7</ele>
        <time>2025-08-30T09:26:46Z</time>
        <extensions>
          <gpxtpx:TrackPointExtension>
            <gpxtpx:hr>88</gpxtpx:hr>
          </gpxtpx:TrackPointExtension>
        </extensions>
      </trkpt>
      <trkpt lat="35.69326516775931" lon="139.7004500189552">
        <ele>27.7</ele>
        <time>2025-08-30T09:26:47Z</time>
        <extensions>
          <gpxtpx:TrackPointExtension>
            <gpxtpx:hr>88</gpxtpx:hr>
          </gpxtpx:TrackPointExtension>
        </extensions>
      </trkpt>
      <trkpt lat="35.69326600735337" lon="139.7004394185225">
        <ele>27.7</ele>
        <time>2025-08-30T09:26:48Z</time>
        <extensions>
          <gpxtpx:TrackPointExtension>
            <gpxtpx:hr>88</gpxtpx:hr>
          </gpxtpx:TrackPointExtension>
        </extensions>
      </trkpt>
      <trkpt lat="35.693267311063686" lon="139.70042901846904">
        <ele>27.7</ele>
        <time>2025-08-30T09:26:49Z</time>
        <extensions>
          <gpxtpx:TrackPointExtension>
            <gpxtpx:hr>88</gpxtpx:hr>
          </gpxtpx:TrackPointExtension>
        </extensions>
      </trkpt>
      <trkpt lat="35.69326919322177" lon="139.700418145768">
        <ele>27.7</ele>
        <time>2025-08-30T09:26:50Z</time>
        <extensions>
          <gpxtpx:TrackPointExtension>
            <gpxtpx:hr>88</gpxtpx:hr>
          </gpxtpx:TrackPointExtension>
        </extensions>
      </trkpt>
      <trkpt lat="35.69327127972775" lon="139.70040677416182">
        <ele>27.5</ele>
        <time>2025-08-30T09:26:51Z</time>
        <extensions>
          <gpxtpx:TrackPointExtension>
            <gpxtpx:hr>89</gpxtpx:hr>
          </gpxtpx:TrackPointExtension>
        </extensions>
      </trkpt>
      <trkpt lat="35.693273243678014" lon="139.7003941524204">
        <ele>27.5</ele>
        <time>2025-08-30T09:26:52Z</time>
        <extensions>
          <gpxtpx:TrackPointExtension>
            <gpxtpx:hr>89</gpxtpx:hr>
          </gpxtpx:TrackPointExtension>
        </extensions>
      </trkpt>
      <trkpt lat="35.69327488628065" lon="139.70038057657806">
        <ele>27.5</ele>
        <time>2025-08-30T09:26:53Z</time>
        <extensions>
          <gpxtpx:TrackPointExtension>
            <gpxtpx:hr>89</gpxtpx:hr>
          </gpxtpx:TrackPointExtension>
        </extensions>
      </trkpt>
      <trkpt lat="35.69327635832661" lon="139.70036585685818">
        <ele>27.5</ele>
        <time>2025-08-30T09:26:54Z</time>
        <extensions>
          <gpxtpx:TrackPointExtension>
            <gpxtpx:hr>89</gpxtpx:hr>
          </gpxtpx:TrackPointExtension>
        </extensions>
      </trkpt>
      <trkpt lat="35.69327788800021" lon="139.7003504929697">
        <ele>27.5</ele>
        <time>2025-08-30T09:26:55Z</time>
        <extensions>
          <gpxtpx:TrackPointExtension>
            <gpxtpx:hr>89</gpxtpx:hr>
          </gpxtpx:TrackPointExtension>
        </extensions>
      </trkpt>
      <trkpt lat="35.69328010486527" lon="139.70033477220403">
        <ele>27.3</ele>
        <time>2025-08-30T09:26:56Z</time>
        <extensions>
          <gpxtpx:TrackPointExtension>
            <gpxtpx:hr>89</gpxtpx:hr>
          </gpxtpx:TrackPointExtension>
        </extensions>
      </trkpt>
      <trkpt lat="35.69328355891488" lon="139.70031901613453">
        <ele>27.3</ele>
        <time>2025-08-30T09:26:57Z</time>
        <extensions>
          <gpxtpx:TrackPointExtension>
            <gpxtpx:hr>89</gpxtpx:hr>
          </gpxtpx:TrackPointExtension>
        </extensions>
      </trkpt>
      <trkpt lat="35.69328848932811" lon="139.70030351774085">
        <ele>27.3</ele>
        <time>2025-08-30T09:26:58Z</time>
        <extensions>
          <gpxtpx:TrackPointExtension>
            <gpxtpx:hr>89</gpxtpx:hr>
          </gpxtpx:TrackPointExtension>
        </extensions>
      </trkpt>
      <trkpt lat="35.69329510853329" lon="139.7002889191469">
        <ele>27.3</ele>
        <time>2025-08-30T09:26:59Z</time>
        <extensions>
          <gpxtpx:TrackPointExtension>
            <gpxtpx:hr>89</gpxtpx:hr>
          </gpxtpx:TrackPointExtension>
        </extensions>
      </trkpt>
      <trkpt lat="35.69330316387277" lon="139.70027499021498">
        <ele>27.3</ele>
        <time>2025-08-30T09:27:00Z</time>
        <extensions>
          <gpxtpx:TrackPointExtension>
            <gpxtpx:hr>89</gpxtpx:hr>
          </gpxtpx:TrackPointExtension>
        </extensions>
      </trkpt>
      <trkpt lat="35.69331201291583" lon="139.700261984992">
        <ele>26.8</ele>
        <time>2025-08-30T09:27:01Z</time>
        <extensions>
          <gpxtpx:TrackPointExtension>
            <gpxtpx:hr>87</gpxtpx:hr>
          </gpxtpx:TrackPointExtension>
        </extensions>
      </trkpt>
      <trkpt lat="35.693320970098966" lon="139.70024933352377">
        <ele>26.8</ele>
        <time>2025-08-30T09:27:02Z</time>
        <extensions>
          <gpxtpx:TrackPointExtension>
            <gpxtpx:hr>87</gpxtpx:hr>
          </gpxtpx:TrackPointExtension>
        </extensions>
      </trkpt>
      <trkpt lat="35.69332880345169" lon="139.70023940312313">
        <ele>26.8</ele>
        <time>2025-08-30T09:27:03Z</time>
        <extensions>
          <gpxtpx:TrackPointExtension>
            <gpxtpx:hr>87</gpxtpx:hr>
          </gpxtpx:TrackPointExtension>
        </extensions>
      </trkpt>
      <trkpt lat="35.69333603868859" lon="139.70023022071248">
        <ele>26.8</ele>
        <time>2025-08-30T09:27:04Z</time>
        <extensions>
          <gpxtpx:TrackPointExtension>
            <gpxtpx:hr>87</gpxtpx:hr>
          </gpxtpx:TrackPointExtension>
        </extensions>
      </trkpt>
      <trkpt lat="35.69334202039954" lon="139.70022256280086">
        <ele>26.8</ele>
        <time>2025-08-30T09:27:05Z</time>
        <extensions>
          <gpxtpx:TrackPointExtension>
            <gpxtpx:hr>87</gpxtpx:hr>
          </gpxtpx:TrackPointExtension>
        </extensions>
      </trkpt>
      <trkpt lat="35.693346868743966" lon="139.7002153807906">
        <ele>26.6</ele>
        <time>2025-08-30T09:27:06Z</time>
        <extensions>
          <gpxtpx:TrackPointExtension>
            <gpxtpx:hr>88</gpxtpx:hr>
          </gpxtpx:TrackPointExtension>
        </extensions>
      </trkpt>
      <trkpt lat="35.69334984045654" lon="139.70021156476278">
        <ele>26.6</ele>
        <time>2025-08-30T09:27:07Z</time>
        <extensions>
          <gpxtpx:TrackPointExtension>
            <gpxtpx:hr>88</gpxtpx:hr>
          </gpxtpx:TrackPointExtension>
        </extensions>
      </trkpt>
      <trkpt lat="35.69335154561293" lon="139.70021174410283">
        <ele>26.6</ele>
        <time>2025-08-30T09:27:08Z</time>
        <extensions>
          <gpxtpx:TrackPointExtension>
            <gpxtpx:hr>88</gpxtpx:hr>
          </gpxtpx:TrackPointExtension>
        </extensions>
      </trkpt>
      <trkpt lat="35.69335237790841" lon="139.70021578884806">
        <ele>26.6</ele>
        <time>2025-08-30T09:27:09Z</time>
        <extensions>
          <gpxtpx:TrackPointExtension>
            <gpxtpx:hr>88</gpxtpx:hr>
          </gpxtpx:TrackPointExtension>
        </extensions>
      </trkpt>
      <trkpt lat="35.693352721636714" lon="139.70022301962769">
        <ele>26.6</ele>
        <time>2025-08-30T09:27:10Z</time>
        <extensions>
          <gpxtpx:TrackPointExtension>
            <gpxtpx:hr>88</gpxtpx:hr>
          </gpxtpx:TrackPointExtension>
        </extensions>
      </trkpt>
      <trkpt lat="35.69335283932312" lon="139.70023215837244">
        <ele>26.6</ele>
        <time>2025-08-30T09:27:11Z</time>
        <extensions>
          <gpxtpx:TrackPointExtension>
            <gpxtpx:hr>87</gpxtpx:hr>
          </gpxtpx:TrackPointExtension>
        </extensions>
      </trkpt>
      <trkpt lat="35.693352905753315" lon="139.70024240915794">
        <ele>26.6</ele>
        <time>2025-08-30T09:27:12Z</time>
        <extensions>
          <gpxtpx:TrackPointExtension>
            <gpxtpx:hr>87</gpxtpx:hr>
          </gpxtpx:TrackPointExtension>
        </extensions>
      </trkpt>
      <trkpt lat="35.69335269723872" lon="139.70025312821474">
        <ele>26.6</ele>
        <time>2025-08-30T09:27:13Z</time>
        <extensions>
          <gpxtpx:TrackPointExtension>
            <gpxtpx:hr>87</gpxtpx:hr>
          </gpxtpx:TrackPointExtension>
        </extensions>
      </trkpt>
      <trkpt lat="35.693351156799054" lon="139.70026444302098">
        <ele>26.6</ele>
        <time>2025-08-30T09:27:14Z</time>
        <extensions>
          <gpxtpx:TrackPointExtension>
            <gpxtpx:hr>87</gpxtpx:hr>
          </gpxtpx:TrackPointExtension>
        </extensions>
      </trkpt>
      <trkpt lat="35.693347060021395" lon="139.70027669433648">
        <ele>26.6</ele>
        <time>2025-08-30T09:27:15Z</time>
        <extensions>
          <gpxtpx:TrackPointExtension>
            <gpxtpx:hr>87</gpxtpx:hr>
          </gpxtpx:TrackPointExtension>
        </extensions>
      </trkpt>
      <trkpt lat="35.69333882415338" lon="139.70029074582342">
        <ele>26.6</ele>
        <time>2025-08-30T09:27:16Z</time>
        <extensions>
          <gpxtpx:TrackPointExtension>
            <gpxtpx:hr>87</gpxtpx:hr>
          </gpxtpx:TrackPointExtension>
        </extensions>
      </trkpt>
      <trkpt lat="35.69332501329671" lon="139.70030738993157">
        <ele>26.6</ele>
        <time>2025-08-30T09:27:17Z</time>
        <extensions>
          <gpxtpx:TrackPointExtension>
            <gpxtpx:hr>87</gpxtpx:hr>
          </gpxtpx:TrackPointExtension>
        </extensions>
      </trkpt>
      <trkpt lat="35.693305857193245" lon="139.70032927438822">
        <ele>26.6</ele>
        <time>2025-08-30T09:27:18Z</time>
        <extensions>
          <gpxtpx:TrackPointExtension>
            <gpxtpx:hr>87</gpxtpx:hr>
          </gpxtpx:TrackPointExtension>
        </extensions>
      </trkpt>
      <trkpt lat="35.693282974049104" lon="139.70035655404033">
        <ele>26.6</ele>
        <time>2025-08-30T09:27:19Z</time>
        <extensions>
          <gpxtpx:TrackPointExtension>
            <gpxtpx:hr>87</gpxtpx:hr>
          </gpxtpx:TrackPointExtension>
        </extensions>
      </trkpt>
      <trkpt lat="35.69326060142577" lon="139.70038639905593">
        <ele>26.6</ele>
        <time>2025-08-30T09:27:20Z</time>
        <extensions>
          <gpxtpx:TrackPointExtension>
            <gpxtpx:hr>87</gpxtpx:hr>
          </gpxtpx:TrackPointExtension>
        </extensions>
      </trkpt>
      <trkpt lat="35.69323934594409" lon="139.70041811195014">
        <ele>26.6</ele>
        <time>2025-08-30T09:27:21Z</time>
        <extensions>
          <gpxtpx:TrackPointExtension>
            <gpxtpx:hr>87</gpxtpx:hr>
          </gpxtpx:TrackPointExtension>
        </extensions>
      </trkpt>
      <trkpt lat="35.69322104791244" lon="139.70044900829257">
        <ele>26.6</ele>
        <time>2025-08-30T09:27:22Z</time>
        <extensions>
          <gpxtpx:TrackPointExtension>
            <gpxtpx:hr>87</gpxtpx:hr>
          </gpxtpx:TrackPointExtension>
        </extensions>
      </trkpt>
      <trkpt lat="35.6932054283799" lon="139.70047813580425">
        <ele>26.6</ele>
        <time>2025-08-30T09:27:23Z</time>
        <extensions>
          <gpxtpx:TrackPointExtension>
            <gpxtpx:hr>87</gpxtpx:hr>
          </gpxtpx:TrackPointExtension>
        </extensions>
      </trkpt>
      <trkpt lat="35.693191971800715" lon="139.70050526847524">
        <ele>26.6</ele>
        <time>2025-08-30T09:27:24Z</time>
        <extensions>
          <gpxtpx:TrackPointExtension>
            <gpxtpx:hr>87</gpxtpx:hr>
          </gpxtpx:TrackPointExtension>
        </extensions>
      </trkpt>
      <trkpt lat="35.693184037559625" lon="139.70052128526206">
        <ele>26.6</ele>
        <time>2025-08-30T09:27:25Z</time>
        <extensions>
          <gpxtpx:TrackPointExtension>
            <gpxtpx:hr>87</gpxtpx:hr>
          </gpxtpx:TrackPointExtension>
        </extensions>
      </trkpt>
      <trkpt lat="35.69336450183687" lon="139.69963465253963">
        <ele>26.6</ele>
        <time>2025-08-30T09:27:39Z</time>
        <extensions>
          <gpxtpx:TrackPointExtension>
            <gpxtpx:hr>91</gpxtpx:hr>
          </gpxtpx:TrackPointExtension>
        </extensions>
      </trkpt>
      <trkpt lat="35.69338739525752" lon="139.69964467996837">
        <ele>26.6</ele>
        <time>2025-08-30T09:27:40Z</time>
        <extensions>
          <gpxtpx:TrackPointExtension>
            <gpxtpx:hr>91</gpxtpx:hr>
          </gpxtpx:TrackPointExtension>
        </extensions>
      </trkpt>
      <trkpt lat="35.69340091525712" lon="139.6996470406054">
        <ele>26.6</ele>
        <time>2025-08-30T09:27:41Z</time>
        <extensions>
          <gpxtpx:TrackPointExtension>
            <gpxtpx:hr>92</gpxtpx:hr>
          </gpxtpx:TrackPointExtension>
        </extensions>
      </trkpt>
      <trkpt lat="35.69341347892397" lon="139.69963511896094">
        <ele>26.6</ele>
        <time>2025-08-30T09:27:42Z</time>
        <extensions>
          <gpxtpx:TrackPointExtension>
            <gpxtpx:hr>92</gpxtpx:hr>
          </gpxtpx:TrackPointExtension>
        </extensions>
      </trkpt>
      <trkpt lat="35.69342483385576" lon="139.6996263457369">
        <ele>26.6</ele>
        <time>2025-08-30T09:27:43Z</time>
        <extensions>
          <gpxtpx:TrackPointExtension>
            <gpxtpx:hr>92</gpxtpx:hr>
          </gpxtpx:TrackPointExtension>
        </extensions>
      </trkpt>
      <trkpt lat="35.693433486205876" lon="139.69961266315312">
        <ele>26.6</ele>
        <time>2025-08-30T09:27:44Z</time>
        <extensions>
          <gpxtpx:TrackPointExtension>
            <gpxtpx:hr>92</gpxtpx:hr>
          </gpxtpx:TrackPointExtension>
        </extensions>
      </trkpt>
      <trkpt lat="35.69343849714186" lon="139.69959660270032">
        <ele>26.6</ele>
        <time>2025-08-30T09:27:45Z</time>
        <extensions>
          <gpxtpx:TrackPointExtension>
            <gpxtpx:hr>92</gpxtpx:hr>
          </gpxtpx:TrackPointExtension>
        </extensions>
      </trkpt>
      <trkpt lat="35.6934414977269" lon="139.69958160016316">
        <ele>26.6</ele>
        <time>2025-08-30T09:27:46Z</time>
        <extensions>
          <gpxtpx:TrackPointExtension>
            <gpxtpx:hr>90</gpxtpx:hr>
          </gpxtpx:TrackPointExtension>
        </extensions>
      </trkpt>
      <trkpt lat="35.69344311090489" lon="139.69956842463017">
        <ele>26.6</ele>
        <time>2025-08-30T09:27:47Z</time>
        <extensions>
          <gpxtpx:TrackPointExtension>
            <gpxtpx:hr>90</gpxtpx:hr>
          </gpxtpx:TrackPointExtension>
        </extensions>
      </trkpt>
      <trkpt lat="35.69344382399099" lon="139.69955602955716">
        <ele>26.6</ele>
        <time>2025-08-30T09:27:48Z</time>
        <extensions>
          <gpxtpx:TrackPointExtension>
            <gpxtpx:hr>90</gpxtpx:hr>
          </gpxtpx:TrackPointExtension>
        </extensions>
      </trkpt>
      <trkpt lat="35.693444065181936" lon="139.69954339257256">
        <ele>26.6</ele>
        <time>2025-08-30T09:27:49Z</time>
        <extensions>
          <gpxtpx:TrackPointExtension>
            <gpxtpx:hr>90</gpxtpx:hr>
          </gpxtpx:TrackPointExtension>
        </extensions>
      </trkpt>
      <trkpt lat="35.693444854961605" lon="139.69953051589073">
        <ele>26.6</ele>
        <time>2025-08-30T09:27:50Z</time>
        <extensions>
          <gpxtpx:TrackPointExtension>
            <gpxtpx:hr>90</gpxtpx:hr>
          </gpxtpx:TrackPointExtension>
        </extensions>
      </trkpt>
      <trkpt lat="35.69344595705592" lon="139.69951753872542">
        <ele>26.6</ele>
        <time>2025-08-30T09:27:51Z</time>
        <extensions>
          <gpxtpx:TrackPointExtension>
            <gpxtpx:hr>89</gpxtpx:hr>
          </gpxtpx:TrackPointExtension>
        </extensions>
      </trkpt>
      <trkpt lat="35.69344728107654" lon="139.6995048572412">
        <ele>26.6</ele>
        <time>2025-08-30T09:27:52Z</time>
        <extensions>
          <gpxtpx:TrackPointExtension>
            <gpxtpx:hr>89</gpxtpx:hr>
          </gpxtpx:TrackPointExtension>
        </extensions>
      </trkpt>
      <trkpt lat="35.6934481023327" lon="139.6994923886348">
        <ele>26.6</ele>
        <time>2025-08-30T09:27:53Z</time>
        <extensions>
          <gpxtpx:TrackPointExtension>
            <gpxtpx:hr>89</gpxtpx:hr>
          </gpxtpx:TrackPointExtension>
        </extensions>
      </trkpt>
      <trkpt lat="35.69344866410538" lon="139.69948251566717">
        <ele>26.6</ele>
        <time>2025-08-30T09:27:54Z</time>
        <extensions>
          <gpxtpx:TrackPointExtension>
            <gpxtpx:hr>89</gpxtpx:hr>
          </gpxtpx:TrackPointExtension>
        </extensions>
      </trkpt>
      <trkpt lat="35.693448761772274" lon="139.69947313980225">
        <ele>26.6</ele>
        <time>2025-08-30T09:27:55Z</time>
        <extensions>
          <gpxtpx:TrackPointExtension>
            <gpxtpx:hr>89</gpxtpx:hr>
          </gpxtpx:TrackPointExtension>
        </extensions>
      </trkpt>
      <trkpt lat="35.69344832942394" lon="139.6994648029731">
        <ele>26.6</ele>
        <time>2025-08-30T09:27:56Z</time>
        <extensions>
          <gpxtpx:TrackPointExtension>
            <gpxtpx:hr>89</gpxtpx:hr>
          </gpxtpx:TrackPointExtension>
        </extensions>
      </trkpt>
      <trkpt lat="35.693447287491765" lon="139.6994568125701">
        <ele>26.6</ele>
        <time>2025-08-30T09:27:57Z</time>
        <extensions>
          <gpxtpx:TrackPointExtension>
            <gpxtpx:hr>89</gpxtpx:hr>
          </gpxtpx:TrackPointExtension>
        </extensions>
      </trkpt>
      <trkpt lat="35.69344622857677" lon="139.69944922703922">
        <ele>26.6</ele>
        <time>2025-08-30T09:27:58Z</time>
        <extensions>
          <gpxtpx:TrackPointExtension>
            <gpxtpx:hr>89</gpxtpx:hr>
          </gpxtpx:TrackPointExtension>
        </extensions>
      </trkpt>
      <trkpt lat="35.693445678848306" lon="139.69944184873222">
        <ele>26.6</ele>
        <time>2025-08-30T09:27:59Z</time>
        <extensions>
          <gpxtpx:TrackPointExtension>
            <gpxtpx:hr>89</gpxtpx:hr>
          </gpxtpx:TrackPointExtension>
        </extensions>
      </trkpt>
      <trkpt lat="35.69344577450282" lon="139.69943244836261">
        <ele>26.6</ele>
        <time>2025-08-30T09:28:00Z</time>
        <extensions>
          <gpxtpx:TrackPointExtension>
            <gpxtpx:hr>89</gpxtpx:hr>
          </gpxtpx:TrackPointExtension>
        </extensions>
      </trkpt>
      <trkpt lat="35.693446170372404" lon="139.6994226517362">
        <ele>26.8</ele>
        <time>2025-08-30T09:28:01Z</time>
        <extensions>
          <gpxtpx:TrackPointExtension>
            <gpxtpx:hr>88</gpxtpx:hr>
          </gpxtpx:TrackPointExtension>
        </extensions>
      </trkpt>
      <trkpt lat="35.693446352119786" lon="139.69941358713587">
        <ele>26.8</ele>
        <time>2025-08-30T09:28:02Z</time>
        <extensions>
          <gpxtpx:TrackPointExtension>
            <gpxtpx:hr>88</gpxtpx:hr>
          </gpxtpx:TrackPointExtension>
        </extensions>
      </trkpt>
      <trkpt lat="35.69344582820303" lon="139.69940374312293">
        <ele>26.8</ele>
        <time>2025-08-30T09:28:03Z</time>
        <extensions>
          <gpxtpx:TrackPointExtension>
            <gpxtpx:hr>88</gpxtpx:hr>
          </gpxtpx:TrackPointExtension>
        </extensions>
      </trkpt>
      <trkpt lat="35.69344472590162" lon="139.69939336821997">
        <ele>26.8</ele>
        <time>2025-08-30T09:28:04Z</time>
        <extensions>
          <gpxtpx:TrackPointExtension>
            <gpxtpx:hr>88</gpxtpx:hr>
          </gpxtpx:TrackPointExtension>
        </extensions>
      </trkpt>
      <trkpt lat="35.69344297418696" lon="139.69938102262827">
        <ele>26.8</ele>
        <time>2025-08-30T09:28:05Z</time>
        <extensions>
          <gpxtpx:TrackPointExtension>
            <gpxtpx:hr>88</gpxtpx:hr>
          </gpxtpx:TrackPointExtension>
        </extensions>
      </trkpt>
      <trkpt lat="35.69344089786789" lon="139.69936965802597">
        <ele>27.1</ele>
        <time>2025-08-30T09:28:06Z</time>
        <extensions>
          <gpxtpx:TrackPointExtension>
            <gpxtpx:hr>88</gpxtpx:hr>
          </gpxtpx:TrackPointExtension>
        </extensions>
      </trkpt>
      <trkpt lat="35.693439078106564" lon="139.6993605834967">
        <ele>27.1</ele>
        <time>2025-08-30T09:28:07Z</time>
        <extensions>
          <gpxtpx:TrackPointExtension>
            <gpxtpx:hr>88</gpxtpx:hr>
          </gpxtpx:TrackPointExtension>
        </extensions>
      </trkpt>
      <trkpt lat="35.69343725285629" lon="139.69935222111238">
        <ele>27.1</ele>
        <time>2025-08-30T09:28:08Z</time>
        <extensions>
          <gpxtpx:TrackPointExtension>
            <gpxtpx:hr>88</gpxtpx:hr>
          </gpxtpx:TrackPointExtension>
        </extensions>
      </trkpt>
      <trkpt lat="35.693436034778436" lon="139.69934473415614">
        <ele>27.1</ele>
        <time>2025-08-30T09:28:09Z</time>
        <extensions>
          <gpxtpx:TrackPointExtension>
            <gpxtpx:hr>88</gpxtpx:hr>
          </gpxtpx:TrackPointExtension>
        </extensions>
      </trkpt>
      <trkpt lat="35.69343562799011" lon="139.69933604807676">
        <ele>27.1</ele>
        <time>2025-08-30T09:28:10Z</time>
        <extensions>
          <gpxtpx:TrackPointExtension>
            <gpxtpx:hr>88</gpxtpx:hr>
          </gpxtpx:TrackPointExtension>
        </extensions>
      </trkpt>
      <trkpt lat="35.69343617776706" lon="139.69933055608533">
        <ele>27.3</ele>
        <time>2025-08-30T09:28:11Z</time>
        <extensions>
          <gpxtpx:TrackPointExtension>
            <gpxtpx:hr>86</gpxtpx:hr>
          </gpxtpx:TrackPointExtension>
        </extensions>
      </trkpt>
      <trkpt lat="35.69343756799137" lon="139.69932593982412">
        <ele>27.3</ele>
        <time>2025-08-30T09:28:12Z</time>
        <extensions>
          <gpxtpx:TrackPointExtension>
            <gpxtpx:hr>86</gpxtpx:hr>
          </gpxtpx:TrackPointExtension>
        </extensions>
      </trkpt>
      <trkpt lat="35.69343867814996" lon="139.69932357528543">
        <ele>27.3</ele>
        <time>2025-08-30T09:28:13Z</time>
        <extensions>
          <gpxtpx:TrackPointExtension>
            <gpxtpx:hr>86</gpxtpx:hr>
          </gpxtpx:TrackPointExtension>
        </extensions>
      </trkpt>
      <trkpt lat="35.69344059192302" lon="139.69931974576247">
        <ele>27.3</ele>
        <time>2025-08-30T09:28:14Z</time>
        <extensions>
          <gpxtpx:TrackPointExtension>
            <gpxtpx:hr>86</gpxtpx:hr>
          </gpxtpx:TrackPointExtension>
        </extensions>
      </trkpt>
      <trkpt lat="35.69344228861039" lon="139.69931719373278">
        <ele>27.3</ele>
        <time>2025-08-30T09:28:15Z</time>
        <extensions>
          <gpxtpx:TrackPointExtension>
            <gpxtpx:hr>86</gpxtpx:hr>
          </gpxtpx:TrackPointExtension>
        </extensions>
      </trkpt>
      <trkpt lat="35.693444446517304" lon="139.6993145417143">
        <ele>27.5</ele>
        <time>2025-08-30T09:28:16Z</time>
        <extensions>
          <gpxtpx:TrackPointExtension>
            <gpxtpx:hr>84</gpxtpx:hr>
          </gpxtpx:TrackPointExtension>
        </extensions>
      </trkpt>
      <trkpt lat="35.69344594334362" lon="139.6993135084194">
        <ele>27.5</ele>
        <time>2025-08-30T09:28:17Z</time>
        <extensions>
          <gpxtpx:TrackPointExtension>
            <gpxtpx:hr>84</gpxtpx:hr>
          </gpxtpx:TrackPointExtension>
        </extensions>
      </trkpt>
      <trkpt lat="35.693447206069756" lon="139.69931249623318">
        <ele>27.5</ele>
        <time>2025-08-30T09:28:18Z</time>
        <extensions>
          <gpxtpx:TrackPointExtension>
            <gpxtpx:hr>84</gpxtpx:hr>
          </gpxtpx:TrackPointExtension>
        </extensions>
      </trkpt>
      <trkpt lat="35.69344791055545" lon="139.69931215075516">
        <ele>27.5</ele>
        <time>2025-08-30T09:28:19Z</time>
        <extensions>
          <gpxtpx:TrackPointExtension>
            <gpxtpx:hr>84</gpxtpx:hr>
          </gpxtpx:TrackPointExtension>
        </extensions>
      </trkpt>
      <trkpt lat="35.69344840155458" lon="139.69931189083331">
        <ele>27.5</ele>
        <time>2025-08-30T09:28:20Z</time>
        <extensions>
          <gpxtpx:TrackPointExtension>
            <gpxtpx:hr>84</gpxtpx:hr>
          </gpxtpx:TrackPointExtension>
        </extensions>
      </trkpt>
      <trkpt lat="35.693448735233126" lon="139.69931178209467">
        <ele>27.5</ele>
        <time>2025-08-30T09:28:21Z</time>
        <extensions>
          <gpxtpx:TrackPointExtension>
            <gpxtpx:hr>84</gpxtpx:hr>
          </gpxtpx:TrackPointExtension>
        </extensions>
      </trkpt>
      <trkpt lat="35.69344906880346" lon="139.69931173024253">
        <ele>27.5</ele>
        <time>2025-08-30T09:28:22Z</time>
        <extensions>
          <gpxtpx:TrackPointExtension>
            <gpxtpx:hr>84</gpxtpx:hr>
          </gpxtpx:TrackPointExtension>
        </extensions>
      </trkpt>
      <trkpt lat="35.693449399908275" lon="139.6993116265306">
        <ele>27.5</ele>
        <time>2025-08-30T09:28:23Z</time>
        <extensions>
          <gpxtpx:TrackPointExtension>
            <gpxtpx:hr>84</gpxtpx:hr>
          </gpxtpx:TrackPointExtension>
        </extensions>
      </trkpt>
      <trkpt lat="35.69344951320851" lon="139.6993114964592">
        <ele>27.5</ele>
        <time>2025-08-30T09:28:24Z</time>
        <extensions>
          <gpxtpx:TrackPointExtension>
            <gpxtpx:hr>84</gpxtpx:hr>
          </gpxtpx:TrackPointExtension>
        </extensions>
      </trkpt>
      <trkpt lat="35.69344943959801" lon="139.69931119454844">
        <ele>27.5</ele>
        <time>2025-08-30T09:28:25Z</time>
        <extensions>
          <gpxtpx:TrackPointExtension>
            <gpxtpx:hr>84</gpxtpx:hr>
          </gpxtpx:TrackPointExtension>
        </extensions>
      </trkpt>
      <trkpt lat="35.69344938962246" lon="139.6993105279498">
        <ele>27.7</ele>
        <time>2025-08-30T09:28:26Z</time>
        <extensions>
          <gpxtpx:TrackPointExtension>
            <gpxtpx:hr>82</gpxtpx:hr>
          </gpxtpx:TrackPointExtension>
        </extensions>
      </trkpt>
      <trkpt lat="35.69344964440734" lon="139.69930880197217">
        <ele>27.7</ele>
        <time>2025-08-30T09:28:27Z</time>
        <extensions>
          <gpxtpx:TrackPointExtension>
            <gpxtpx:hr>82</gpxtpx:hr>
          </gpxtpx:TrackPointExtension>
        </extensions>
      </trkpt>
      <trkpt lat="35.69344965097498" lon="139.69930738687947">
        <ele>27.7</ele>
        <time>2025-08-30T09:28:28Z</time>
        <extensions>
          <gpxtpx:TrackPointExtension>
            <gpxtpx:hr>82</gpxtpx:hr>
          </gpxtpx:TrackPointExtension>
        </extensions>
      </trkpt>
      <trkpt lat="35.693449532911316" lon="139.69930485715955">
        <ele>27.7</ele>
        <time>2025-08-30T09:28:29Z</time>
        <extensions>
          <gpxtpx:TrackPointExtension>
            <gpxtpx:hr>82</gpxtpx:hr>
          </gpxtpx:TrackPointExtension>
        </extensions>
      </trkpt>
      <trkpt lat="35.6934492599461" lon="139.6993034446423">
        <ele>27.7</ele>
        <time>2025-08-30T09:28:30Z</time>
        <extensions>
          <gpxtpx:TrackPointExtension>
            <gpxtpx:hr>82</gpxtpx:hr>
          </gpxtpx:TrackPointExtension>
        </extensions>
      </trkpt>
      <trkpt lat="35.693449437563686" lon="139.69930171868634">
        <ele>27.7</ele>
        <time>2025-08-30T09:28:31Z</time>
        <extensions>
          <gpxtpx:TrackPointExtension>
            <gpxtpx:hr>83</gpxtpx:hr>
          </gpxtpx:TrackPointExtension>
        </extensions>
      </trkpt>
      <trkpt lat="35.69344968210088" lon="139.69930140126988">
        <ele>27.7</ele>
        <time>2025-08-30T09:28:32Z</time>
        <extensions>
          <gpxtpx:TrackPointExtension>
            <gpxtpx:hr>83</gpxtpx:hr>
          </gpxtpx:TrackPointExtension>
        </extensions>
      </trkpt>
      <trkpt lat="35.69344992118037" lon="139.69930087993546">
        <ele>27.7</ele>
        <time>2025-08-30T09:28:33Z</time>
        <extensions>
          <gpxtpx:TrackPointExtension>
            <gpxtpx:hr>83</gpxtpx:hr>
          </gpxtpx:TrackPointExtension>
        </extensions>
      </trkpt>
      <trkpt lat="35.69345004088536" lon="139.69930045258215">
        <ele>27.7</ele>
        <time>2025-08-30T09:28:34Z</time>
        <extensions>
          <gpxtpx:TrackPointExtension>
            <gpxtpx:hr>83</gpxtpx:hr>
          </gpxtpx:TrackPointExtension>
        </extensions>
      </trkpt>
      <trkpt lat="35.693450134410945" lon="139.6993001027908">
        <ele>27.7</ele>
        <time>2025-08-30T09:28:35Z</time>
        <extensions>
          <gpxtpx:TrackPointExtension>
            <gpxtpx:hr>83</gpxtpx:hr>
          </gpxtpx:TrackPointExtension>
        </extensions>
      </trkpt>
      <trkpt lat="35.693450227157626" lon="139.69929983681357">
        <ele>27.7</ele>
        <time>2025-08-30T09:28:36Z</time>
        <extensions>
          <gpxtpx:TrackPointExtension>
            <gpxtpx:hr>84</gpxtpx:hr>
          </gpxtpx:TrackPointExtension>
        </extensions>
      </trkpt>
      <trkpt lat="35.69345034727929" lon="139.69929942851763">
        <ele>27.7</ele>
        <time>2025-08-30T09:28:37Z</time>
        <extensions>
          <gpxtpx:TrackPointExtension>
            <gpxtpx:hr>84</gpxtpx:hr>
          </gpxtpx:TrackPointExtension>
        </extensions>
      </trkpt>
      <trkpt lat="35.69345033868331" lon="139.69929855104752">
        <ele>27.7</ele>
        <time>2025-08-30T09:28:38Z</time>
        <extensions>
          <gpxtpx:TrackPointExtension>
            <gpxtpx:hr>84</gpxtpx:hr>
          </gpxtpx:TrackPointExtension>
        </extensions>
      </trkpt>
      <trkpt lat="35.6934501458777" lon="139.69929644477435">
        <ele>27.7</ele>
        <time>2025-08-30T09:28:39Z</time>
        <extensions>
          <gpxtpx:TrackPointExtension>
            <gpxtpx:hr>84</gpxtpx:hr>
          </gpxtpx:TrackPointExtension>
        </extensions>
      </trkpt>
      <trkpt lat="35.693449879360585" lon="139.69929477210027">
        <ele>27.7</ele>
        <time>2025-08-30T09:28:40Z</time>
        <extensions>
          <gpxtpx:TrackPointExtension>
            <gpxtpx:hr>84</gpxtpx:hr>
          </gpxtpx:TrackPointExtension>
        </extensions>
      </trkpt>
      <trkpt lat="35.69344990374605" lon="139.69929283274607">
        <ele>27.7</ele>
        <time>2025-08-30T09:28:41Z</time>
        <extensions>
          <gpxtpx:TrackPointExtension>
            <gpxtpx:hr>82</gpxtpx:hr>
          </gpxtpx:TrackPointExtension>
        </extensions>
      </trkpt>
      <trkpt lat="35.69344999287283" lon="139.69929224593986">
        <ele>27.7</ele>
        <time>2025-08-30T09:28:42Z</time>
        <extensions>
          <gpxtpx:TrackPointExtension>
            <gpxtpx:hr>82</gpxtpx:hr>
          </gpxtpx:TrackPointExtension>
        </extensions>
      </trkpt>
      <trkpt lat="35.69345004580362" lon="139.699291431587">
        <ele>27.7</ele>
        <time>2025-08-30T09:28:43Z</time>
        <extensions>
          <gpxtpx:TrackPointExtension>
            <gpxtpx:hr>82</gpxtpx:hr>
          </gpxtpx:TrackPointExtension>
        </extensions>
      </trkpt>
      <trkpt lat="35.693449843537636" lon="139.69929135755117">
        <ele>27.7</ele>
        <time>2025-08-30T09:28:44Z</time>
        <extensions>
          <gpxtpx:TrackPointExtension>
            <gpxtpx:hr>82</gpxtpx:hr>
          </gpxtpx:TrackPointExtension>
        </extensions>
      </trkpt>
      <trkpt lat="35.693449641967916" lon="139.6992911736745">
        <ele>27.7</ele>
        <time>2025-08-30T09:28:45Z</time>
        <extensions>
          <gpxtpx:TrackPointExtension>
            <gpxtpx:hr>82</gpxtpx:hr>
          </gpxtpx:TrackPointExtension>
        </extensions>
      </trkpt>
      <trkpt lat="35.69344938067158" lon="139.6992908607624">
        <ele>27.7</ele>
        <time>2025-08-30T09:28:46Z</time>
        <extensions>
          <gpxtpx:TrackPointExtension>
            <gpxtpx:hr>81</gpxtpx:hr>
          </gpxtpx:TrackPointExtension>
        </extensions>
      </trkpt>
      <trkpt lat="35.69344898847926" lon="139.69929057284583">
        <ele>27.7</ele>
        <time>2025-08-30T09:28:47Z</time>
        <extensions>
          <gpxtpx:TrackPointExtension>
            <gpxtpx:hr>81</gpxtpx:hr>
          </gpxtpx:TrackPointExtension>
        </extensions>
      </trkpt>
      <trkpt lat="35.69344858856761" lon="139.6992903784126">
        <ele>27.7</ele>
        <time>2025-08-30T09:28:48Z</time>
        <extensions>
          <gpxtpx:TrackPointExtension>
            <gpxtpx:hr>81</gpxtpx:hr>
          </gpxtpx:TrackPointExtension>
        </extensions>
      </trkpt>
      <trkpt lat="35.693448216038234" lon="139.6992903910815">
        <ele>27.7</ele>
        <time>2025-08-30T09:28:49Z</time>
        <extensions>
          <gpxtpx:TrackPointExtension>
            <gpxtpx:hr>81</gpxtpx:hr>
          </gpxtpx:TrackPointExtension>
        </extensions>
      </trkpt>
      <trkpt lat="35.69344796923217" lon="139.6992904275897">
        <ele>27.7</ele>
        <time>2025-08-30T09:28:50Z</time>
        <extensions>
          <gpxtpx:TrackPointExtension>
            <gpxtpx:hr>81</gpxtpx:hr>
          </gpxtpx:TrackPointExtension>
        </extensions>
      </trkpt>
      <trkpt lat="35.69344763453317" lon="139.69929059066732">
        <ele>27.7</ele>
        <time>2025-08-30T09:28:51Z</time>
        <extensions>
          <gpxtpx:TrackPointExtension>
            <gpxtpx:hr>83</gpxtpx:hr>
          </gpxtpx:TrackPointExtension>
        </extensions>
      </trkpt>
      <trkpt lat="35.69344752757406" lon="139.69928999772904">
        <ele>27.7</ele>
        <time>2025-08-30T09:28:52Z</time>
        <extensions>
          <gpxtpx:TrackPointExtension>
            <gpxtpx:hr>83</gpxtpx:hr>
          </gpxtpx:TrackPointExtension>
        </extensions>
      </trkpt>
      <trkpt lat="35.693447056787406" lon="139.6992894323795">
        <ele>27.7</ele>
        <time>2025-08-30T09:28:53Z</time>
        <extensions>
          <gpxtpx:TrackPointExtension>
            <gpxtpx:hr>83</gpxtpx:hr>
          </gpxtpx:TrackPointExtension>
        </extensions>
      </trkpt>
      <trkpt lat="35.69344662021539" lon="139.69928734374403">
        <ele>27.7</ele>
        <time>2025-08-30T09:28:54Z</time>
        <extensions>
          <gpxtpx:TrackPointExtension>
            <gpxtpx:hr>83</gpxtpx:hr>
          </gpxtpx:TrackPointExtension>
        </extensions>
      </trkpt>
      <trkpt lat="35.69344535657463" lon="139.69928389200595">
        <ele>27.7</ele>
        <time>2025-08-30T09:28:55Z</time>
        <extensions>
          <gpxtpx:TrackPointExtension>
            <gpxtpx:hr>83</gpxtpx:hr>
          </gpxtpx:TrackPointExtension>
        </extensions>
      </trkpt>
      <trkpt lat="35.69344432553764" lon="139.6992794676595">
        <ele>27.7</ele>
        <time>2025-08-30T09:28:56Z</time>
        <extensions>
          <gpxtpx:TrackPointExtension>
            <gpxtpx:hr>84</gpxtpx:hr>
          </gpxtpx:TrackPointExtension>
        </extensions>
      </trkpt>
      <trkpt lat="35.69344265592537" lon="139.6992732861332">
        <ele>27.7</ele>
        <time>2025-08-30T09:28:57Z</time>
        <extensions>
          <gpxtpx:TrackPointExtension>
            <gpxtpx:hr>84</gpxtpx:hr>
          </gpxtpx:TrackPointExtension>
        </extensions>
      </trkpt>
      <trkpt lat="35.69344131841647" lon="139.69926582216522">
        <ele>27.7</ele>
        <time>2025-08-30T09:28:58Z</time>
        <extensions>
          <gpxtpx:TrackPointExtension>
            <gpxtpx:hr>84</gpxtpx:hr>
          </gpxtpx:TrackPointExtension>
        </extensions>
      </trkpt>
      <trkpt lat="35.693440173443825" lon="139.69925610344873">
        <ele>27.7</ele>
        <time>2025-08-30T09:28:59Z</time>
        <extensions>
          <gpxtpx:TrackPointExtension>
            <gpxtpx:hr>84</gpxtpx:hr>
          </gpxtpx:TrackPointExtension>
        </extensions>
      </trkpt>
      <trkpt lat="35.69343992712325" lon="139.69924579166232">
        <ele>27.7</ele>
        <time>2025-08-30T09:29:00Z</time>
        <extensions>
          <gpxtpx:TrackPointExtension>
            <gpxtpx:hr>84</gpxtpx:hr>
          </gpxtpx:TrackPointExtension>
        </extensions>
      </trkpt>
      <trkpt lat="35.69344024855508" lon="139.6992369557863">
        <ele>27.7</ele>
        <time>2025-08-30T09:29:01Z</time>
        <extensions>
          <gpxtpx:TrackPointExtension>
            <gpxtpx:hr>83</gpxtpx:hr>
          </gpxtpx:TrackPointExtension>
        </extensions>
      </trkpt>
      <trkpt lat="35.69344065095467" lon="139.69922727648483">
        <ele>27.7</ele>
        <time>2025-08-30T09:29:02Z</time>
        <extensions>
          <gpxtpx:TrackPointExtension>
            <gpxtpx:hr>83</gpxtpx:hr>
          </gpxtpx:TrackPointExtension>
        </extensions>
      </trkpt>
      <trkpt lat="35.69344124177245" lon="139.6992172335253">
        <ele>27.7</ele>
        <time>2025-08-30T09:29:03Z</time>
        <extensions>
          <gpxtpx:TrackPointExtension>
            <gpxtpx:hr>83</gpxtpx:hr>
          </gpxtpx:TrackPointExtension>
        </extensions>
      </trkpt>
      <trkpt lat="35.69344209622988" lon="139.69920515004557">
        <ele>27.7</ele>
        <time>2025-08-30T09:29:04Z</time>
        <extensions>
          <gpxtpx:TrackPointExtension>
            <gpxtpx:hr>83</gpxtpx:hr>
          </gpxtpx:TrackPointExtension>
        </extensions>
      </trkpt>
      <trkpt lat="35.693443670289234" lon="139.6991928127447">
        <ele>27.7</ele>
        <time>2025-08-30T09:29:05Z</time>
        <extensions>
          <gpxtpx:TrackPointExtension>
            <gpxtpx:hr>83</gpxtpx:hr>
          </gpxtpx:TrackPointExtension>
        </extensions>
      </trkpt>
      <trkpt lat="35.69344555923224" lon="139.699181225219">
        <ele>27.7</ele>
        <time>2025-08-30T09:29:06Z</time>
        <extensions>
          <gpxtpx:TrackPointExtension>
            <gpxtpx:hr>83</gpxtpx:hr>
          </gpxtpx:TrackPointExtension>
        </extensions>
      </trkpt>
      <trkpt lat="35.69344799490792" lon="139.69916815930947">
        <ele>27.7</ele>
        <time>2025-08-30T09:29:07Z</time>
        <extensions>
          <gpxtpx:TrackPointExtension>
            <gpxtpx:hr>83</gpxtpx:hr>
          </gpxtpx:TrackPointExtension>
        </extensions>
      </trkpt>
      <trkpt lat="35.69345094375082" lon="139.6991537386058">
        <ele>27.7</ele>
        <time>2025-08-30T09:29:08Z</time>
        <extensions>
          <gpxtpx:TrackPointExtension>
            <gpxtpx:hr>83</gpxtpx:hr>
          </gpxtpx:TrackPointExtension>
        </extensions>
      </trkpt>
      <trkpt lat="35.693454342337645" lon="139.69913723540265">
        <ele>27.7</ele>
        <time>2025-08-30T09:29:09Z</time>
        <extensions>
          <gpxtpx:TrackPointExtension>
            <gpxtpx:hr>83</gpxtpx:hr>
          </gpxtpx:TrackPointExtension>
        </extensions>
      </trkpt>
      <trkpt lat="35.69345771668501" lon="139.6991207591983">
        <ele>27.7</ele>
        <time>2025-08-30T09:29:10Z</time>
        <extensions>
          <gpxtpx:TrackPointExtension>
            <gpxtpx:hr>83</gpxtpx:hr>
          </gpxtpx:TrackPointExtension>
        </extensions>
      </trkpt>
      <trkpt lat="35.69346064557889" lon="139.69910493834718">
        <ele>27.9</ele>
        <time>2025-08-30T09:29:11Z</time>
        <extensions>
          <gpxtpx:TrackPointExtension>
            <gpxtpx:hr>83</gpxtpx:hr>
          </gpxtpx:TrackPointExtension>
        </extensions>
      </trkpt>
      <trkpt lat="35.69346354886082" lon="139.69909000094623">
        <ele>27.9</ele>
        <time>2025-08-30T09:29:12Z</time>
        <extensions>
          <gpxtpx:TrackPointExtension>
            <gpxtpx:hr>83</gpxtpx:hr>
          </gpxtpx:TrackPointExtension>
        </extensions>
      </trkpt>
      <trkpt lat="35.693466243477744" lon="139.69907815117688">
        <ele>27.9</ele>
        <time>2025-08-30T09:29:13Z</time>
        <extensions>
          <gpxtpx:TrackPointExtension>
            <gpxtpx:hr>83</gpxtpx:hr>
          </gpxtpx:TrackPointExtension>
        </extensions>
      </trkpt>
      <trkpt lat="35.693469480227435" lon="139.69906702108145">
        <ele>27.9</ele>
        <time>2025-08-30T09:29:14Z</time>
        <extensions>
          <gpxtpx:TrackPointExtension>
            <gpxtpx:hr>83</gpxtpx:hr>
          </gpxtpx:TrackPointExtension>
        </extensions>
      </trkpt>
      <trkpt lat="35.693472213142016" lon="139.6990576562318">
        <ele>27.9</ele>
        <time>2025-08-30T09:29:15Z</time>
        <extensions>
          <gpxtpx:TrackPointExtension>
            <gpxtpx:hr>83</gpxtpx:hr>
          </gpxtpx:TrackPointExtension>
        </extensions>
      </trkpt>
      <trkpt lat="35.693475382877295" lon="139.69904748796512">
        <ele>27.9</ele>
        <time>2025-08-30T09:29:16Z</time>
        <extensions>
          <gpxtpx:TrackPointExtension>
            <gpxtpx:hr>83</gpxtpx:hr>
          </gpxtpx:TrackPointExtension>
        </extensions>
      </trkpt>
      <trkpt lat="35.69347862548905" lon="139.69903825448554">
        <ele>27.9</ele>
        <time>2025-08-30T09:29:17Z</time>
        <extensions>
          <gpxtpx:TrackPointExtension>
            <gpxtpx:hr>83</gpxtpx:hr>
          </gpxtpx:TrackPointExtension>
        </extensions>
      </trkpt>
      <trkpt lat="35.693482429184854" lon="139.6990290766793">
        <ele>27.9</ele>
        <time>2025-08-30T09:29:18Z</time>
        <extensions>
          <gpxtpx:TrackPointExtension>
            <gpxtpx:hr>83</gpxtpx:hr>
          </gpxtpx:TrackPointExtension>
        </extensions>
      </trkpt>
      <trkpt lat="35.69348572413773" lon="139.69902065378548">
        <ele>27.9</ele>
        <time>2025-08-30T09:29:19Z</time>
        <extensions>
          <gpxtpx:TrackPointExtension>
            <gpxtpx:hr>83</gpxtpx:hr>
          </gpxtpx:TrackPointExtension>
        </extensions>
      </trkpt>
      <trkpt lat="35.693487859331505" lon="139.6990137107599">
        <ele>27.9</ele>
        <time>2025-08-30T09:29:20Z</time>
        <extensions>
          <gpxtpx:TrackPointExtension>
            <gpxtpx:hr>83</gpxtpx:hr>
          </gpxtpx:TrackPointExtension>
        </extensions>
      </trkpt>
      <trkpt lat="35.69348937665649" lon="139.69900683666634">
        <ele>27.9</ele>
        <time>2025-08-30T09:29:21Z</time>
        <extensions>
          <gpxtpx:TrackPointExtension>
            <gpxtpx:hr>82</gpxtpx:hr>
          </gpxtpx:TrackPointExtension>
        </extensions>
      </trkpt>
      <trkpt lat="35.69348997394827" lon="139.6990026180168">
        <ele>27.9</ele>
        <time>2025-08-30T09:29:22Z</time>
        <extensions>
          <gpxtpx:TrackPointExtension>
            <gpxtpx:hr>82</gpxtpx:hr>
          </gpxtpx:TrackPointExtension>
        </extensions>
      </trkpt>
      <trkpt lat="35.693490364125076" lon="139.69899877030474">
        <ele>27.9</ele>
        <time>2025-08-30T09:29:23Z</time>
        <extensions>
          <gpxtpx:TrackPointExtension>
            <gpxtpx:hr>82</gpxtpx:hr>
          </gpxtpx:TrackPointExtension>
        </extensions>
      </trkpt>
      <trkpt lat="35.693489978469486" lon="139.69899770811125">
        <ele>27.9</ele>
        <time>2025-08-30T09:29:24Z</time>
        <extensions>
          <gpxtpx:TrackPointExtension>
            <gpxtpx:hr>82</gpxtpx:hr>
          </gpxtpx:TrackPointExtension>
        </extensions>
      </trkpt>
      <trkpt lat="35.69348955433214" lon="139.69899635054614">
        <ele>27.9</ele>
        <time>2025-08-30T09:29:25Z</time>
        <extensions>
          <gpxtpx:TrackPointExtension>
            <gpxtpx:hr>82</gpxtpx:hr>
          </gpxtpx:TrackPointExtension>
        </extensions>
      </trkpt>
      <trkpt lat="35.69348892311491" lon="139.69899649352917">
        <ele>27.9</ele>
        <time>2025-08-30T09:29:26Z</time>
        <extensions>
          <gpxtpx:TrackPointExtension>
            <gpxtpx:hr>81</gpxtpx:hr>
          </gpxtpx:TrackPointExtension>
        </extensions>
      </trkpt>
      <trkpt lat="35.69348855343036" lon="139.69899651394113">
        <ele>27.9</ele>
        <time>2025-08-30T09:29:27Z</time>
        <extensions>
          <gpxtpx:TrackPointExtension>
            <gpxtpx:hr>81</gpxtpx:hr>
          </gpxtpx:TrackPointExtension>
        </extensions>
      </trkpt>
      <trkpt lat="35.6934884075353" lon="139.69899646439222">
        <ele>27.9</ele>
        <time>2025-08-30T09:29:28Z</time>
        <extensions>
          <gpxtpx:TrackPointExtension>
            <gpxtpx:hr>81</gpxtpx:hr>
          </gpxtpx:TrackPointExtension>
        </extensions>
      </trkpt>
      <trkpt lat="35.6934883501029" lon="139.69899659226408">
        <ele>27.9</ele>
        <time>2025-08-30T09:29:29Z</time>
        <extensions>
          <gpxtpx:TrackPointExtension>
            <gpxtpx:hr>81</gpxtpx:hr>
          </gpxtpx:TrackPointExtension>
        </extensions>
      </trkpt>
      <trkpt lat="35.693488302595995" lon="139.69899688928393">
        <ele>27.9</ele>
        <time>2025-08-30T09:29:30Z</time>
        <extensions>
          <gpxtpx:TrackPointExtension>
            <gpxtpx:hr>81</gpxtpx:hr>
          </gpxtpx:TrackPointExtension>
        </extensions>
      </trkpt>
      <trkpt lat="35.693488294786505" lon="139.69899761610938">
        <ele>27.9</ele>
        <time>2025-08-30T09:29:31Z</time>
        <extensions>
          <gpxtpx:TrackPointExtension>
            <gpxtpx:hr>80</gpxtpx:hr>
          </gpxtpx:TrackPointExtension>
        </extensions>
      </trkpt>
      <trkpt lat="35.69348813543113" lon="139.69899885698408">
        <ele>27.9</ele>
        <time>2025-08-30T09:29:32Z</time>
        <extensions>
          <gpxtpx:TrackPointExtension>
            <gpxtpx:hr>80</gpxtpx:hr>
          </gpxtpx:TrackPointExtension>
        </extensions>
      </trkpt>
      <trkpt lat="35.69348823882313" lon="139.69900065772177">
        <ele>27.9</ele>
        <time>2025-08-30T09:29:33Z</time>
        <extensions>
          <gpxtpx:TrackPointExtension>
            <gpxtpx:hr>80</gpxtpx:hr>
          </gpxtpx:TrackPointExtension>
        </extensions>
      </trkpt>
      <trkpt lat="35.69348889120318" lon="139.6990028115545">
        <ele>27.9</ele>
        <time>2025-08-30T09:29:34Z</time>
        <extensions>
          <gpxtpx:TrackPointExtension>
            <gpxtpx:hr>80</gpxtpx:hr>
          </gpxtpx:TrackPointExtension>
        </extensions>
      </trkpt>
      <trkpt lat="35.693489786253934" lon="139.69900507748417">
        <ele>27.9</ele>
        <time>2025-08-30T09:29:35Z</time>
        <extensions>
          <gpxtpx:TrackPointExtension>
            <gpxtpx:hr>80</gpxtpx:hr>
          </gpxtpx:TrackPointExtension>
        </extensions>
      </trkpt>
      <trkpt lat="35.69349035100991" lon="139.69900679840202">
        <ele>27.9</ele>
        <time>2025-08-30T09:29:36Z</time>
        <extensions>
          <gpxtpx:TrackPointExtension>
            <gpxtpx:hr>78</gpxtpx:hr>
          </gpxtpx:TrackPointExtension>
        </extensions>
      </trkpt>
      <trkpt lat="35.69349032122671" lon="139.69900740085586">
        <ele>27.9</ele>
        <time>2025-08-30T09:29:37Z</time>
        <extensions>
          <gpxtpx:TrackPointExtension>
            <gpxtpx:hr>78</gpxtpx:hr>
          </gpxtpx:TrackPointExtension>
        </extensions>
      </trkpt>
      <trkpt lat="35.69348961775517" lon="139.69900720495647">
        <ele>27.9</ele>
        <time>2025-08-30T09:29:38Z</time>
        <extensions>
          <gpxtpx:TrackPointExtension>
            <gpxtpx:hr>78</gpxtpx:hr>
          </gpxtpx:TrackPointExtension>
        </extensions>
      </trkpt>
      <trkpt lat="35.69348847254043" lon="139.6990068432876">
        <ele>27.9</ele>
        <time>2025-08-30T09:29:39Z</time>
        <extensions>
          <gpxtpx:TrackPointExtension>
            <gpxtpx:hr>78</gpxtpx:hr>
          </gpxtpx:TrackPointExtension>
        </extensions>
      </trkpt>
      <trkpt lat="35.69348702165245" lon="139.69900687931">
        <ele>27.9</ele>
        <time>2025-08-30T09:29:40Z</time>
        <extensions>
          <gpxtpx:TrackPointExtension>
            <gpxtpx:hr>78</gpxtpx:hr>
          </gpxtpx:TrackPointExtension>
        </extensions>
      </trkpt>
      <trkpt lat="35.69348606370197" lon="139.69900696296457">
        <ele>27.9</ele>
        <time>2025-08-30T09:29:41Z</time>
        <extensions>
          <gpxtpx:TrackPointExtension>
            <gpxtpx:hr>77</gpxtpx:hr>
          </gpxtpx:TrackPointExtension>
        </extensions>
      </trkpt>
      <trkpt lat="35.69348544244515" lon="139.6990071130893">
        <ele>27.9</ele>
        <time>2025-08-30T09:29:42Z</time>
        <extensions>
          <gpxtpx:TrackPointExtension>
            <gpxtpx:hr>77</gpxtpx:hr>
          </gpxtpx:TrackPointExtension>
        </extensions>
      </trkpt>
      <trkpt lat="35.69348501396067" lon="139.69900734489417">
        <ele>27.9</ele>
        <time>2025-08-30T09:29:43Z</time>
        <extensions>
          <gpxtpx:TrackPointExtension>
            <gpxtpx:hr>77</gpxtpx:hr>
          </gpxtpx:TrackPointExtension>
        </extensions>
      </trkpt>
      <trkpt lat="35.69348454930158" lon="139.6990077036418">
        <ele>27.9</ele>
        <time>2025-08-30T09:29:44Z</time>
        <extensions>
          <gpxtpx:TrackPointExtension>
            <gpxtpx:hr>77</gpxtpx:hr>
          </gpxtpx:TrackPointExtension>
        </extensions>
      </trkpt>
      <trkpt lat="35.693484100900044" lon="139.69900806335414">
        <ele>27.9</ele>
        <time>2025-08-30T09:29:45Z</time>
        <extensions>
          <gpxtpx:TrackPointExtension>
            <gpxtpx:hr>77</gpxtpx:hr>
          </gpxtpx:TrackPointExtension>
        </extensions>
      </trkpt>
      <trkpt lat="35.69348370196862" lon="139.69900834111482">
        <ele>28.2</ele>
        <time>2025-08-30T09:29:46Z</time>
        <extensions>
          <gpxtpx:TrackPointExtension>
            <gpxtpx:hr>77</gpxtpx:hr>
          </gpxtpx:TrackPointExtension>
        </extensions>
      </trkpt>
      <trkpt lat="35.693483385384276" lon="139.69900849181448">
        <ele>28.2</ele>
        <time>2025-08-30T09:29:47Z</time>
        <extensions>
          <gpxtpx:TrackPointExtension>
            <gpxtpx:hr>77</gpxtpx:hr>
          </gpxtpx:TrackPointExtension>
        </extensions>
      </trkpt>
      <trkpt lat="35.69348314836183" lon="139.69900843479186">
        <ele>28.2</ele>
        <time>2025-08-30T09:29:48Z</time>
        <extensions>
          <gpxtpx:TrackPointExtension>
            <gpxtpx:hr>77</gpxtpx:hr>
          </gpxtpx:TrackPointExtension>
        </extensions>
      </trkpt>
      <trkpt lat="35.6934829366385" lon="139.69900838860488">
        <ele>28.2</ele>
        <time>2025-08-30T09:29:49Z</time>
        <extensions>
          <gpxtpx:TrackPointExtension>
            <gpxtpx:hr>77</gpxtpx:hr>
          </gpxtpx:TrackPointExtension>
        </extensions>
      </trkpt>
      <trkpt lat="35.69348226473364" lon="139.69900687317346">
        <ele>28.2</ele>
        <time>2025-08-30T09:29:50Z</time>
        <extensions>
          <gpxtpx:TrackPointExtension>
            <gpxtpx:hr>77</gpxtpx:hr>
          </gpxtpx:TrackPointExtension>
        </extensions>
      </trkpt>
      <trkpt lat="35.6934816505073" lon="139.69900518560905">
        <ele>28.4</ele>
        <time>2025-08-30T09:29:51Z</time>
        <extensions>
          <gpxtpx:TrackPointExtension>
            <gpxtpx:hr>82</gpxtpx:hr>
          </gpxtpx:TrackPointExtension>
        </extensions>
      </trkpt>
      <trkpt lat="35.69348030957667" lon="139.6990011665643">
        <ele>28.4</ele>
        <time>2025-08-30T09:29:52Z</time>
        <extensions>
          <gpxtpx:TrackPointExtension>
            <gpxtpx:hr>82</gpxtpx:hr>
          </gpxtpx:TrackPointExtension>
        </extensions>
      </trkpt>
      <trkpt lat="35.69347896074459" lon="139.6989958205085">
        <ele>28.4</ele>
        <time>2025-08-30T09:29:53Z</time>
        <extensions>
          <gpxtpx:TrackPointExtension>
            <gpxtpx:hr>82</gpxtpx:hr>
          </gpxtpx:TrackPointExtension>
        </extensions>
      </trkpt>
      <trkpt lat="35.6934775158809" lon="139.69898743344382">
        <ele>28.4</ele>
        <time>2025-08-30T09:29:54Z</time>
        <extensions>
          <gpxtpx:TrackPointExtension>
            <gpxtpx:hr>82</gpxtpx:hr>
          </gpxtpx:TrackPointExtension>
        </extensions>
      </trkpt>
      <trkpt lat="35.6934769191862" lon="139.69897743461118">
        <ele>28.4</ele>
        <time>2025-08-30T09:29:55Z</time>
        <extensions>
          <gpxtpx:TrackPointExtension>
            <gpxtpx:hr>82</gpxtpx:hr>
          </gpxtpx:TrackPointExtension>
        </extensions>
      </trkpt>
      <trkpt lat="35.693477044239636" lon="139.69896664190526">
        <ele>28.4</ele>
        <time>2025-08-30T09:29:56Z</time>
        <extensions>
          <gpxtpx:TrackPointExtension>
            <gpxtpx:hr>84</gpxtpx:hr>
          </gpxtpx:TrackPointExtension>
        </extensions>
      </trkpt>
      <trkpt lat="35.69347726742295" lon="139.69895514845246">
        <ele>28.4</ele>
        <time>2025-08-30T09:29:57Z</time>
        <extensions>
          <gpxtpx:TrackPointExtension>
            <gpxtpx:hr>84</gpxtpx:hr>
          </gpxtpx:TrackPointExtension>
        </extensions>
      </trkpt>
      <trkpt lat="35.69347706865996" lon="139.69894554343955">
        <ele>28.4</ele>
        <time>2025-08-30T09:29:58Z</time>
        <extensions>
          <gpxtpx:TrackPointExtension>
            <gpxtpx:hr>84</gpxtpx:hr>
          </gpxtpx:TrackPointExtension>
        </extensions>
      </trkpt>
      <trkpt lat="35.69347621881345" lon="139.69893514935418">
        <ele>28.4</ele>
        <time>2025-08-30T09:29:59Z</time>
        <extensions>
          <gpxtpx:TrackPointExtension>
            <gpxtpx:hr>84</gpxtpx:hr>
          </gpxtpx:TrackPointExtension>
        </extensions>
      </trkpt>
      <trkpt lat="35.693474818156666" lon="139.69892472854738">
        <ele>28.4</ele>
        <time>2025-08-30T09:30:00Z</time>
        <extensions>
          <gpxtpx:TrackPointExtension>
            <gpxtpx:hr>84</gpxtpx:hr>
          </gpxtpx:TrackPointExtension>
        </extensions>
      </trkpt>
      <trkpt lat="35.693473139451335" lon="139.69891235036147">
        <ele>28.4</ele>
        <time>2025-08-30T09:30:01Z</time>
        <extensions>
          <gpxtpx:TrackPointExtension>
            <gpxtpx:hr>85</gpxtpx:hr>
          </gpxtpx:TrackPointExtension>
        </extensions>
      </trkpt>
      <trkpt lat="35.693470981740674" lon="139.6988999705928">
        <ele>28.4</ele>
        <time>2025-08-30T09:30:02Z</time>
        <extensions>
          <gpxtpx:TrackPointExtension>
            <gpxtpx:hr>85</gpxtpx:hr>
          </gpxtpx:TrackPointExtension>
        </extensions>
      </trkpt>
      <trkpt lat="35.6934683922161" lon="139.6988869738008">
        <ele>28.4</ele>
        <time>2025-08-30T09:30:03Z</time>
        <extensions>
          <gpxtpx:TrackPointExtension>
            <gpxtpx:hr>85</gpxtpx:hr>
          </gpxtpx:TrackPointExtension>
        </extensions>
      </trkpt>
      <trkpt lat="35.69346510568374" lon="139.69887317337273">
        <ele>28.4</ele>
        <time>2025-08-30T09:30:04Z</time>
        <extensions>
          <gpxtpx:TrackPointExtension>
            <gpxtpx:hr>85</gpxtpx:hr>
          </gpxtpx:TrackPointExtension>
        </extensions>
      </trkpt>
      <trkpt lat="35.693461170805115" lon="139.6988591583813">
        <ele>28.4</ele>
        <time>2025-08-30T09:30:05Z</time>
        <extensions>
          <gpxtpx:TrackPointExtension>
            <gpxtpx:hr>85</gpxtpx:hr>
          </gpxtpx:TrackPointExtension>
        </extensions>
      </trkpt>
      <trkpt lat="35.69345632270234" lon="139.69884545479647">
        <ele>28.2</ele>
        <time>2025-08-30T09:30:06Z</time>
        <extensions>
          <gpxtpx:TrackPointExtension>
            <gpxtpx:hr>86</gpxtpx:hr>
          </gpxtpx:TrackPointExtension>
        </extensions>
      </trkpt>
      <trkpt lat="35.69345098279374" lon="139.69883220156183">
        <ele>28.2</ele>
        <time>2025-08-30T09:30:07Z</time>
        <extensions>
          <gpxtpx:TrackPointExtension>
            <gpxtpx:hr>86</gpxtpx:hr>
          </gpxtpx:TrackPointExtension>
        </extensions>
      </trkpt>
      <trkpt lat="35.69344530840391" lon="139.69882082993925">
        <ele>28.2</ele>
        <time>2025-08-30T09:30:08Z</time>
        <extensions>
          <gpxtpx:TrackPointExtension>
            <gpxtpx:hr>86</gpxtpx:hr>
          </gpxtpx:TrackPointExtension>
        </extensions>
      </trkpt>
      <trkpt lat="35.693441041136644" lon="139.69880831718422">
        <ele>28.2</ele>
        <time>2025-08-30T09:30:09Z</time>
        <extensions>
          <gpxtpx:TrackPointExtension>
            <gpxtpx:hr>86</gpxtpx:hr>
          </gpxtpx:TrackPointExtension>
        </extensions>
      </trkpt>
      <trkpt lat="35.69343799937476" lon="139.6987949694165">
        <ele>28.2</ele>
        <time>2025-08-30T09:30:10Z</time>
        <extensions>
          <gpxtpx:TrackPointExtension>
            <gpxtpx:hr>86</gpxtpx:hr>
          </gpxtpx:TrackPointExtension>
        </extensions>
      </trkpt>
      <trkpt lat="35.69343609189791" lon="139.69877575666968">
        <ele>28.2</ele>
        <time>2025-08-30T09:30:11Z</time>
        <extensions>
          <gpxtpx:TrackPointExtension>
            <gpxtpx:hr>88</gpxtpx:hr>
          </gpxtpx:TrackPointExtension>
        </extensions>
      </trkpt>
      <trkpt lat="35.69343416203613" lon="139.69876028329128">
        <ele>28.2</ele>
        <time>2025-08-30T09:30:12Z</time>
        <extensions>
          <gpxtpx:TrackPointExtension>
            <gpxtpx:hr>88</gpxtpx:hr>
          </gpxtpx:TrackPointExtension>
        </extensions>
      </trkpt>
      <trkpt lat="35.6934322062064" lon="139.69874510834705">
        <ele>28.2</ele>
        <time>2025-08-30T09:30:13Z</time>
        <extensions>
          <gpxtpx:TrackPointExtension>
            <gpxtpx:hr>88</gpxtpx:hr>
          </gpxtpx:TrackPointExtension>
        </extensions>
      </trkpt>
      <trkpt lat="35.69343044905598" lon="139.69873355855174">
        <ele>28.2</ele>
        <time>2025-08-30T09:30:14Z</time>
        <extensions>
          <gpxtpx:TrackPointExtension>
            <gpxtpx:hr>88</gpxtpx:hr>
          </gpxtpx:TrackPointExtension>
        </extensions>
      </trkpt>
      <trkpt lat="35.693428740172" lon="139.69871889534426">
        <ele>28.2</ele>
        <time>2025-08-30T09:30:15Z</time>
        <extensions>
          <gpxtpx:TrackPointExtension>
            <gpxtpx:hr>88</gpxtpx:hr>
          </gpxtpx:TrackPointExtension>
        </extensions>
      </trkpt>
      <trkpt lat="35.69342725449035" lon="139.69870406231476">
        <ele>28.4</ele>
        <time>2025-08-30T09:30:16Z</time>
        <extensions>
          <gpxtpx:TrackPointExtension>
            <gpxtpx:hr>86</gpxtpx:hr>
          </gpxtpx:TrackPointExtension>
        </extensions>
      </trkpt>
      <trkpt lat="35.6934260860632" lon="139.6986894063728">
        <ele>28.4</ele>
        <time>2025-08-30T09:30:17Z</time>
        <extensions>
          <gpxtpx:TrackPointExtension>
            <gpxtpx:hr>86</gpxtpx:hr>
          </gpxtpx:TrackPointExtension>
        </extensions>
      </trkpt>
      <trkpt lat="35.69342529935577" lon="139.69867495817667">
        <ele>28.4</ele>
        <time>2025-08-30T09:30:18Z</time>
        <extensions>
          <gpxtpx:TrackPointExtension>
            <gpxtpx:hr>86</gpxtpx:hr>
          </gpxtpx:TrackPointExtension>
        </extensions>
      </trkpt>
      <trkpt lat="35.69342495007458" lon="139.69866131999817">
        <ele>28.4</ele>
        <time>2025-08-30T09:30:19Z</time>
        <extensions>
          <gpxtpx:TrackPointExtension>
            <gpxtpx:hr>86</gpxtpx:hr>
          </gpxtpx:TrackPointExtension>
        </extensions>
      </trkpt>
      <trkpt lat="35.693425037691895" lon="139.69864805292391">
        <ele>28.4</ele>
        <time>2025-08-30T09:30:20Z</time>
        <extensions>
          <gpxtpx:TrackPointExtension>
            <gpxtpx:hr>86</gpxtpx:hr>
          </gpxtpx:TrackPointExtension>
        </extensions>
      </trkpt>
      <trkpt lat="35.6934256526623" lon="139.6986376022075">
        <ele>28.4</ele>
        <time>2025-08-30T09:30:21Z</time>
        <extensions>
          <gpxtpx:TrackPointExtension>
            <gpxtpx:hr>85</gpxtpx:hr>
          </gpxtpx:TrackPointExtension>
        </extensions>
      </trkpt>
      <trkpt lat="35.69342669408779" lon="139.69862649004241">
        <ele>28.4</ele>
        <time>2025-08-30T09:30:22Z</time>
        <extensions>
          <gpxtpx:TrackPointExtension>
            <gpxtpx:hr>85</gpxtpx:hr>
          </gpxtpx:TrackPointExtension>
        </extensions>
      </trkpt>
      <trkpt lat="35.69342813450539" lon="139.69861501863798">
        <ele>28.4</ele>
        <time>2025-08-30T09:30:23Z</time>
        <extensions>
          <gpxtpx:TrackPointExtension>
            <gpxtpx:hr>85</gpxtpx:hr>
          </gpxtpx:TrackPointExtension>
        </extensions>
      </trkpt>
      <trkpt lat="35.69342985965819" lon="139.69860045416755">
        <ele>28.4</ele>
        <time>2025-08-30T09:30:24Z</time>
        <extensions>
          <gpxtpx:TrackPointExtension>
            <gpxtpx:hr>85</gpxtpx:hr>
          </gpxtpx:TrackPointExtension>
        </extensions>
      </trkpt>
      <trkpt lat="35.693431879853506" lon="139.6985855790695">
        <ele>28.4</ele>
        <time>2025-08-30T09:30:25Z</time>
        <extensions>
          <gpxtpx:TrackPointExtension>
            <gpxtpx:hr>85</gpxtpx:hr>
          </gpxtpx:TrackPointExtension>
        </extensions>
      </trkpt>
      <trkpt lat="35.693434117607026" lon="139.69857041616518">
        <ele>28.4</ele>
        <time>2025-08-30T09:30:26Z</time>
        <extensions>
          <gpxtpx:TrackPointExtension>
            <gpxtpx:hr>86</gpxtpx:hr>
          </gpxtpx:TrackPointExtension>
        </extensions>
      </trkpt>
      <trkpt lat="35.69343637799203" lon="139.69855520862737">
        <ele>28.4</ele>
        <time>2025-08-30T09:30:27Z</time>
        <extensions>
          <gpxtpx:TrackPointExtension>
            <gpxtpx:hr>86</gpxtpx:hr>
          </gpxtpx:TrackPointExtension>
        </extensions>
      </trkpt>
      <trkpt lat="35.693438444328244" lon="139.6985401940647">
        <ele>28.4</ele>
        <time>2025-08-30T09:30:28Z</time>
        <extensions>
          <gpxtpx:TrackPointExtension>
            <gpxtpx:hr>86</gpxtpx:hr>
          </gpxtpx:TrackPointExtension>
        </extensions>
      </trkpt>
      <trkpt lat="35.693440106083884" lon="139.69852519152897">
        <ele>28.4</ele>
        <time>2025-08-30T09:30:29Z</time>
        <extensions>
          <gpxtpx:TrackPointExtension>
            <gpxtpx:hr>86</gpxtpx:hr>
          </gpxtpx:TrackPointExtension>
        </extensions>
      </trkpt>
      <trkpt lat="35.693441253305544" lon="139.6985100157285">
        <ele>28.4</ele>
        <time>2025-08-30T09:30:30Z</time>
        <extensions>
          <gpxtpx:TrackPointExtension>
            <gpxtpx:hr>86</gpxtpx:hr>
          </gpxtpx:TrackPointExtension>
        </extensions>
      </trkpt>
      <trkpt lat="35.69344185598103" lon="139.6984947138013">
        <ele>28.4</ele>
        <time>2025-08-30T09:30:31Z</time>
        <extensions>
          <gpxtpx:TrackPointExtension>
            <gpxtpx:hr>87</gpxtpx:hr>
          </gpxtpx:TrackPointExtension>
        </extensions>
      </trkpt>
      <trkpt lat="35.693441938463366" lon="139.69847931072084">
        <ele>28.4</ele>
        <time>2025-08-30T09:30:32Z</time>
        <extensions>
          <gpxtpx:TrackPointExtension>
            <gpxtpx:hr>87</gpxtpx:hr>
          </gpxtpx:TrackPointExtension>
        </extensions>
      </trkpt>
      <trkpt lat="35.69344157976292" lon="139.6984641923897">
        <ele>28.4</ele>
        <time>2025-08-30T09:30:33Z</time>
        <extensions>
          <gpxtpx:TrackPointExtension>
            <gpxtpx:hr>87</gpxtpx:hr>
          </gpxtpx:TrackPointExtension>
        </extensions>
      </trkpt>
      <trkpt lat="35.69344082960562" lon="139.69844914671398">
        <ele>28.4</ele>
        <time>2025-08-30T09:30:34Z</time>
        <extensions>
          <gpxtpx:TrackPointExtension>
            <gpxtpx:hr>87</gpxtpx:hr>
          </gpxtpx:TrackPointExtension>
        </extensions>
      </trkpt>
      <trkpt lat="35.69343972646123" lon="139.69843411394223">
        <ele>28.4</ele>
        <time>2025-08-30T09:30:35Z</time>
        <extensions>
          <gpxtpx:TrackPointExtension>
            <gpxtpx:hr>87</gpxtpx:hr>
          </gpxtpx:TrackPointExtension>
        </extensions>
      </trkpt>
      <trkpt lat="35.69343826312851" lon="139.69841905745426">
        <ele>28.4</ele>
        <time>2025-08-30T09:30:36Z</time>
        <extensions>
          <gpxtpx:TrackPointExtension>
            <gpxtpx:hr>87</gpxtpx:hr>
          </gpxtpx:TrackPointExtension>
        </extensions>
      </trkpt>
      <trkpt lat="35.69343653149016" lon="139.69840388877483">
        <ele>28.4</ele>
        <time>2025-08-30T09:30:37Z</time>
        <extensions>
          <gpxtpx:TrackPointExtension>
            <gpxtpx:hr>87</gpxtpx:hr>
          </gpxtpx:TrackPointExtension>
        </extensions>
      </trkpt>
      <trkpt lat="35.69343460061621" lon="139.6983885941076">
        <ele>28.4</ele>
        <time>2025-08-30T09:30:38Z</time>
        <extensions>
          <gpxtpx:TrackPointExtension>
            <gpxtpx:hr>87</gpxtpx:hr>
          </gpxtpx:TrackPointExtension>
        </extensions>
      </trkpt>
      <trkpt lat="35.693432543550635" lon="139.69837298606652">
        <ele>28.4</ele>
        <time>2025-08-30T09:30:39Z</time>
        <extensions>
          <gpxtpx:TrackPointExtension>
            <gpxtpx:hr>87</gpxtpx:hr>
          </gpxtpx:TrackPointExtension>
        </extensions>
      </trkpt>
      <trkpt lat="35.693430363414365" lon="139.69835726400743">
        <ele>28.4</ele>
        <time>2025-08-30T09:30:40Z</time>
        <extensions>
          <gpxtpx:TrackPointExtension>
            <gpxtpx:hr>87</gpxtpx:hr>
          </gpxtpx:TrackPointExtension>
        </extensions>
      </trkpt>
      <trkpt lat="35.69342789241967" lon="139.6983416538139">
        <ele>28.4</ele>
        <time>2025-08-30T09:30:41Z</time>
        <extensions>
          <gpxtpx:TrackPointExtension>
            <gpxtpx:hr>87</gpxtpx:hr>
          </gpxtpx:TrackPointExtension>
        </extensions>
      </trkpt>
      <trkpt lat="35.69342513890235" lon="139.69832590653706">
        <ele>28.4</ele>
        <time>2025-08-30T09:30:42Z</time>
        <extensions>
          <gpxtpx:TrackPointExtension>
            <gpxtpx:hr>87</gpxtpx:hr>
          </gpxtpx:TrackPointExtension>
        </extensions>
      </trkpt>
      <trkpt lat="35.693420997828895" lon="139.69831032453015">
        <ele>28.4</ele>
        <time>2025-08-30T09:30:43Z</time>
        <extensions>
          <gpxtpx:TrackPointExtension>
            <gpxtpx:hr>87</gpxtpx:hr>
          </gpxtpx:TrackPointExtension>
        </extensions>
      </trkpt>
      <trkpt lat="35.69341634008834" lon="139.69829438528984">
        <ele>28.4</ele>
        <time>2025-08-30T09:30:44Z</time>
        <extensions>
          <gpxtpx:TrackPointExtension>
            <gpxtpx:hr>87</gpxtpx:hr>
          </gpxtpx:TrackPointExtension>
        </extensions>
      </trkpt>
      <trkpt lat="35.69341142465867" lon="139.69827824042153">
        <ele>28.4</ele>
        <time>2025-08-30T09:30:45Z</time>
        <extensions>
          <gpxtpx:TrackPointExtension>
            <gpxtpx:hr>87</gpxtpx:hr>
          </gpxtpx:TrackPointExtension>
        </extensions>
      </trkpt>
      <trkpt lat="35.69340664225644" lon="139.6982621888316">
        <ele>28.4</ele>
        <time>2025-08-30T09:30:46Z</time>
        <extensions>
          <gpxtpx:TrackPointExtension>
            <gpxtpx:hr>87</gpxtpx:hr>
          </gpxtpx:TrackPointExtension>
        </extensions>
      </trkpt>
      <trkpt lat="35.69340212110957" lon="139.69824735178392">
        <ele>28.4</ele>
        <time>2025-08-30T09:30:47Z</time>
        <extensions>
          <gpxtpx:TrackPointExtension>
            <gpxtpx:hr>87</gpxtpx:hr>
          </gpxtpx:TrackPointExtension>
        </extensions>
      </trkpt>
      <trkpt lat="35.69339673050889" lon="139.69823449136254">
        <ele>28.4</ele>
        <time>2025-08-30T09:30:48Z</time>
        <extensions>
          <gpxtpx:TrackPointExtension>
            <gpxtpx:hr>87</gpxtpx:hr>
          </gpxtpx:TrackPointExtension>
        </extensions>
      </trkpt>
      <trkpt lat="35.69339596910746" lon="139.698220000724">
        <ele>28.4</ele>
        <time>2025-08-30T09:30:49Z</time>
        <extensions>
          <gpxtpx:TrackPointExtension>
            <gpxtpx:hr>87</gpxtpx:hr>
          </gpxtpx:TrackPointExtension>
        </extensions>
      </trkpt>
      <trkpt lat="35.69339663818288" lon="139.6982051436085">
        <ele>28.4</ele>
        <time>2025-08-30T09:30:50Z</time>
        <extensions>
          <gpxtpx:TrackPointExtension>
            <gpxtpx:hr>87</gpxtpx:hr>
          </gpxtpx:TrackPointExtension>
        </extensions>
      </trkpt>
      <trkpt lat="35.69339722406869" lon="139.6981915951942">
        <ele>28.4</ele>
        <time>2025-08-30T09:30:51Z</time>
        <extensions>
          <gpxtpx:TrackPointExtension>
            <gpxtpx:hr>86</gpxtpx:hr>
          </gpxtpx:TrackPointExtension>
        </extensions>
      </trkpt>
      <trkpt lat="35.69339823139246" lon="139.69817719146607">
        <ele>28.4</ele>
        <time>2025-08-30T09:30:52Z</time>
        <extensions>
          <gpxtpx:TrackPointExtension>
            <gpxtpx:hr>86</gpxtpx:hr>
          </gpxtpx:TrackPointExtension>
        </extensions>
      </trkpt>
      <trkpt lat="35.693399196076115" lon="139.69816305405294">
        <ele>28.4</ele>
        <time>2025-08-30T09:30:53Z</time>
        <extensions>
          <gpxtpx:TrackPointExtension>
            <gpxtpx:hr>86</gpxtpx:hr>
          </gpxtpx:TrackPointExtension>
        </extensions>
      </trkpt>
      <trkpt lat="35.69340007949446" lon="139.69814770035038">
        <ele>28.4</ele>
        <time>2025-08-30T09:30:54Z</time>
        <extensions>
          <gpxtpx:TrackPointExtension>
            <gpxtpx:hr>86</gpxtpx:hr>
          </gpxtpx:TrackPointExtension>
        </extensions>
      </trkpt>
      <trkpt lat="35.69339942768243" lon="139.6981337508148">
        <ele>28.4</ele>
        <time>2025-08-30T09:30:55Z</time>
        <extensions>
          <gpxtpx:TrackPointExtension>
            <gpxtpx:hr>86</gpxtpx:hr>
          </gpxtpx:TrackPointExtension>
        </extensions>
      </trkpt>
      <trkpt lat="35.69339725743455" lon="139.69812047425353">
        <ele>28.4</ele>
        <time>2025-08-30T09:30:56Z</time>
        <extensions>
          <gpxtpx:TrackPointExtension>
            <gpxtpx:hr>89</gpxtpx:hr>
          </gpxtpx:TrackPointExtension>
        </extensions>
      </trkpt>
      <trkpt lat="35.693393760908656" lon="139.69810772503752">
        <ele>28.4</ele>
        <time>2025-08-30T09:30:57Z</time>
        <extensions>
          <gpxtpx:TrackPointExtension>
            <gpxtpx:hr>89</gpxtpx:hr>
          </gpxtpx:TrackPointExtension>
        </extensions>
      </trkpt>
      <trkpt lat="35.69338930140703" lon="139.6980950536575">
        <ele>28.4</ele>
        <time>2025-08-30T09:30:58Z</time>
        <extensions>
          <gpxtpx:TrackPointExtension>
            <gpxtpx:hr>89</gpxtpx:hr>
          </gpxtpx:TrackPointExtension>
        </extensions>
      </trkpt>
      <trkpt lat="35.69338396195104" lon="139.6980826789269">
        <ele>28.4</ele>
        <time>2025-08-30T09:30:59Z</time>
        <extensions>
          <gpxtpx:TrackPointExtension>
            <gpxtpx:hr>89</gpxtpx:hr>
          </gpxtpx:TrackPointExtension>
        </extensions>
      </trkpt>
      <trkpt lat="35.69337776795455" lon="139.69807065914193">
        <ele>28.4</ele>
        <time>2025-08-30T09:31:00Z</time>
        <extensions>
          <gpxtpx:TrackPointExtension>
            <gpxtpx:hr>89</gpxtpx:hr>
          </gpxtpx:TrackPointExtension>
        </extensions>
      </trkpt>
      <trkpt lat="35.6933706461341" lon="139.69805885588622">
        <ele>28.4</ele>
        <time>2025-08-30T09:31:01Z</time>
        <extensions>
          <gpxtpx:TrackPointExtension>
            <gpxtpx:hr>88</gpxtpx:hr>
          </gpxtpx:TrackPointExtension>
        </extensions>
      </trkpt>
      <trkpt lat="35.693363933544404" lon="139.6980484850165">
        <ele>28.4</ele>
        <time>2025-08-30T09:31:02Z</time>
        <extensions>
          <gpxtpx:TrackPointExtension>
            <gpxtpx:hr>88</gpxtpx:hr>
          </gpxtpx:TrackPointExtension>
        </extensions>
      </trkpt>
      <trkpt lat="35.69335696392248" lon="139.6980377068165">
        <ele>28.4</ele>
        <time>2025-08-30T09:31:03Z</time>
        <extensions>
          <gpxtpx:TrackPointExtension>
            <gpxtpx:hr>88</gpxtpx:hr>
          </gpxtpx:TrackPointExtension>
        </extensions>
      </trkpt>
      <trkpt lat="35.69335034018459" lon="139.69802704957786">
        <ele>28.4</ele>
        <time>2025-08-30T09:31:04Z</time>
        <extensions>
          <gpxtpx:TrackPointExtension>
            <gpxtpx:hr>88</gpxtpx:hr>
          </gpxtpx:TrackPointExtension>
        </extensions>
      </trkpt>
      <trkpt lat="35.69334281039729" lon="139.69801490471863">
        <ele>28.4</ele>
        <time>2025-08-30T09:31:05Z</time>
        <extensions>
          <gpxtpx:TrackPointExtension>
            <gpxtpx:hr>88</gpxtpx:hr>
          </gpxtpx:TrackPointExtension>
        </extensions>
      </trkpt>
      <trkpt lat="35.69333528253046" lon="139.69800301073917">
        <ele>28.4</ele>
        <time>2025-08-30T09:31:06Z</time>
        <extensions>
          <gpxtpx:TrackPointExtension>
            <gpxtpx:hr>89</gpxtpx:hr>
          </gpxtpx:TrackPointExtension>
        </extensions>
      </trkpt>
      <trkpt lat="35.69332733289473" lon="139.69799138736528">
        <ele>28.4</ele>
        <time>2025-08-30T09:31:07Z</time>
        <extensions>
          <gpxtpx:TrackPointExtension>
            <gpxtpx:hr>89</gpxtpx:hr>
          </gpxtpx:TrackPointExtension>
        </extensions>
      </trkpt>
      <trkpt lat="35.69331908743345" lon="139.6979805025281">
        <ele>28.4</ele>
        <time>2025-08-30T09:31:08Z</time>
        <extensions>
          <gpxtpx:TrackPointExtension>
            <gpxtpx:hr>89</gpxtpx:hr>
          </gpxtpx:TrackPointExtension>
        </extensions>
      </trkpt>
      <trkpt lat="35.69331070255112" lon="139.6979699453332">
        <ele>28.4</ele>
        <time>2025-08-30T09:31:09Z</time>
        <extensions>
          <gpxtpx:TrackPointExtension>
            <gpxtpx:hr>89</gpxtpx:hr>
          </gpxtpx:TrackPointExtension>
        </extensions>
      </trkpt>
      <trkpt lat="35.6933026652397" lon="139.69795938409825">
        <ele>28.4</ele>
        <time>2025-08-30T09:31:10Z</time>
        <extensions>
          <gpxtpx:TrackPointExtension>
            <gpxtpx:hr>89</gpxtpx:hr>
          </gpxtpx:TrackPointExtension>
        </extensions>
      </trkpt>
      <trkpt lat="35.693295749399084" lon="139.69794712251738">
        <ele>28.4</ele>
        <time>2025-08-30T09:31:11Z</time>
        <extensions>
          <gpxtpx:TrackPointExtension>
            <gpxtpx:hr>90</gpxtpx:hr>
          </gpxtpx:TrackPointExtension>
        </extensions>
      </trkpt>
      <trkpt lat="35.69328914123562" lon="139.69793348355898">
        <ele>28.4</ele>
        <time>2025-08-30T09:31:12Z</time>
        <extensions>
          <gpxtpx:TrackPointExtension>
            <gpxtpx:hr>90</gpxtpx:hr>
          </gpxtpx:TrackPointExtension>
        </extensions>
      </trkpt>
      <trkpt lat="35.69328221059829" lon="139.69791848127363">
        <ele>28.4</ele>
        <time>2025-08-30T09:31:13Z</time>
        <extensions>
          <gpxtpx:TrackPointExtension>
            <gpxtpx:hr>90</gpxtpx:hr>
          </gpxtpx:TrackPointExtension>
        </extensions>
      </trkpt>
      <trkpt lat="35.69327385872317" lon="139.69790357254857">
        <ele>28.4</ele>
        <time>2025-08-30T09:31:14Z</time>
        <extensions>
          <gpxtpx:TrackPointExtension>
            <gpxtpx:hr>90</gpxtpx:hr>
          </gpxtpx:TrackPointExtension>
        </extensions>
      </trkpt>
      <trkpt lat="35.69326488042278" lon="139.6978887106522">
        <ele>28.4</ele>
        <time>2025-08-30T09:31:15Z</time>
        <extensions>
          <gpxtpx:TrackPointExtension>
            <gpxtpx:hr>90</gpxtpx:hr>
          </gpxtpx:TrackPointExtension>
        </extensions>
      </trkpt>
      <trkpt lat="35.69325586261545" lon="139.69787376164723">
        <ele>28.4</ele>
        <time>2025-08-30T09:31:16Z</time>
        <extensions>
          <gpxtpx:TrackPointExtension>
            <gpxtpx:hr>90</gpxtpx:hr>
          </gpxtpx:TrackPointExtension>
        </extensions>
      </trkpt>
      <trkpt lat="35.69324740092866" lon="139.69785826945213">
        <ele>28.4</ele>
        <time>2025-08-30T09:31:17Z</time>
        <extensions>
          <gpxtpx:TrackPointExtension>
            <gpxtpx:hr>90</gpxtpx:hr>
          </gpxtpx:TrackPointExtension>
        </extensions>
      </trkpt>
      <trkpt lat="35.693239841966246" lon="139.69784230956424">
        <ele>28.4</ele>
        <time>2025-08-30T09:31:18Z</time>
        <extensions>
          <gpxtpx:TrackPointExtension>
            <gpxtpx:hr>90</gpxtpx:hr>
          </gpxtpx:TrackPointExtension>
        </extensions>
      </trkpt>
      <trkpt lat="35.69323330777729" lon="139.6978263213166">
        <ele>28.4</ele>
        <time>2025-08-30T09:31:19Z</time>
        <extensions>
          <gpxtpx:TrackPointExtension>
            <gpxtpx:hr>90</gpxtpx:hr>
          </gpxtpx:TrackPointExtension>
        </extensions>
      </trkpt>
      <trkpt lat="35.69322783781077" lon="139.6978106953829">
        <ele>28.4</ele>
        <time>2025-08-30T09:31:20Z</time>
        <extensions>
          <gpxtpx:TrackPointExtension>
            <gpxtpx:hr>90</gpxtpx:hr>
          </gpxtpx:TrackPointExtension>
        </extensions>
      </trkpt>
      <trkpt lat="35.693223158084734" lon="139.69779530456412">
        <ele>28.6</ele>
        <time>2025-08-30T09:31:21Z</time>
        <extensions>
          <gpxtpx:TrackPointExtension>
            <gpxtpx:hr>93</gpxtpx:hr>
          </gpxtpx:TrackPointExtension>
        </extensions>
      </trkpt>
      <trkpt lat="35.6932187689481" lon="139.69777988685266">
        <ele>28.6</ele>
        <time>2025-08-30T09:31:22Z</time>
        <extensions>
          <gpxtpx:TrackPointExtension>
            <gpxtpx:hr>93</gpxtpx:hr>
          </gpxtpx:TrackPointExtension>
        </extensions>
      </trkpt>
      <trkpt lat="35.69321343616917" lon="139.69776220534493">
        <ele>28.6</ele>
        <time>2025-08-30T09:31:23Z</time>
        <extensions>
          <gpxtpx:TrackPointExtension>
            <gpxtpx:hr>93</gpxtpx:hr>
          </gpxtpx:TrackPointExtension>
        </extensions>
      </trkpt>
      <trkpt lat="35.69320732633154" lon="139.6977428624523">
        <ele>28.6</ele>
        <time>2025-08-30T09:31:24Z</time>
        <extensions>
          <gpxtpx:TrackPointExtension>
            <gpxtpx:hr>93</gpxtpx:hr>
          </gpxtpx:TrackPointExtension>
        </extensions>
      </trkpt>
      <trkpt lat="35.69320088593261" lon="139.69772263795082">
        <ele>28.6</ele>
        <time>2025-08-30T09:31:26Z</time>
        <extensions>
          <gpxtpx:TrackPointExtension>
            <gpxtpx:hr>93</gpxtpx:hr>
          </gpxtpx:TrackPointExtension>
        </extensions>
      </trkpt>
      <trkpt lat="35.69319541563536" lon="139.69770519605598">
        <ele>28.6</ele>
        <time>2025-08-30T09:31:27Z</time>
        <extensions>
          <gpxtpx:TrackPointExtension>
            <gpxtpx:hr>93</gpxtpx:hr>
          </gpxtpx:TrackPointExtension>
        </extensions>
      </trkpt>
      <trkpt lat="35.69319071112566" lon="139.69769082479502">
        <ele>28.6</ele>
        <time>2025-08-30T09:31:28Z</time>
        <extensions>
          <gpxtpx:TrackPointExtension>
            <gpxtpx:hr>93</gpxtpx:hr>
          </gpxtpx:TrackPointExtension>
        </extensions>
      </trkpt>
      <trkpt lat="35.693186353663435" lon="139.69767942319172">
        <ele>28.6</ele>
        <time>2025-08-30T09:31:29Z</time>
        <extensions>
          <gpxtpx:TrackPointExtension>
            <gpxtpx:hr>93</gpxtpx:hr>
          </gpxtpx:TrackPointExtension>
        </extensions>
      </trkpt>
      <trkpt lat="35.69318178281539" lon="139.69766984059052">
        <ele>28.6</ele>
        <time>2025-08-30T09:31:30Z</time>
        <extensions>
          <gpxtpx:TrackPointExtension>
            <gpxtpx:hr>93</gpxtpx:hr>
          </gpxtpx:TrackPointExtension>
        </extensions>
      </trkpt>
      <trkpt lat="35.69317802474957" lon="139.69766308365072">
        <ele>28.9</ele>
        <time>2025-08-30T09:31:31Z</time>
        <extensions>
          <gpxtpx:TrackPointExtension>
            <gpxtpx:hr>93</gpxtpx:hr>
          </gpxtpx:TrackPointExtension>
        </extensions>
      </trkpt>
      <trkpt lat="35.693174414108434" lon="139.69765672703525">
        <ele>28.9</ele>
        <time>2025-08-30T09:31:32Z</time>
        <extensions>
          <gpxtpx:TrackPointExtension>
            <gpxtpx:hr>93</gpxtpx:hr>
          </gpxtpx:TrackPointExtension>
        </extensions>
      </trkpt>
      <trkpt lat="35.693171594189394" lon="139.697650854647">
        <ele>28.9</ele>
        <time>2025-08-30T09:31:33Z</time>
        <extensions>
          <gpxtpx:TrackPointExtension>
            <gpxtpx:hr>93</gpxtpx:hr>
          </gpxtpx:TrackPointExtension>
        </extensions>
      </trkpt>
      <trkpt lat="35.69316813073083" lon="139.69764319042054">
        <ele>28.9</ele>
        <time>2025-08-30T09:31:34Z</time>
        <extensions>
          <gpxtpx:TrackPointExtension>
            <gpxtpx:hr>93</gpxtpx:hr>
          </gpxtpx:TrackPointExtension>
        </extensions>
      </trkpt>
      <trkpt lat="35.693165277504185" lon="139.69763726150308">
        <ele>28.9</ele>
        <time>2025-08-30T09:31:35Z</time>
        <extensions>
          <gpxtpx:TrackPointExtension>
            <gpxtpx:hr>93</gpxtpx:hr>
          </gpxtpx:TrackPointExtension>
        </extensions>
      </trkpt>
      <trkpt lat="35.69316148380956" lon="139.6976316638928">
        <ele>29.4</ele>
        <time>2025-08-30T09:31:36Z</time>
        <extensions>
          <gpxtpx:TrackPointExtension>
            <gpxtpx:hr>94</gpxtpx:hr>
          </gpxtpx:TrackPointExtension>
        </extensions>
      </trkpt>
      <trkpt lat="35.69315685424251" lon="139.69762704861918">
        <ele>29.4</ele>
        <time>2025-08-30T09:31:37Z</time>
        <extensions>
          <gpxtpx:TrackPointExtension>
            <gpxtpx:hr>94</gpxtpx:hr>
          </gpxtpx:TrackPointExtension>
        </extensions>
      </trkpt>
      <trkpt lat="35.69315055927474" lon="139.69762180632392">
        <ele>29.4</ele>
        <time>2025-08-30T09:31:38Z</time>
        <extensions>
          <gpxtpx:TrackPointExtension>
            <gpxtpx:hr>94</gpxtpx:hr>
          </gpxtpx:TrackPointExtension>
        </extensions>
      </trkpt>
      <trkpt lat="35.69314516993879" lon="139.69761820575616">
        <ele>29.4</ele>
        <time>2025-08-30T09:31:39Z</time>
        <extensions>
          <gpxtpx:TrackPointExtension>
            <gpxtpx:hr>94</gpxtpx:hr>
          </gpxtpx:TrackPointExtension>
        </extensions>
      </trkpt>
      <trkpt lat="35.693140013096055" lon="139.6976148554459">
        <ele>29.4</ele>
        <time>2025-08-30T09:31:40Z</time>
        <extensions>
          <gpxtpx:TrackPointExtension>
            <gpxtpx:hr>94</gpxtpx:hr>
          </gpxtpx:TrackPointExtension>
        </extensions>
      </trkpt>
      <trkpt lat="35.693137096678775" lon="139.69761245661837">
        <ele>30.5</ele>
        <time>2025-08-30T09:31:41Z</time>
        <extensions>
          <gpxtpx:TrackPointExtension>
            <gpxtpx:hr>92</gpxtpx:hr>
          </gpxtpx:TrackPointExtension>
        </extensions>
      </trkpt>
      <trkpt lat="35.693133644752514" lon="139.69760840582512">
        <ele>30.5</ele>
        <time>2025-08-30T09:31:42Z</time>
        <extensions>
          <gpxtpx:TrackPointExtension>
            <gpxtpx:hr>92</gpxtpx:hr>
          </gpxtpx:TrackPointExtension>
        </extensions>
      </trkpt>
      <trkpt lat="35.69313094963554" lon="139.69760347878545">
        <ele>30.5</ele>
        <time>2025-08-30T09:31:43Z</time>
        <extensions>
          <gpxtpx:TrackPointExtension>
            <gpxtpx:hr>92</gpxtpx:hr>
          </gpxtpx:TrackPointExtension>
        </extensions>
      </trkpt>
      <trkpt lat="35.69312773137861" lon="139.69759599685077">
        <ele>30.5</ele>
        <time>2025-08-30T09:31:44Z</time>
        <extensions>
          <gpxtpx:TrackPointExtension>
            <gpxtpx:hr>92</gpxtpx:hr>
          </gpxtpx:TrackPointExtension>
        </extensions>
      </trkpt>
      <trkpt lat="35.6931257869566" lon="139.69758699086415">
        <ele>30.5</ele>
        <time>2025-08-30T09:31:45Z</time>
        <extensions>
          <gpxtpx:TrackPointExtension>
            <gpxtpx:hr>92</gpxtpx:hr>
          </gpxtpx:TrackPointExtension>
        </extensions>
      </trkpt>
      <trkpt lat="35.693125072457406" lon="139.69757622803448">
        <ele>31.9</ele>
        <time>2025-08-30T09:31:46Z</time>
        <extensions>
          <gpxtpx:TrackPointExtension>
            <gpxtpx:hr>108</gpxtpx:hr>
          </gpxtpx:TrackPointExtension>
        </extensions>
      </trkpt>
      <trkpt lat="35.69312510605748" lon="139.69756366483855">
        <ele>31.9</ele>
        <time>2025-08-30T09:31:47Z</time>
        <extensions>
          <gpxtpx:TrackPointExtension>
            <gpxtpx:hr>108</gpxtpx:hr>
          </gpxtpx:TrackPointExtension>
        </extensions>
      </trkpt>
      <trkpt lat="35.69312514301068" lon="139.69755212529435">
        <ele>31.9</ele>
        <time>2025-08-30T09:31:48Z</time>
        <extensions>
          <gpxtpx:TrackPointExtension>
            <gpxtpx:hr>108</gpxtpx:hr>
          </gpxtpx:TrackPointExtension>
        </extensions>
      </trkpt>
      <trkpt lat="35.693124700790705" lon="139.6975409281808">
        <ele>31.9</ele>
        <time>2025-08-30T09:31:49Z</time>
        <extensions>
          <gpxtpx:TrackPointExtension>
            <gpxtpx:hr>108</gpxtpx:hr>
          </gpxtpx:TrackPointExtension>
        </extensions>
      </trkpt>
      <trkpt lat="35.693123094151815" lon="139.6975319606601">
        <ele>31.9</ele>
        <time>2025-08-30T09:31:50Z</time>
        <extensions>
          <gpxtpx:TrackPointExtension>
            <gpxtpx:hr>108</gpxtpx:hr>
          </gpxtpx:TrackPointExtension>
        </extensions>
      </trkpt>
      <trkpt lat="35.693120950731185" lon="139.69752480831548">
        <ele>33.3</ele>
        <time>2025-08-30T09:31:51Z</time>
        <extensions>
          <gpxtpx:TrackPointExtension>
            <gpxtpx:hr>105</gpxtpx:hr>
          </gpxtpx:TrackPointExtension>
        </extensions>
      </trkpt>
      <trkpt lat="35.69311851838141" lon="139.69752096655873">
        <ele>33.3</ele>
        <time>2025-08-30T09:31:52Z</time>
        <extensions>
          <gpxtpx:TrackPointExtension>
            <gpxtpx:hr>105</gpxtpx:hr>
          </gpxtpx:TrackPointExtension>
        </extensions>
      </trkpt>
      <trkpt lat="35.693116838881465" lon="139.69751984277087">
        <ele>33.3</ele>
        <time>2025-08-30T09:31:53Z</time>
        <extensions>
          <gpxtpx:TrackPointExtension>
            <gpxtpx:hr>105</gpxtpx:hr>
          </gpxtpx:TrackPointExtension>
        </extensions>
      </trkpt>
      <trkpt lat="35.6931162788364" lon="139.69751793849457">
        <ele>33.3</ele>
        <time>2025-08-30T09:31:54Z</time>
        <extensions>
          <gpxtpx:TrackPointExtension>
            <gpxtpx:hr>105</gpxtpx:hr>
          </gpxtpx:TrackPointExtension>
        </extensions>
      </trkpt>
      <trkpt lat="35.693117996532095" lon="139.69751319833878">
        <ele>33.3</ele>
        <time>2025-08-30T09:31:55Z</time>
        <extensions>
          <gpxtpx:TrackPointExtension>
            <gpxtpx:hr>105</gpxtpx:hr>
          </gpxtpx:TrackPointExtension>
        </extensions>
      </trkpt>
      <trkpt lat="35.69312295701818" lon="139.6975042655227">
        <ele>34.3</ele>
        <time>2025-08-30T09:31:56Z</time>
        <extensions>
          <gpxtpx:TrackPointExtension>
            <gpxtpx:hr>107</gpxtpx:hr>
          </gpxtpx:TrackPointExtension>
        </extensions>
      </trkpt>
      <trkpt lat="35.6931310765523" lon="139.6974922560434">
        <ele>34.3</ele>
        <time>2025-08-30T09:31:57Z</time>
        <extensions>
          <gpxtpx:TrackPointExtension>
            <gpxtpx:hr>107</gpxtpx:hr>
          </gpxtpx:TrackPointExtension>
        </extensions>
      </trkpt>
      <trkpt lat="35.693141890747505" lon="139.69747924811725">
        <ele>34.3</ele>
        <time>2025-08-30T09:31:58Z</time>
        <extensions>
          <gpxtpx:TrackPointExtension>
            <gpxtpx:hr>107</gpxtpx:hr>
          </gpxtpx:TrackPointExtension>
        </extensions>
      </trkpt>
      <trkpt lat="35.6931543293145" lon="139.69746660548773">
        <ele>34.3</ele>
        <time>2025-08-30T09:31:59Z</time>
        <extensions>
          <gpxtpx:TrackPointExtension>
            <gpxtpx:hr>107</gpxtpx:hr>
          </gpxtpx:TrackPointExtension>
        </extensions>
      </trkpt>
      <trkpt lat="35.693168512471125" lon="139.69745483803308">
        <ele>34.3</ele>
        <time>2025-08-30T09:32:00Z</time>
        <extensions>
          <gpxtpx:TrackPointExtension>
            <gpxtpx:hr>107</gpxtpx:hr>
          </gpxtpx:TrackPointExtension>
        </extensions>
      </trkpt>
      <trkpt lat="35.69318364938132" lon="139.69744414117844">
        <ele>34.5</ele>
        <time>2025-08-30T09:32:01Z</time>
        <extensions>
          <gpxtpx:TrackPointExtension>
            <gpxtpx:hr>108</gpxtpx:hr>
          </gpxtpx:TrackPointExtension>
        </extensions>
      </trkpt>
      <trkpt lat="35.69319945078825" lon="139.6974345523653">
        <ele>34.5</ele>
        <time>2025-08-30T09:32:02Z</time>
        <extensions>
          <gpxtpx:TrackPointExtension>
            <gpxtpx:hr>108</gpxtpx:hr>
          </gpxtpx:TrackPointExtension>
        </extensions>
      </trkpt>
      <trkpt lat="35.693215026510074" lon="139.69742615215017">
        <ele>34.5</ele>
        <time>2025-08-30T09:32:03Z</time>
        <extensions>
          <gpxtpx:TrackPointExtension>
            <gpxtpx:hr>108</gpxtpx:hr>
          </gpxtpx:TrackPointExtension>
        </extensions>
      </trkpt>
      <trkpt lat="35.693229966234895" lon="139.69741881962938">
        <ele>34.5</ele>
        <time>2025-08-30T09:32:04Z</time>
        <extensions>
          <gpxtpx:TrackPointExtension>
            <gpxtpx:hr>108</gpxtpx:hr>
          </gpxtpx:TrackPointExtension>
        </extensions>
      </trkpt>
      <trkpt lat="35.6932444911458" lon="139.69741266166685">
        <ele>34.5</ele>
        <time>2025-08-30T09:32:05Z</time>
        <extensions>
          <gpxtpx:TrackPointExtension>
            <gpxtpx:hr>108</gpxtpx:hr>
          </gpxtpx:TrackPointExtension>
        </extensions>
      </trkpt>
      <trkpt lat="35.693258459601765" lon="139.69740762511418">
        <ele>34.8</ele>
        <time>2025-08-30T09:32:06Z</time>
        <extensions>
          <gpxtpx:TrackPointExtension>
            <gpxtpx:hr>107</gpxtpx:hr>
          </gpxtpx:TrackPointExtension>
        </extensions>
      </trkpt>
      <trkpt lat="35.69327228415994" lon="139.69740314192669">
        <ele>34.8</ele>
        <time>2025-08-30T09:32:07Z</time>
        <extensions>
          <gpxtpx:TrackPointExtension>
            <gpxtpx:hr>107</gpxtpx:hr>
          </gpxtpx:TrackPointExtension>
        </extensions>
      </trkpt>
      <trkpt lat="35.69328540947649" lon="139.69739873758016">
        <ele>34.8</ele>
        <time>2025-08-30T09:32:08Z</time>
        <extensions>
          <gpxtpx:TrackPointExtension>
            <gpxtpx:hr>107</gpxtpx:hr>
          </gpxtpx:TrackPointExtension>
        </extensions>
      </trkpt>
      <trkpt lat="35.6932980490433" lon="139.69739392560408">
        <ele>34.8</ele>
        <time>2025-08-30T09:32:09Z</time>
        <extensions>
          <gpxtpx:TrackPointExtension>
            <gpxtpx:hr>107</gpxtpx:hr>
          </gpxtpx:TrackPointExtension>
        </extensions>
      </trkpt>
      <trkpt lat="35.69331010021938" lon="139.69738918223376">
        <ele>34.8</ele>
        <time>2025-08-30T09:32:10Z</time>
        <extensions>
          <gpxtpx:TrackPointExtension>
            <gpxtpx:hr>107</gpxtpx:hr>
          </gpxtpx:TrackPointExtension>
        </extensions>
      </trkpt>
      <trkpt lat="35.69332207569876" lon="139.69738421978406">
        <ele>34.8</ele>
        <time>2025-08-30T09:32:11Z</time>
        <extensions>
          <gpxtpx:TrackPointExtension>
            <gpxtpx:hr>107</gpxtpx:hr>
          </gpxtpx:TrackPointExtension>
        </extensions>
      </trkpt>
      <trkpt lat="35.693334269410045" lon="139.69737912782645">
        <ele>34.8</ele>
        <time>2025-08-30T09:32:12Z</time>
        <extensions>
          <gpxtpx:TrackPointExtension>
            <gpxtpx:hr>107</gpxtpx:hr>
          </gpxtpx:TrackPointExtension>
        </extensions>
      </trkpt>
      <trkpt lat="35.693347000375205" lon="139.69737338206636">
        <ele>34.8</ele>
        <time>2025-08-30T09:32:13Z</time>
        <extensions>
          <gpxtpx:TrackPointExtension>
            <gpxtpx:hr>107</gpxtpx:hr>
          </gpxtpx:TrackPointExtension>
        </extensions>
      </trkpt>
      <trkpt lat="35.69336036191521" lon="139.69736705372134">
        <ele>34.8</ele>
        <time>2025-08-30T09:32:14Z</time>
        <extensions>
          <gpxtpx:TrackPointExtension>
            <gpxtpx:hr>107</gpxtpx:hr>
          </gpxtpx:TrackPointExtension>
        </extensions>
      </trkpt>
      <trkpt lat="35.69337413698258" lon="139.69736052966218">
        <ele>34.8</ele>
        <time>2025-08-30T09:32:15Z</time>
        <extensions>
          <gpxtpx:TrackPointExtension>
            <gpxtpx:hr>107</gpxtpx:hr>
          </gpxtpx:TrackPointExtension>
        </extensions>
      </trkpt>
      <trkpt lat="35.69338823168281" lon="139.69735428574586">
        <ele>34.8</ele>
        <time>2025-08-30T09:32:16Z</time>
        <extensions>
          <gpxtpx:TrackPointExtension>
            <gpxtpx:hr>106</gpxtpx:hr>
          </gpxtpx:TrackPointExtension>
        </extensions>
      </trkpt>
      <trkpt lat="35.693402673997184" lon="139.6973486344195">
        <ele>34.8</ele>
        <time>2025-08-30T09:32:17Z</time>
        <extensions>
          <gpxtpx:TrackPointExtension>
            <gpxtpx:hr>106</gpxtpx:hr>
          </gpxtpx:TrackPointExtension>
        </extensions>
      </trkpt>
      <trkpt lat="35.69341561101108" lon="139.6973439891108">
        <ele>34.8</ele>
        <time>2025-08-30T09:32:18Z</time>
        <extensions>
          <gpxtpx:TrackPointExtension>
            <gpxtpx:hr>106</gpxtpx:hr>
          </gpxtpx:TrackPointExtension>
        </extensions>
      </trkpt>
      <trkpt lat="35.69342794753233" lon="139.69733954262847">
        <ele>34.8</ele>
        <time>2025-08-30T09:32:19Z</time>
        <extensions>
          <gpxtpx:TrackPointExtension>
            <gpxtpx:hr>106</gpxtpx:hr>
          </gpxtpx:TrackPointExtension>
        </extensions>
      </trkpt>
      <trkpt lat="35.69343867375478" lon="139.6973351982102">
        <ele>34.8</ele>
        <time>2025-08-30T09:32:20Z</time>
        <extensions>
          <gpxtpx:TrackPointExtension>
            <gpxtpx:hr>106</gpxtpx:hr>
          </gpxtpx:TrackPointExtension>
        </extensions>
      </trkpt>
      <trkpt lat="35.69344978346302" lon="139.6973303387082">
        <ele>34.8</ele>
        <time>2025-08-30T09:32:21Z</time>
        <extensions>
          <gpxtpx:TrackPointExtension>
            <gpxtpx:hr>102</gpxtpx:hr>
          </gpxtpx:TrackPointExtension>
        </extensions>
      </trkpt>
      <trkpt lat="35.69346067089049" lon="139.69732573654073">
        <ele>34.8</ele>
        <time>2025-08-30T09:32:22Z</time>
        <extensions>
          <gpxtpx:TrackPointExtension>
            <gpxtpx:hr>102</gpxtpx:hr>
          </gpxtpx:TrackPointExtension>
        </extensions>
      </trkpt>
      <trkpt lat="35.69347033119458" lon="139.69732205376508">
        <ele>34.8</ele>
        <time>2025-08-30T09:32:23Z</time>
        <extensions>
          <gpxtpx:TrackPointExtension>
            <gpxtpx:hr>102</gpxtpx:hr>
          </gpxtpx:TrackPointExtension>
        </extensions>
      </trkpt>
      <trkpt lat="35.69347915662919" lon="139.69731941375824">
        <ele>34.8</ele>
        <time>2025-08-30T09:32:24Z</time>
        <extensions>
          <gpxtpx:TrackPointExtension>
            <gpxtpx:hr>102</gpxtpx:hr>
          </gpxtpx:TrackPointExtension>
        </extensions>
      </trkpt>
      <trkpt lat="35.69348558046458" lon="139.6973175983693">
        <ele>34.8</ele>
        <time>2025-08-30T09:32:25Z</time>
        <extensions>
          <gpxtpx:TrackPointExtension>
            <gpxtpx:hr>102</gpxtpx:hr>
          </gpxtpx:TrackPointExtension>
        </extensions>
      </trkpt>
      <trkpt lat="35.69349225526594" lon="139.6973144338856">
        <ele>34.8</ele>
        <time>2025-08-30T09:32:26Z</time>
        <extensions>
          <gpxtpx:TrackPointExtension>
            <gpxtpx:hr>100</gpxtpx:hr>
          </gpxtpx:TrackPointExtension>
        </extensions>
      </trkpt>
      <trkpt lat="35.69349739523156" lon="139.69731076020787">
        <ele>34.8</ele>
        <time>2025-08-30T09:32:27Z</time>
        <extensions>
          <gpxtpx:TrackPointExtension>
            <gpxtpx:hr>100</gpxtpx:hr>
          </gpxtpx:TrackPointExtension>
        </extensions>
      </trkpt>
      <trkpt lat="35.69350210539131" lon="139.69730633516855">
        <ele>34.8</ele>
        <time>2025-08-30T09:32:28Z</time>
        <extensions>
          <gpxtpx:TrackPointExtension>
            <gpxtpx:hr>100</gpxtpx:hr>
          </gpxtpx:TrackPointExtension>
        </extensions>
      </trkpt>
      <trkpt lat="35.69350538124777" lon="139.6973031831274">
        <ele>34.8</ele>
        <time>2025-08-30T09:32:29Z</time>
        <extensions>
          <gpxtpx:TrackPointExtension>
            <gpxtpx:hr>100</gpxtpx:hr>
          </gpxtpx:TrackPointExtension>
        </extensions>
      </trkpt>
      <trkpt lat="35.69350802541883" lon="139.69729948364346">
        <ele>34.8</ele>
        <time>2025-08-30T09:32:30Z</time>
        <extensions>
          <gpxtpx:TrackPointExtension>
            <gpxtpx:hr>100</gpxtpx:hr>
          </gpxtpx:TrackPointExtension>
        </extensions>
      </trkpt>
      <trkpt lat="35.69350921369016" lon="139.69729576088875">
        <ele>34.8</ele>
        <time>2025-08-30T09:32:31Z</time>
        <extensions>
          <gpxtpx:TrackPointExtension>
            <gpxtpx:hr>101</gpxtpx:hr>
          </gpxtpx:TrackPointExtension>
        </extensions>
      </trkpt>
      <trkpt lat="35.693508467687764" lon="139.69729259633286">
        <ele>34.8</ele>
        <time>2025-08-30T09:32:32Z</time>
        <extensions>
          <gpxtpx:TrackPointExtension>
            <gpxtpx:hr>101</gpxtpx:hr>
          </gpxtpx:TrackPointExtension>
        </extensions>
      </trkpt>
      <trkpt lat="35.693506805182835" lon="139.6972913667179">
        <ele>34.8</ele>
        <time>2025-08-30T09:32:33Z</time>
        <extensions>
          <gpxtpx:TrackPointExtension>
            <gpxtpx:hr>101</gpxtpx:hr>
          </gpxtpx:TrackPointExtension>
        </extensions>
      </trkpt>
      <trkpt lat="35.69350336148906" lon="139.69729196808473">
        <ele>34.8</ele>
        <time>2025-08-30T09:32:34Z</time>
        <extensions>
          <gpxtpx:TrackPointExtension>
            <gpxtpx:hr>101</gpxtpx:hr>
          </gpxtpx:TrackPointExtension>
        </extensions>
      </trkpt>
      <trkpt lat="35.693499869104606" lon="139.69729339046805">
        <ele>34.8</ele>
        <time>2025-08-30T09:32:35Z</time>
        <extensions>
          <gpxtpx:TrackPointExtension>
            <gpxtpx:hr>101</gpxtpx:hr>
          </gpxtpx:TrackPointExtension>
        </extensions>
      </trkpt>
      <trkpt lat="35.693496343294775" lon="139.69729588574148">
        <ele>34.8</ele>
        <time>2025-08-30T09:32:36Z</time>
        <extensions>
          <gpxtpx:TrackPointExtension>
            <gpxtpx:hr>100</gpxtpx:hr>
          </gpxtpx:TrackPointExtension>
        </extensions>
      </trkpt>
      <trkpt lat="35.69349323360888" lon="139.69729790597214">
        <ele>34.8</ele>
        <time>2025-08-30T09:32:37Z</time>
        <extensions>
          <gpxtpx:TrackPointExtension>
            <gpxtpx:hr>100</gpxtpx:hr>
          </gpxtpx:TrackPointExtension>
        </extensions>
      </trkpt>
      <trkpt lat="35.69349004339557" lon="139.69729915577307">
        <ele>34.8</ele>
        <time>2025-08-30T09:32:38Z</time>
        <extensions>
          <gpxtpx:TrackPointExtension>
            <gpxtpx:hr>100</gpxtpx:hr>
          </gpxtpx:TrackPointExtension>
        </extensions>
      </trkpt>
      <trkpt lat="35.69348721882294" lon="139.69730027033097">
        <ele>34.8</ele>
        <time>2025-08-30T09:32:39Z</time>
        <extensions>
          <gpxtpx:TrackPointExtension>
            <gpxtpx:hr>100</gpxtpx:hr>
          </gpxtpx:TrackPointExtension>
        </extensions>
      </trkpt>
      <trkpt lat="35.69348565672201" lon="139.6973010540408">
        <ele>34.8</ele>
        <time>2025-08-30T09:32:40Z</time>
        <extensions>
          <gpxtpx:TrackPointExtension>
            <gpxtpx:hr>100</gpxtpx:hr>
          </gpxtpx:TrackPointExtension>
        </extensions>
      </trkpt>
      <trkpt lat="35.69348511790886" lon="139.69730171883785">
        <ele>34.8</ele>
        <time>2025-08-30T09:32:41Z</time>
        <extensions>
          <gpxtpx:TrackPointExtension>
            <gpxtpx:hr>97</gpxtpx:hr>
          </gpxtpx:TrackPointExtension>
        </extensions>
      </trkpt>
      <trkpt lat="35.69348511395718" lon="139.6973003732424">
        <ele>34.8</ele>
        <time>2025-08-30T09:32:42Z</time>
        <extensions>
          <gpxtpx:TrackPointExtension>
            <gpxtpx:hr>97</gpxtpx:hr>
          </gpxtpx:TrackPointExtension>
        </extensions>
      </trkpt>
      <trkpt lat="35.69348605513218" lon="139.6973002103387">
        <ele>34.8</ele>
        <time>2025-08-30T09:32:43Z</time>
        <extensions>
          <gpxtpx:TrackPointExtension>
            <gpxtpx:hr>97</gpxtpx:hr>
          </gpxtpx:TrackPointExtension>
        </extensions>
      </trkpt>
      <trkpt lat="35.69348815490564" lon="139.69730147622977">
        <ele>34.8</ele>
        <time>2025-08-30T09:32:44Z</time>
        <extensions>
          <gpxtpx:TrackPointExtension>
            <gpxtpx:hr>97</gpxtpx:hr>
          </gpxtpx:TrackPointExtension>
        </extensions>
      </trkpt>
      <trkpt lat="35.69348831873443" lon="139.69730142590248">
        <ele>34.8</ele>
        <time>2025-08-30T09:32:45Z</time>
        <extensions>
          <gpxtpx:TrackPointExtension>
            <gpxtpx:hr>97</gpxtpx:hr>
          </gpxtpx:TrackPointExtension>
        </extensions>
      </trkpt>
      <trkpt lat="35.69348913621373" lon="139.69730175770738">
        <ele>34.8</ele>
        <time>2025-08-30T09:32:46Z</time>
        <extensions>
          <gpxtpx:TrackPointExtension>
            <gpxtpx:hr>94</gpxtpx:hr>
          </gpxtpx:TrackPointExtension>
        </extensions>
      </trkpt>
      <trkpt lat="35.69348791929232" lon="139.6973002591201">
        <ele>34.8</ele>
        <time>2025-08-30T09:32:47Z</time>
        <extensions>
          <gpxtpx:TrackPointExtension>
            <gpxtpx:hr>94</gpxtpx:hr>
          </gpxtpx:TrackPointExtension>
        </extensions>
      </trkpt>
      <trkpt lat="35.69348892914714" lon="139.69730147134592">
        <ele>34.8</ele>
        <time>2025-08-30T09:32:48Z</time>
        <extensions>
          <gpxtpx:TrackPointExtension>
            <gpxtpx:hr>94</gpxtpx:hr>
          </gpxtpx:TrackPointExtension>
        </extensions>
      </trkpt>
      <trkpt lat="35.69348849946804" lon="139.6973013525196">
        <ele>34.8</ele>
        <time>2025-08-30T09:32:49Z</time>
        <extensions>
          <gpxtpx:TrackPointExtension>
            <gpxtpx:hr>94</gpxtpx:hr>
          </gpxtpx:TrackPointExtension>
        </extensions>
      </trkpt>
      <trkpt lat="35.693489643642536" lon="139.69730220406166">
        <ele>34.8</ele>
        <time>2025-08-30T09:32:50Z</time>
        <extensions>
          <gpxtpx:TrackPointExtension>
            <gpxtpx:hr>94</gpxtpx:hr>
          </gpxtpx:TrackPointExtension>
        </extensions>
      </trkpt>
      <trkpt lat="35.69348974914362" lon="139.69730241493735">
        <ele>34.8</ele>
        <time>2025-08-30T09:32:51Z</time>
        <extensions>
          <gpxtpx:TrackPointExtension>
            <gpxtpx:hr>86</gpxtpx:hr>
          </gpxtpx:TrackPointExtension>
        </extensions>
      </trkpt>
      <trkpt lat="35.69349041358983" lon="139.69730283300498">
        <ele>34.8</ele>
        <time>2025-08-30T09:32:52Z</time>
        <extensions>
          <gpxtpx:TrackPointExtension>
            <gpxtpx:hr>86</gpxtpx:hr>
          </gpxtpx:TrackPointExtension>
        </extensions>
      </trkpt>
      <trkpt lat="35.69349051960185" lon="139.69730300411325">
        <ele>34.8</ele>
        <time>2025-08-30T09:32:53Z</time>
        <extensions>
          <gpxtpx:TrackPointExtension>
            <gpxtpx:hr>86</gpxtpx:hr>
          </gpxtpx:TrackPointExtension>
        </extensions>
      </trkpt>
      <trkpt lat="35.6934910062246" lon="139.69730319161">
        <ele>34.8</ele>
        <time>2025-08-30T09:32:54Z</time>
        <extensions>
          <gpxtpx:TrackPointExtension>
            <gpxtpx:hr>86</gpxtpx:hr>
          </gpxtpx:TrackPointExtension>
        </extensions>
      </trkpt>
      <trkpt lat="35.693491279038646" lon="139.69730328820353">
        <ele>34.8</ele>
        <time>2025-08-30T09:32:55Z</time>
        <extensions>
          <gpxtpx:TrackPointExtension>
            <gpxtpx:hr>86</gpxtpx:hr>
          </gpxtpx:TrackPointExtension>
        </extensions>
      </trkpt>
      <trkpt lat="35.69349156116015" lon="139.6973033507221">
        <ele>34.8</ele>
        <time>2025-08-30T09:32:56Z</time>
        <extensions>
          <gpxtpx:TrackPointExtension>
            <gpxtpx:hr>83</gpxtpx:hr>
          </gpxtpx:TrackPointExtension>
        </extensions>
      </trkpt>
      <trkpt lat="35.693491908534455" lon="139.69730337538732">
        <ele>34.8</ele>
        <time>2025-08-30T09:32:57Z</time>
        <extensions>
          <gpxtpx:TrackPointExtension>
            <gpxtpx:hr>83</gpxtpx:hr>
          </gpxtpx:TrackPointExtension>
        </extensions>
      </trkpt>
      <trkpt lat="35.693492279262735" lon="139.6973033654151">
        <ele>34.8</ele>
        <time>2025-08-30T09:32:58Z</time>
        <extensions>
          <gpxtpx:TrackPointExtension>
            <gpxtpx:hr>83</gpxtpx:hr>
          </gpxtpx:TrackPointExtension>
        </extensions>
      </trkpt>
      <trkpt lat="35.69349292110558" lon="139.6973032945637">
        <ele>34.8</ele>
        <time>2025-08-30T09:32:59Z</time>
        <extensions>
          <gpxtpx:TrackPointExtension>
            <gpxtpx:hr>83</gpxtpx:hr>
          </gpxtpx:TrackPointExtension>
        </extensions>
      </trkpt>
      <trkpt lat="35.69349403949081" lon="139.697303085905">
        <ele>34.8</ele>
        <time>2025-08-30T09:33:00Z</time>
        <extensions>
          <gpxtpx:TrackPointExtension>
            <gpxtpx:hr>83</gpxtpx:hr>
          </gpxtpx:TrackPointExtension>
        </extensions>
      </trkpt>
      <trkpt lat="35.69349487557406" lon="139.6973029383542">
        <ele>34.8</ele>
        <time>2025-08-30T09:33:01Z</time>
        <extensions>
          <gpxtpx:TrackPointExtension>
            <gpxtpx:hr>76</gpxtpx:hr>
          </gpxtpx:TrackPointExtension>
        </extensions>
      </trkpt>
      <trkpt lat="35.69349389846889" lon="139.69730326851544">
        <ele>34.8</ele>
        <time>2025-08-30T09:33:02Z</time>
        <extensions>
          <gpxtpx:TrackPointExtension>
            <gpxtpx:hr>76</gpxtpx:hr>
          </gpxtpx:TrackPointExtension>
        </extensions>
      </trkpt>
      <trkpt lat="35.693492951273676" lon="139.69730370471834">
        <ele>34.8</ele>
        <time>2025-08-30T09:33:03Z</time>
        <extensions>
          <gpxtpx:TrackPointExtension>
            <gpxtpx:hr>76</gpxtpx:hr>
          </gpxtpx:TrackPointExtension>
        </extensions>
      </trkpt>
      <trkpt lat="35.69349159232664" lon="139.6973036339069">
        <ele>34.8</ele>
        <time>2025-08-30T09:33:04Z</time>
        <extensions>
          <gpxtpx:TrackPointExtension>
            <gpxtpx:hr>76</gpxtpx:hr>
          </gpxtpx:TrackPointExtension>
        </extensions>
      </trkpt>
      <trkpt lat="35.69349204763603" lon="139.69730308997106">
        <ele>34.8</ele>
        <time>2025-08-30T09:33:05Z</time>
        <extensions>
          <gpxtpx:TrackPointExtension>
            <gpxtpx:hr>76</gpxtpx:hr>
          </gpxtpx:TrackPointExtension>
        </extensions>
      </trkpt>
      <trkpt lat="35.69349192151358" lon="139.69730256710778">
        <ele>34.8</ele>
        <time>2025-08-30T09:33:06Z</time>
        <extensions>
          <gpxtpx:TrackPointExtension>
            <gpxtpx:hr>78</gpxtpx:hr>
          </gpxtpx:TrackPointExtension>
        </extensions>
      </trkpt>
      <trkpt lat="35.69349258474501" lon="139.69730271448657">
        <ele>34.8</ele>
        <time>2025-08-30T09:33:07Z</time>
        <extensions>
          <gpxtpx:TrackPointExtension>
            <gpxtpx:hr>78</gpxtpx:hr>
          </gpxtpx:TrackPointExtension>
        </extensions>
      </trkpt>
      <trkpt lat="35.69349307952444" lon="139.69730318151403">
        <ele>34.8</ele>
        <time>2025-08-30T09:33:08Z</time>
        <extensions>
          <gpxtpx:TrackPointExtension>
            <gpxtpx:hr>78</gpxtpx:hr>
          </gpxtpx:TrackPointExtension>
        </extensions>
      </trkpt>
      <trkpt lat="35.693493301539995" lon="139.69730338655927">
        <ele>34.8</ele>
        <time>2025-08-30T09:33:09Z</time>
        <extensions>
          <gpxtpx:TrackPointExtension>
            <gpxtpx:hr>78</gpxtpx:hr>
          </gpxtpx:TrackPointExtension>
        </extensions>
      </trkpt>
      <trkpt lat="35.69349360259977" lon="139.6973037431179">
        <ele>34.8</ele>
        <time>2025-08-30T09:33:10Z</time>
        <extensions>
          <gpxtpx:TrackPointExtension>
            <gpxtpx:hr>78</gpxtpx:hr>
          </gpxtpx:TrackPointExtension>
        </extensions>
      </trkpt>
      <trkpt lat="35.69349376775672" lon="139.69730372392613">
        <ele>34.8</ele>
        <time>2025-08-30T09:33:11Z</time>
        <extensions>
          <gpxtpx:TrackPointExtension>
            <gpxtpx:hr>80</gpxtpx:hr>
          </gpxtpx:TrackPointExtension>
        </extensions>
      </trkpt>
      <trkpt lat="35.69349362452896" lon="139.69730316076067">
        <ele>34.8</ele>
        <time>2025-08-30T09:33:12Z</time>
        <extensions>
          <gpxtpx:TrackPointExtension>
            <gpxtpx:hr>80</gpxtpx:hr>
          </gpxtpx:TrackPointExtension>
        </extensions>
      </trkpt>
      <trkpt lat="35.69349354243294" lon="139.69730234750742">
        <ele>34.8</ele>
        <time>2025-08-30T09:33:13Z</time>
        <extensions>
          <gpxtpx:TrackPointExtension>
            <gpxtpx:hr>80</gpxtpx:hr>
          </gpxtpx:TrackPointExtension>
        </extensions>
      </trkpt>
      <trkpt lat="35.6934930861806" lon="139.69730118717635">
        <ele>34.8</ele>
        <time>2025-08-30T09:33:14Z</time>
        <extensions>
          <gpxtpx:TrackPointExtension>
            <gpxtpx:hr>80</gpxtpx:hr>
          </gpxtpx:TrackPointExtension>
        </extensions>
      </trkpt>
      <trkpt lat="35.69349347754306" lon="139.6973008415804">
        <ele>34.8</ele>
        <time>2025-08-30T09:33:15Z</time>
        <extensions>
          <gpxtpx:TrackPointExtension>
            <gpxtpx:hr>80</gpxtpx:hr>
          </gpxtpx:TrackPointExtension>
        </extensions>
      </trkpt>
      <trkpt lat="35.69349323426569" lon="139.69730011487434">
        <ele>34.8</ele>
        <time>2025-08-30T09:33:16Z</time>
        <extensions>
          <gpxtpx:TrackPointExtension>
            <gpxtpx:hr>78</gpxtpx:hr>
          </gpxtpx:TrackPointExtension>
        </extensions>
      </trkpt>
      <trkpt lat="35.693493766607865" lon="139.69729959436862">
        <ele>34.8</ele>
        <time>2025-08-30T09:33:17Z</time>
        <extensions>
          <gpxtpx:TrackPointExtension>
            <gpxtpx:hr>78</gpxtpx:hr>
          </gpxtpx:TrackPointExtension>
        </extensions>
      </trkpt>
      <trkpt lat="35.693493984308525" lon="139.69729896058075">
        <ele>34.8</ele>
        <time>2025-08-30T09:33:18Z</time>
        <extensions>
          <gpxtpx:TrackPointExtension>
            <gpxtpx:hr>78</gpxtpx:hr>
          </gpxtpx:TrackPointExtension>
        </extensions>
      </trkpt>
      <trkpt lat="35.69349463369963" lon="139.69729850966075">
        <ele>34.8</ele>
        <time>2025-08-30T09:33:19Z</time>
        <extensions>
          <gpxtpx:TrackPointExtension>
            <gpxtpx:hr>78</gpxtpx:hr>
          </gpxtpx:TrackPointExtension>
        </extensions>
      </trkpt>
      <trkpt lat="35.69349488123455" lon="139.69729823887434">
        <ele>34.8</ele>
        <time>2025-08-30T09:33:20Z</time>
        <extensions>
          <gpxtpx:TrackPointExtension>
            <gpxtpx:hr>78</gpxtpx:hr>
          </gpxtpx:TrackPointExtension>
        </extensions>
      </trkpt>
      <trkpt lat="35.69349514277169" lon="139.69729802451346">
        <ele>34.8</ele>
        <time>2025-08-30T09:33:21Z</time>
        <extensions>
          <gpxtpx:TrackPointExtension>
            <gpxtpx:hr>76</gpxtpx:hr>
          </gpxtpx:TrackPointExtension>
        </extensions>
      </trkpt>
      <trkpt lat="35.69349533885501" lon="139.69729785450514">
        <ele>34.8</ele>
        <time>2025-08-30T09:33:22Z</time>
        <extensions>
          <gpxtpx:TrackPointExtension>
            <gpxtpx:hr>76</gpxtpx:hr>
          </gpxtpx:TrackPointExtension>
        </extensions>
      </trkpt>
      <trkpt lat="35.693495541452386" lon="139.69729771476082">
        <ele>34.8</ele>
        <time>2025-08-30T09:33:23Z</time>
        <extensions>
          <gpxtpx:TrackPointExtension>
            <gpxtpx:hr>76</gpxtpx:hr>
          </gpxtpx:TrackPointExtension>
        </extensions>
      </trkpt>
      <trkpt lat="35.69349573788612" lon="139.69729761357868">
        <ele>34.8</ele>
        <time>2025-08-30T09:33:24Z</time>
        <extensions>
          <gpxtpx:TrackPointExtension>
            <gpxtpx:hr>76</gpxtpx:hr>
          </gpxtpx:TrackPointExtension>
        </extensions>
      </trkpt>
      <trkpt lat="35.69349592914427" lon="139.69729754781144">
        <ele>34.8</ele>
        <time>2025-08-30T09:33:25Z</time>
        <extensions>
          <gpxtpx:TrackPointExtension>
            <gpxtpx:hr>76</gpxtpx:hr>
          </gpxtpx:TrackPointExtension>
        </extensions>
      </trkpt>
      <trkpt lat="35.69349610175545" lon="139.6972975175816">
        <ele>34.6</ele>
        <time>2025-08-30T09:33:26Z</time>
        <extensions>
          <gpxtpx:TrackPointExtension>
            <gpxtpx:hr>76</gpxtpx:hr>
          </gpxtpx:TrackPointExtension>
        </extensions>
      </trkpt>
      <trkpt lat="35.69349625797616" lon="139.69729752245468">
        <ele>34.6</ele>
        <time>2025-08-30T09:33:27Z</time>
        <extensions>
          <gpxtpx:TrackPointExtension>
            <gpxtpx:hr>76</gpxtpx:hr>
          </gpxtpx:TrackPointExtension>
        </extensions>
      </trkpt>
      <trkpt lat="35.69349639973395" lon="139.69729756358356">
        <ele>34.6</ele>
        <time>2025-08-30T09:33:28Z</time>
        <extensions>
          <gpxtpx:TrackPointExtension>
            <gpxtpx:hr>76</gpxtpx:hr>
          </gpxtpx:TrackPointExtension>
        </extensions>
      </trkpt>
      <trkpt lat="35.69349653166145" lon="139.69729764343273">
        <ele>34.6</ele>
        <time>2025-08-30T09:33:29Z</time>
        <extensions>
          <gpxtpx:TrackPointExtension>
            <gpxtpx:hr>76</gpxtpx:hr>
          </gpxtpx:TrackPointExtension>
        </extensions>
      </trkpt>
      <trkpt lat="35.69349665871073" lon="139.69729774956798">
        <ele>34.6</ele>
        <time>2025-08-30T09:33:30Z</time>
        <extensions>
          <gpxtpx:TrackPointExtension>
            <gpxtpx:hr>76</gpxtpx:hr>
          </gpxtpx:TrackPointExtension>
        </extensions>
      </trkpt>
      <trkpt lat="35.69349678643664" lon="139.69729786740209">
        <ele>34.3</ele>
        <time>2025-08-30T09:33:31Z</time>
        <extensions>
          <gpxtpx:TrackPointExtension>
            <gpxtpx:hr>73</gpxtpx:hr>
          </gpxtpx:TrackPointExtension>
        </extensions>
      </trkpt>
      <trkpt lat="35.69349692075948" lon="139.69729797887243">
        <ele>34.3</ele>
        <time>2025-08-30T09:33:32Z</time>
        <extensions>
          <gpxtpx:TrackPointExtension>
            <gpxtpx:hr>73</gpxtpx:hr>
          </gpxtpx:TrackPointExtension>
        </extensions>
      </trkpt>
      <trkpt lat="35.69349706813747" lon="139.697298080794">
        <ele>34.3</ele>
        <time>2025-08-30T09:33:33Z</time>
        <extensions>
          <gpxtpx:TrackPointExtension>
            <gpxtpx:hr>73</gpxtpx:hr>
          </gpxtpx:TrackPointExtension>
        </extensions>
      </trkpt>
      <trkpt lat="35.69349723579045" lon="139.69729817173285">
        <ele>34.3</ele>
        <time>2025-08-30T09:33:34Z</time>
        <extensions>
          <gpxtpx:TrackPointExtension>
            <gpxtpx:hr>73</gpxtpx:hr>
          </gpxtpx:TrackPointExtension>
        </extensions>
      </trkpt>
      <trkpt lat="35.693497415308485" lon="139.69729825314866">
        <ele>34.3</ele>
        <time>2025-08-30T09:33:35Z</time>
        <extensions>
          <gpxtpx:TrackPointExtension>
            <gpxtpx:hr>73</gpxtpx:hr>
          </gpxtpx:TrackPointExtension>
        </extensions>
      </trkpt>
      <trkpt lat="35.69349759556809" lon="139.69729832716033">
        <ele>34.1</ele>
        <time>2025-08-30T09:33:36Z</time>
        <extensions>
          <gpxtpx:TrackPointExtension>
            <gpxtpx:hr>72</gpxtpx:hr>
          </gpxtpx:TrackPointExtension>
        </extensions>
      </trkpt>
      <trkpt lat="35.69349776149294" lon="139.6972983964316">
        <ele>34.1</ele>
        <time>2025-08-30T09:33:37Z</time>
        <extensions>
          <gpxtpx:TrackPointExtension>
            <gpxtpx:hr>72</gpxtpx:hr>
          </gpxtpx:TrackPointExtension>
        </extensions>
      </trkpt>
      <trkpt lat="35.69349791253792" lon="139.6972984638418">
        <ele>34.1</ele>
        <time>2025-08-30T09:33:38Z</time>
        <extensions>
          <gpxtpx:TrackPointExtension>
            <gpxtpx:hr>72</gpxtpx:hr>
          </gpxtpx:TrackPointExtension>
        </extensions>
      </trkpt>
      <trkpt lat="35.693498049664136" lon="139.6972985324507">
        <ele>34.1</ele>
        <time>2025-08-30T09:33:39Z</time>
        <extensions>
          <gpxtpx:TrackPointExtension>
            <gpxtpx:hr>72</gpxtpx:hr>
          </gpxtpx:TrackPointExtension>
        </extensions>
      </trkpt>
      <trkpt lat="35.69349817663666" lon="139.6972986055272">
        <ele>34.1</ele>
        <time>2025-08-30T09:33:40Z</time>
        <extensions>
          <gpxtpx:TrackPointExtension>
            <gpxtpx:hr>72</gpxtpx:hr>
          </gpxtpx:TrackPointExtension>
        </extensions>
      </trkpt>
      <trkpt lat="35.693498297865965" lon="139.69729868665053">
        <ele>34.1</ele>
        <time>2025-08-30T09:33:41Z</time>
        <extensions>
          <gpxtpx:TrackPointExtension>
            <gpxtpx:hr>76</gpxtpx:hr>
          </gpxtpx:TrackPointExtension>
        </extensions>
      </trkpt>
      <trkpt lat="35.693498418409156" lon="139.69729877985">
        <ele>34.1</ele>
        <time>2025-08-30T09:33:42Z</time>
        <extensions>
          <gpxtpx:TrackPointExtension>
            <gpxtpx:hr>76</gpxtpx:hr>
          </gpxtpx:TrackPointExtension>
        </extensions>
      </trkpt>
      <trkpt lat="35.69349854370775" lon="139.697298889784">
        <ele>34.1</ele>
        <time>2025-08-30T09:33:43Z</time>
        <extensions>
          <gpxtpx:TrackPointExtension>
            <gpxtpx:hr>76</gpxtpx:hr>
          </gpxtpx:TrackPointExtension>
        </extensions>
      </trkpt>
      <trkpt lat="35.693498679726765" lon="139.69729900525928">
        <ele>34.1</ele>
        <time>2025-08-30T09:33:44Z</time>
        <extensions>
          <gpxtpx:TrackPointExtension>
            <gpxtpx:hr>76</gpxtpx:hr>
          </gpxtpx:TrackPointExtension>
        </extensions>
      </trkpt>
      <trkpt lat="35.6934988331057" lon="139.69729911202643">
        <ele>34.1</ele>
        <time>2025-08-30T09:33:45Z</time>
        <extensions>
          <gpxtpx:TrackPointExtension>
            <gpxtpx:hr>76</gpxtpx:hr>
          </gpxtpx:TrackPointExtension>
        </extensions>
      </trkpt>
      <trkpt lat="35.693499011436465" lon="139.69729919139562">
        <ele>34.1</ele>
        <time>2025-08-30T09:33:46Z</time>
        <extensions>
          <gpxtpx:TrackPointExtension>
            <gpxtpx:hr>78</gpxtpx:hr>
          </gpxtpx:TrackPointExtension>
        </extensions>
      </trkpt>
      <trkpt lat="35.69349856826536" lon="139.69729960171327">
        <ele>34.1</ele>
        <time>2025-08-30T09:33:47Z</time>
        <extensions>
          <gpxtpx:TrackPointExtension>
            <gpxtpx:hr>78</gpxtpx:hr>
          </gpxtpx:TrackPointExtension>
        </extensions>
      </trkpt>
      <trkpt lat="35.69349800562063" lon="139.69730006627705">
        <ele>34.1</ele>
        <time>2025-08-30T09:33:48Z</time>
        <extensions>
          <gpxtpx:TrackPointExtension>
            <gpxtpx:hr>78</gpxtpx:hr>
          </gpxtpx:TrackPointExtension>
        </extensions>
      </trkpt>
      <trkpt lat="35.6934976893088" lon="139.6973005726088">
        <ele>34.1</ele>
        <time>2025-08-30T09:33:49Z</time>
        <extensions>
          <gpxtpx:TrackPointExtension>
            <gpxtpx:hr>78</gpxtpx:hr>
          </gpxtpx:TrackPointExtension>
        </extensions>
      </trkpt>
      <trkpt lat="35.69349853577228" lon="139.69730087797853">
        <ele>34.1</ele>
        <time>2025-08-30T09:33:50Z</time>
        <extensions>
          <gpxtpx:TrackPointExtension>
            <gpxtpx:hr>78</gpxtpx:hr>
          </gpxtpx:TrackPointExtension>
        </extensions>
      </trkpt>
      <trkpt lat="35.69349919258566" lon="139.69730142432866">
        <ele>34.1</ele>
        <time>2025-08-30T09:33:51Z</time>
        <extensions>
          <gpxtpx:TrackPointExtension>
            <gpxtpx:hr>79</gpxtpx:hr>
          </gpxtpx:TrackPointExtension>
        </extensions>
      </trkpt>
      <trkpt lat="35.693498751992536" lon="139.69730154923295">
        <ele>34.1</ele>
        <time>2025-08-30T09:33:52Z</time>
        <extensions>
          <gpxtpx:TrackPointExtension>
            <gpxtpx:hr>79</gpxtpx:hr>
          </gpxtpx:TrackPointExtension>
        </extensions>
      </trkpt>
      <trkpt lat="35.693498256368926" lon="139.6973019933115">
        <ele>34.1</ele>
        <time>2025-08-30T09:33:53Z</time>
        <extensions>
          <gpxtpx:TrackPointExtension>
            <gpxtpx:hr>79</gpxtpx:hr>
          </gpxtpx:TrackPointExtension>
        </extensions>
      </trkpt>
      <trkpt lat="35.6934974755898" lon="139.69730130072844">
        <ele>34.1</ele>
        <time>2025-08-30T09:33:54Z</time>
        <extensions>
          <gpxtpx:TrackPointExtension>
            <gpxtpx:hr>79</gpxtpx:hr>
          </gpxtpx:TrackPointExtension>
        </extensions>
      </trkpt>
      <trkpt lat="35.69349749927542" lon="139.6973009506443">
        <ele>34.1</ele>
        <time>2025-08-30T09:33:55Z</time>
        <extensions>
          <gpxtpx:TrackPointExtension>
            <gpxtpx:hr>79</gpxtpx:hr>
          </gpxtpx:TrackPointExtension>
        </extensions>
      </trkpt>
      <trkpt lat="35.69349688850324" lon="139.69729998390204">
        <ele>34.1</ele>
        <time>2025-08-30T09:33:56Z</time>
        <extensions>
          <gpxtpx:TrackPointExtension>
            <gpxtpx:hr>75</gpxtpx:hr>
          </gpxtpx:TrackPointExtension>
        </extensions>
      </trkpt>
      <trkpt lat="35.69349680197295" lon="139.69729982935587">
        <ele>34.1</ele>
        <time>2025-08-30T09:33:57Z</time>
        <extensions>
          <gpxtpx:TrackPointExtension>
            <gpxtpx:hr>75</gpxtpx:hr>
          </gpxtpx:TrackPointExtension>
        </extensions>
      </trkpt>
      <trkpt lat="35.69349667296806" lon="139.6972996924055">
        <ele>34.1</ele>
        <time>2025-08-30T09:33:58Z</time>
        <extensions>
          <gpxtpx:TrackPointExtension>
            <gpxtpx:hr>75</gpxtpx:hr>
          </gpxtpx:TrackPointExtension>
        </extensions>
      </trkpt>
      <trkpt lat="35.6934966370954" lon="139.69729970430458">
        <ele>34.1</ele>
        <time>2025-08-30T09:33:59Z</time>
        <extensions>
          <gpxtpx:TrackPointExtension>
            <gpxtpx:hr>75</gpxtpx:hr>
          </gpxtpx:TrackPointExtension>
        </extensions>
      </trkpt>
      <trkpt lat="35.69349660848618" lon="139.69729973590844">
        <ele>34.1</ele>
        <time>2025-08-30T09:34:00Z</time>
        <extensions>
          <gpxtpx:TrackPointExtension>
            <gpxtpx:hr>75</gpxtpx:hr>
          </gpxtpx:TrackPointExtension>
        </extensions>
      </trkpt>
      <trkpt lat="35.6934965972993" lon="139.6972997904815">
        <ele>34.1</ele>
        <time>2025-08-30T09:34:01Z</time>
        <extensions>
          <gpxtpx:TrackPointExtension>
            <gpxtpx:hr>72</gpxtpx:hr>
          </gpxtpx:TrackPointExtension>
        </extensions>
      </trkpt>
      <trkpt lat="35.69349658847263" lon="139.69729984515078">
        <ele>34.1</ele>
        <time>2025-08-30T09:34:02Z</time>
        <extensions>
          <gpxtpx:TrackPointExtension>
            <gpxtpx:hr>72</gpxtpx:hr>
          </gpxtpx:TrackPointExtension>
        </extensions>
      </trkpt>
      <trkpt lat="35.69349658097778" lon="139.6972998978738">
        <ele>34.1</ele>
        <time>2025-08-30T09:34:03Z</time>
        <extensions>
          <gpxtpx:TrackPointExtension>
            <gpxtpx:hr>72</gpxtpx:hr>
          </gpxtpx:TrackPointExtension>
        </extensions>
      </trkpt>
      <trkpt lat="35.693496571418784" lon="139.6972999452169">
        <ele>34.1</ele>
        <time>2025-08-30T09:34:04Z</time>
        <extensions>
          <gpxtpx:TrackPointExtension>
            <gpxtpx:hr>72</gpxtpx:hr>
          </gpxtpx:TrackPointExtension>
        </extensions>
      </trkpt>
      <trkpt lat="35.69349655859372" lon="139.69729998738202">
        <ele>34.1</ele>
        <time>2025-08-30T09:34:05Z</time>
        <extensions>
          <gpxtpx:TrackPointExtension>
            <gpxtpx:hr>72</gpxtpx:hr>
          </gpxtpx:TrackPointExtension>
        </extensions>
      </trkpt>
      <trkpt lat="35.69349654111027" lon="139.6973000248322">
        <ele>34.1</ele>
        <time>2025-08-30T09:34:06Z</time>
        <extensions>
          <gpxtpx:TrackPointExtension>
            <gpxtpx:hr>73</gpxtpx:hr>
          </gpxtpx:TrackPointExtension>
        </extensions>
      </trkpt>
      <trkpt lat="35.69349651779694" lon="139.69730005867802">
        <ele>34.1</ele>
        <time>2025-08-30T09:34:07Z</time>
        <extensions>
          <gpxtpx:TrackPointExtension>
            <gpxtpx:hr>73</gpxtpx:hr>
          </gpxtpx:TrackPointExtension>
        </extensions>
      </trkpt>
      <trkpt lat="35.69349648727542" lon="139.69730009012923">
        <ele>34.1</ele>
        <time>2025-08-30T09:34:08Z</time>
        <extensions>
          <gpxtpx:TrackPointExtension>
            <gpxtpx:hr>73</gpxtpx:hr>
          </gpxtpx:TrackPointExtension>
        </extensions>
      </trkpt>
      <trkpt lat="35.69349644791401" lon="139.6973001205078">
        <ele>34.1</ele>
        <time>2025-08-30T09:34:09Z</time>
        <extensions>
          <gpxtpx:TrackPointExtension>
            <gpxtpx:hr>73</gpxtpx:hr>
          </gpxtpx:TrackPointExtension>
        </extensions>
      </trkpt>
      <trkpt lat="35.6934963976769" lon="139.69730015118387">
        <ele>34.1</ele>
        <time>2025-08-30T09:34:10Z</time>
        <extensions>
          <gpxtpx:TrackPointExtension>
            <gpxtpx:hr>73</gpxtpx:hr>
          </gpxtpx:TrackPointExtension>
        </extensions>
      </trkpt>
      <trkpt lat="35.69349633401282" lon="139.69730018360875">
        <ele>34.1</ele>
        <time>2025-08-30T09:34:11Z</time>
        <extensions>
          <gpxtpx:TrackPointExtension>
            <gpxtpx:hr>72</gpxtpx:hr>
          </gpxtpx:TrackPointExtension>
        </extensions>
      </trkpt>
      <trkpt lat="35.693496253711686" lon="139.69730021935413">
        <ele>34.1</ele>
        <time>2025-08-30T09:34:12Z</time>
        <extensions>
          <gpxtpx:TrackPointExtension>
            <gpxtpx:hr>72</gpxtpx:hr>
          </gpxtpx:TrackPointExtension>
        </extensions>
      </trkpt>
      <trkpt lat="35.69349615273878" lon="139.69730026017663">
        <ele>34.1</ele>
        <time>2025-08-30T09:34:13Z</time>
        <extensions>
          <gpxtpx:TrackPointExtension>
            <gpxtpx:hr>72</gpxtpx:hr>
          </gpxtpx:TrackPointExtension>
        </extensions>
      </trkpt>
      <trkpt lat="35.69349602602847" lon="139.69730030809626">
        <ele>34.1</ele>
        <time>2025-08-30T09:34:14Z</time>
        <extensions>
          <gpxtpx:TrackPointExtension>
            <gpxtpx:hr>72</gpxtpx:hr>
          </gpxtpx:TrackPointExtension>
        </extensions>
      </trkpt>
      <trkpt lat="35.69349588393996" lon="139.69730036563897">
        <ele>34.1</ele>
        <time>2025-08-30T09:34:15Z</time>
        <extensions>
          <gpxtpx:TrackPointExtension>
            <gpxtpx:hr>72</gpxtpx:hr>
          </gpxtpx:TrackPointExtension>
        </extensions>
      </trkpt>
      <trkpt lat="35.69349573940732" lon="139.69730043584298">
        <ele>34.1</ele>
        <time>2025-08-30T09:34:16Z</time>
        <extensions>
          <gpxtpx:TrackPointExtension>
            <gpxtpx:hr>72</gpxtpx:hr>
          </gpxtpx:TrackPointExtension>
        </extensions>
      </trkpt>
      <trkpt lat="35.693495625867584" lon="139.69730052245745">
        <ele>34.1</ele>
        <time>2025-08-30T09:34:17Z</time>
        <extensions>
          <gpxtpx:TrackPointExtension>
            <gpxtpx:hr>72</gpxtpx:hr>
          </gpxtpx:TrackPointExtension>
        </extensions>
      </trkpt>
      <trkpt lat="35.693495549779115" lon="139.6973006298921">
        <ele>34.1</ele>
        <time>2025-08-30T09:34:18Z</time>
        <extensions>
          <gpxtpx:TrackPointExtension>
            <gpxtpx:hr>72</gpxtpx:hr>
          </gpxtpx:TrackPointExtension>
        </extensions>
      </trkpt>
      <trkpt lat="35.693495534515705" lon="139.69730074693396">
        <ele>34.1</ele>
        <time>2025-08-30T09:34:19Z</time>
        <extensions>
          <gpxtpx:TrackPointExtension>
            <gpxtpx:hr>72</gpxtpx:hr>
          </gpxtpx:TrackPointExtension>
        </extensions>
      </trkpt>
      <trkpt lat="35.693495587158615" lon="139.69730087613888">
        <ele>34.1</ele>
        <time>2025-08-30T09:34:20Z</time>
        <extensions>
          <gpxtpx:TrackPointExtension>
            <gpxtpx:hr>72</gpxtpx:hr>
          </gpxtpx:TrackPointExtension>
        </extensions>
      </trkpt>
      <trkpt lat="35.6934957173276" lon="139.69730102000395">
        <ele>34.1</ele>
        <time>2025-08-30T09:34:21Z</time>
        <extensions>
          <gpxtpx:TrackPointExtension>
            <gpxtpx:hr>70</gpxtpx:hr>
          </gpxtpx:TrackPointExtension>
        </extensions>
      </trkpt>
      <trkpt lat="35.69349591784847" lon="139.69730120094064">
        <ele>34.1</ele>
        <time>2025-08-30T09:34:22Z</time>
        <extensions>
          <gpxtpx:TrackPointExtension>
            <gpxtpx:hr>70</gpxtpx:hr>
          </gpxtpx:TrackPointExtension>
        </extensions>
      </trkpt>
      <trkpt lat="35.69349565195141" lon="139.6973005361439">
        <ele>34.1</ele>
        <time>2025-08-30T09:34:23Z</time>
        <extensions>
          <gpxtpx:TrackPointExtension>
            <gpxtpx:hr>70</gpxtpx:hr>
          </gpxtpx:TrackPointExtension>
        </extensions>
      </trkpt>
      <trkpt lat="35.69349532312713" lon="139.6972997443456">
        <ele>34.1</ele>
        <time>2025-08-30T09:34:24Z</time>
        <extensions>
          <gpxtpx:TrackPointExtension>
            <gpxtpx:hr>70</gpxtpx:hr>
          </gpxtpx:TrackPointExtension>
        </extensions>
      </trkpt>
      <trkpt lat="35.69349488899766" lon="139.69729877451448">
        <ele>34.1</ele>
        <time>2025-08-30T09:34:25Z</time>
        <extensions>
          <gpxtpx:TrackPointExtension>
            <gpxtpx:hr>70</gpxtpx:hr>
          </gpxtpx:TrackPointExtension>
        </extensions>
      </trkpt>
      <trkpt lat="35.69349493491241" lon="139.69729863689147">
        <ele>34.1</ele>
        <time>2025-08-30T09:34:26Z</time>
        <extensions>
          <gpxtpx:TrackPointExtension>
            <gpxtpx:hr>70</gpxtpx:hr>
          </gpxtpx:TrackPointExtension>
        </extensions>
      </trkpt>
      <trkpt lat="35.69349505053913" lon="139.69729862331857">
        <ele>34.1</ele>
        <time>2025-08-30T09:34:27Z</time>
        <extensions>
          <gpxtpx:TrackPointExtension>
            <gpxtpx:hr>70</gpxtpx:hr>
          </gpxtpx:TrackPointExtension>
        </extensions>
      </trkpt>
      <trkpt lat="35.69349528050626" lon="139.6972988046408">
        <ele>34.1</ele>
        <time>2025-08-30T09:34:28Z</time>
        <extensions>
          <gpxtpx:TrackPointExtension>
            <gpxtpx:hr>70</gpxtpx:hr>
          </gpxtpx:TrackPointExtension>
        </extensions>
      </trkpt>
      <trkpt lat="35.69349556151662" lon="139.6972990640069">
        <ele>34.1</ele>
        <time>2025-08-30T09:34:29Z</time>
        <extensions>
          <gpxtpx:TrackPointExtension>
            <gpxtpx:hr>70</gpxtpx:hr>
          </gpxtpx:TrackPointExtension>
        </extensions>
      </trkpt>
      <trkpt lat="35.69349537155983" lon="139.69729852616038">
        <ele>34.1</ele>
        <time>2025-08-30T09:34:30Z</time>
        <extensions>
          <gpxtpx:TrackPointExtension>
            <gpxtpx:hr>70</gpxtpx:hr>
          </gpxtpx:TrackPointExtension>
        </extensions>
      </trkpt>
      <trkpt lat="35.69349510783967" lon="139.69729787213066">
        <ele>34.1</ele>
        <time>2025-08-30T09:34:31Z</time>
        <extensions>
          <gpxtpx:TrackPointExtension>
            <gpxtpx:hr>71</gpxtpx:hr>
          </gpxtpx:TrackPointExtension>
        </extensions>
      </trkpt>
      <trkpt lat="35.693494731356374" lon="139.69729704981066">
        <ele>34.1</ele>
        <time>2025-08-30T09:34:32Z</time>
        <extensions>
          <gpxtpx:TrackPointExtension>
            <gpxtpx:hr>71</gpxtpx:hr>
          </gpxtpx:TrackPointExtension>
        </extensions>
      </trkpt>
      <trkpt lat="35.6934948283536" lon="139.69729704982038">
        <ele>34.1</ele>
        <time>2025-08-30T09:34:33Z</time>
        <extensions>
          <gpxtpx:TrackPointExtension>
            <gpxtpx:hr>71</gpxtpx:hr>
          </gpxtpx:TrackPointExtension>
        </extensions>
      </trkpt>
      <trkpt lat="35.69349499066989" lon="139.6972971805668">
        <ele>34.1</ele>
        <time>2025-08-30T09:34:34Z</time>
        <extensions>
          <gpxtpx:TrackPointExtension>
            <gpxtpx:hr>71</gpxtpx:hr>
          </gpxtpx:TrackPointExtension>
        </extensions>
      </trkpt>
      <trkpt lat="35.69349526478512" lon="139.69729751665395">
        <ele>34.1</ele>
        <time>2025-08-30T09:34:35Z</time>
        <extensions>
          <gpxtpx:TrackPointExtension>
            <gpxtpx:hr>71</gpxtpx:hr>
          </gpxtpx:TrackPointExtension>
        </extensions>
      </trkpt>
      <trkpt lat="35.69349506061149" lon="139.69729705612704">
        <ele>34.1</ele>
        <time>2025-08-30T09:34:36Z</time>
        <extensions>
          <gpxtpx:TrackPointExtension>
            <gpxtpx:hr>72</gpxtpx:hr>
          </gpxtpx:TrackPointExtension>
        </extensions>
      </trkpt>
      <trkpt lat="35.69349478374012" lon="139.69729647985704">
        <ele>34.1</ele>
        <time>2025-08-30T09:34:37Z</time>
        <extensions>
          <gpxtpx:TrackPointExtension>
            <gpxtpx:hr>72</gpxtpx:hr>
          </gpxtpx:TrackPointExtension>
        </extensions>
      </trkpt>
      <trkpt lat="35.69349438279994" lon="139.69729569599497">
        <ele>34.1</ele>
        <time>2025-08-30T09:34:38Z</time>
        <extensions>
          <gpxtpx:TrackPointExtension>
            <gpxtpx:hr>72</gpxtpx:hr>
          </gpxtpx:TrackPointExtension>
        </extensions>
      </trkpt>
      <trkpt lat="35.6934944422866" lon="139.69729568754937">
        <ele>34.1</ele>
        <time>2025-08-30T09:34:39Z</time>
        <extensions>
          <gpxtpx:TrackPointExtension>
            <gpxtpx:hr>72</gpxtpx:hr>
          </gpxtpx:TrackPointExtension>
        </extensions>
      </trkpt>
      <trkpt lat="35.69349454972717" lon="139.69729575186327">
        <ele>34.1</ele>
        <time>2025-08-30T09:34:40Z</time>
        <extensions>
          <gpxtpx:TrackPointExtension>
            <gpxtpx:hr>72</gpxtpx:hr>
          </gpxtpx:TrackPointExtension>
        </extensions>
      </trkpt>
      <trkpt lat="35.6934947482837" lon="139.69729595616514">
        <ele>34.1</ele>
        <time>2025-08-30T09:34:41Z</time>
        <extensions>
          <gpxtpx:TrackPointExtension>
            <gpxtpx:hr>72</gpxtpx:hr>
          </gpxtpx:TrackPointExtension>
        </extensions>
      </trkpt>
      <trkpt lat="35.69349497233965" lon="139.69729618303862">
        <ele>34.1</ele>
        <time>2025-08-30T09:34:42Z</time>
        <extensions>
          <gpxtpx:TrackPointExtension>
            <gpxtpx:hr>72</gpxtpx:hr>
          </gpxtpx:TrackPointExtension>
        </extensions>
      </trkpt>
      <trkpt lat="35.69349520883238" lon="139.69729643109557">
        <ele>34.1</ele>
        <time>2025-08-30T09:34:43Z</time>
        <extensions>
          <gpxtpx:TrackPointExtension>
            <gpxtpx:hr>72</gpxtpx:hr>
          </gpxtpx:TrackPointExtension>
        </extensions>
      </trkpt>
      <trkpt lat="35.69349543291117" lon="139.69729668465902">
        <ele>34.1</ele>
        <time>2025-08-30T09:34:44Z</time>
        <extensions>
          <gpxtpx:TrackPointExtension>
            <gpxtpx:hr>72</gpxtpx:hr>
          </gpxtpx:TrackPointExtension>
        </extensions>
      </trkpt>
      <trkpt lat="35.69349562688535" lon="139.69729693153997">
        <ele>34.1</ele>
        <time>2025-08-30T09:34:45Z</time>
        <extensions>
          <gpxtpx:TrackPointExtension>
            <gpxtpx:hr>72</gpxtpx:hr>
          </gpxtpx:TrackPointExtension>
        </extensions>
      </trkpt>
      <trkpt lat="35.693495787340915" lon="139.6972971568061">
        <ele>34.1</ele>
        <time>2025-08-30T09:34:46Z</time>
        <extensions>
          <gpxtpx:TrackPointExtension>
            <gpxtpx:hr>75</gpxtpx:hr>
          </gpxtpx:TrackPointExtension>
        </extensions>
      </trkpt>
      <trkpt lat="35.69349591390328" lon="139.6972973446043">
        <ele>34.1</ele>
        <time>2025-08-30T09:34:47Z</time>
        <extensions>
          <gpxtpx:TrackPointExtension>
            <gpxtpx:hr>75</gpxtpx:hr>
          </gpxtpx:TrackPointExtension>
        </extensions>
      </trkpt>
      <trkpt lat="35.69349600858996" lon="139.69729749345476">
        <ele>34.1</ele>
        <time>2025-08-30T09:34:48Z</time>
        <extensions>
          <gpxtpx:TrackPointExtension>
            <gpxtpx:hr>75</gpxtpx:hr>
          </gpxtpx:TrackPointExtension>
        </extensions>
      </trkpt>
      <trkpt lat="35.69349610627373" lon="139.6972977323838">
        <ele>34.1</ele>
        <time>2025-08-30T09:34:49Z</time>
        <extensions>
          <gpxtpx:TrackPointExtension>
            <gpxtpx:hr>75</gpxtpx:hr>
          </gpxtpx:TrackPointExtension>
        </extensions>
      </trkpt>
      <trkpt lat="35.69349615290344" lon="139.6972980897046">
        <ele>34.1</ele>
        <time>2025-08-30T09:34:50Z</time>
        <extensions>
          <gpxtpx:TrackPointExtension>
            <gpxtpx:hr>75</gpxtpx:hr>
          </gpxtpx:TrackPointExtension>
        </extensions>
      </trkpt>
      <trkpt lat="35.69349638394401" lon="139.69729839756965">
        <ele>34.1</ele>
        <time>2025-08-30T09:34:51Z</time>
        <extensions>
          <gpxtpx:TrackPointExtension>
            <gpxtpx:hr>81</gpxtpx:hr>
          </gpxtpx:TrackPointExtension>
        </extensions>
      </trkpt>
      <trkpt lat="35.69349690839708" lon="139.69729855334518">
        <ele>34.1</ele>
        <time>2025-08-30T09:34:52Z</time>
        <extensions>
          <gpxtpx:TrackPointExtension>
            <gpxtpx:hr>81</gpxtpx:hr>
          </gpxtpx:TrackPointExtension>
        </extensions>
      </trkpt>
      <trkpt lat="35.69349647059495" lon="139.69729865778228">
        <ele>34.1</ele>
        <time>2025-08-30T09:34:53Z</time>
        <extensions>
          <gpxtpx:TrackPointExtension>
            <gpxtpx:hr>81</gpxtpx:hr>
          </gpxtpx:TrackPointExtension>
        </extensions>
      </trkpt>
      <trkpt lat="35.693496045453614" lon="139.6972989213514">
        <ele>34.1</ele>
        <time>2025-08-30T09:34:54Z</time>
        <extensions>
          <gpxtpx:TrackPointExtension>
            <gpxtpx:hr>81</gpxtpx:hr>
          </gpxtpx:TrackPointExtension>
        </extensions>
      </trkpt>
      <trkpt lat="35.69349513427666" lon="139.6972992819121">
        <ele>34.1</ele>
        <time>2025-08-30T09:34:55Z</time>
        <extensions>
          <gpxtpx:TrackPointExtension>
            <gpxtpx:hr>81</gpxtpx:hr>
          </gpxtpx:TrackPointExtension>
        </extensions>
      </trkpt>
      <trkpt lat="35.693495221287975" lon="139.69729959199464">
        <ele>34.1</ele>
        <time>2025-08-30T09:34:56Z</time>
        <extensions>
          <gpxtpx:TrackPointExtension>
            <gpxtpx:hr>79</gpxtpx:hr>
          </gpxtpx:TrackPointExtension>
        </extensions>
      </trkpt>
      <trkpt lat="35.69349506440011" lon="139.69729979493576">
        <ele>34.1</ele>
        <time>2025-08-30T09:34:57Z</time>
        <extensions>
          <gpxtpx:TrackPointExtension>
            <gpxtpx:hr>79</gpxtpx:hr>
          </gpxtpx:TrackPointExtension>
        </extensions>
      </trkpt>
      <trkpt lat="35.693495054118785" lon="139.6972999221519">
        <ele>34.1</ele>
        <time>2025-08-30T09:34:58Z</time>
        <extensions>
          <gpxtpx:TrackPointExtension>
            <gpxtpx:hr>79</gpxtpx:hr>
          </gpxtpx:TrackPointExtension>
        </extensions>
      </trkpt>
      <trkpt lat="35.69349502380028" lon="139.69729999352748">
        <ele>34.1</ele>
        <time>2025-08-30T09:34:59Z</time>
        <extensions>
          <gpxtpx:TrackPointExtension>
            <gpxtpx:hr>79</gpxtpx:hr>
          </gpxtpx:TrackPointExtension>
        </extensions>
      </trkpt>
      <trkpt lat="35.69349502132698" lon="139.6973000247894">
        <ele>34.1</ele>
        <time>2025-08-30T09:35:00Z</time>
        <extensions>
          <gpxtpx:TrackPointExtension>
            <gpxtpx:hr>79</gpxtpx:hr>
          </gpxtpx:TrackPointExtension>
        </extensions>
      </trkpt>
      <trkpt lat="35.6934950286089" lon="139.69730001466124">
        <ele>34.1</ele>
        <time>2025-08-30T09:35:01Z</time>
        <extensions>
          <gpxtpx:TrackPointExtension>
            <gpxtpx:hr>79</gpxtpx:hr>
          </gpxtpx:TrackPointExtension>
        </extensions>
      </trkpt>
      <trkpt lat="35.69349506550453" lon="139.69729993544053">
        <ele>34.1</ele>
        <time>2025-08-30T09:35:02Z</time>
        <extensions>
          <gpxtpx:TrackPointExtension>
            <gpxtpx:hr>79</gpxtpx:hr>
          </gpxtpx:TrackPointExtension>
        </extensions>
      </trkpt>
      <trkpt lat="35.6934951684576" lon="139.69729969802978">
        <ele>34.1</ele>
        <time>2025-08-30T09:35:03Z</time>
        <extensions>
          <gpxtpx:TrackPointExtension>
            <gpxtpx:hr>79</gpxtpx:hr>
          </gpxtpx:TrackPointExtension>
        </extensions>
      </trkpt>
      <trkpt lat="35.69349544259896" lon="139.6972993916388">
        <ele>34.1</ele>
        <time>2025-08-30T09:35:04Z</time>
        <extensions>
          <gpxtpx:TrackPointExtension>
            <gpxtpx:hr>79</gpxtpx:hr>
          </gpxtpx:TrackPointExtension>
        </extensions>
      </trkpt>
      <trkpt lat="35.69349582794451" lon="139.6972991048516">
        <ele>34.1</ele>
        <time>2025-08-30T09:35:05Z</time>
        <extensions>
          <gpxtpx:TrackPointExtension>
            <gpxtpx:hr>79</gpxtpx:hr>
          </gpxtpx:TrackPointExtension>
        </extensions>
      </trkpt>
      <trkpt lat="35.69349630889966" lon="139.6972990271172">
        <ele>34.1</ele>
        <time>2025-08-30T09:35:06Z</time>
        <extensions>
          <gpxtpx:TrackPointExtension>
            <gpxtpx:hr>78</gpxtpx:hr>
          </gpxtpx:TrackPointExtension>
        </extensions>
      </trkpt>
      <trkpt lat="35.69349630150463" lon="139.6972984141086">
        <ele>34.1</ele>
        <time>2025-08-30T09:35:07Z</time>
        <extensions>
          <gpxtpx:TrackPointExtension>
            <gpxtpx:hr>78</gpxtpx:hr>
          </gpxtpx:TrackPointExtension>
        </extensions>
      </trkpt>
      <trkpt lat="35.693496089631005" lon="139.6972977890359">
        <ele>34.1</ele>
        <time>2025-08-30T09:35:08Z</time>
        <extensions>
          <gpxtpx:TrackPointExtension>
            <gpxtpx:hr>78</gpxtpx:hr>
          </gpxtpx:TrackPointExtension>
        </extensions>
      </trkpt>
      <trkpt lat="35.69349564148811" lon="139.6972969542783">
        <ele>34.1</ele>
        <time>2025-08-30T09:35:09Z</time>
        <extensions>
          <gpxtpx:TrackPointExtension>
            <gpxtpx:hr>78</gpxtpx:hr>
          </gpxtpx:TrackPointExtension>
        </extensions>
      </trkpt>
      <trkpt lat="35.69349552165554" lon="139.6972965623698">
        <ele>34.1</ele>
        <time>2025-08-30T09:35:10Z</time>
        <extensions>
          <gpxtpx:TrackPointExtension>
            <gpxtpx:hr>78</gpxtpx:hr>
          </gpxtpx:TrackPointExtension>
        </extensions>
      </trkpt>
      <trkpt lat="35.69349559867338" lon="139.69729609853601">
        <ele>34.1</ele>
        <time>2025-08-30T09:35:11Z</time>
        <extensions>
          <gpxtpx:TrackPointExtension>
            <gpxtpx:hr>78</gpxtpx:hr>
          </gpxtpx:TrackPointExtension>
        </extensions>
      </trkpt>
      <trkpt lat="35.693495815140984" lon="139.69729570573736">
        <ele>34.1</ele>
        <time>2025-08-30T09:35:12Z</time>
        <extensions>
          <gpxtpx:TrackPointExtension>
            <gpxtpx:hr>78</gpxtpx:hr>
          </gpxtpx:TrackPointExtension>
        </extensions>
      </trkpt>
      <trkpt lat="35.693496023835976" lon="139.6972954217311">
        <ele>34.1</ele>
        <time>2025-08-30T09:35:13Z</time>
        <extensions>
          <gpxtpx:TrackPointExtension>
            <gpxtpx:hr>78</gpxtpx:hr>
          </gpxtpx:TrackPointExtension>
        </extensions>
      </trkpt>
      <trkpt lat="35.69349599990357" lon="139.69729516937326">
        <ele>34.1</ele>
        <time>2025-08-30T09:35:14Z</time>
        <extensions>
          <gpxtpx:TrackPointExtension>
            <gpxtpx:hr>78</gpxtpx:hr>
          </gpxtpx:TrackPointExtension>
        </extensions>
      </trkpt>
      <trkpt lat="35.69349589436953" lon="139.69729482457805">
        <ele>34.1</ele>
        <time>2025-08-30T09:35:15Z</time>
        <extensions>
          <gpxtpx:TrackPointExtension>
            <gpxtpx:hr>78</gpxtpx:hr>
          </gpxtpx:TrackPointExtension>
        </extensions>
      </trkpt>
      <trkpt lat="35.6934958839208" lon="139.69729444207485">
        <ele>34.1</ele>
        <time>2025-08-30T09:35:16Z</time>
        <extensions>
          <gpxtpx:TrackPointExtension>
            <gpxtpx:hr>80</gpxtpx:hr>
          </gpxtpx:TrackPointExtension>
        </extensions>
      </trkpt>
      <trkpt lat="35.69349604934473" lon="139.69729407680381">
        <ele>34.1</ele>
        <time>2025-08-30T09:35:17Z</time>
        <extensions>
          <gpxtpx:TrackPointExtension>
            <gpxtpx:hr>80</gpxtpx:hr>
          </gpxtpx:TrackPointExtension>
        </extensions>
      </trkpt>
      <trkpt lat="35.69349629630717" lon="139.69729386222332">
        <ele>34.1</ele>
        <time>2025-08-30T09:35:18Z</time>
        <extensions>
          <gpxtpx:TrackPointExtension>
            <gpxtpx:hr>80</gpxtpx:hr>
          </gpxtpx:TrackPointExtension>
        </extensions>
      </trkpt>
      <trkpt lat="35.693496504026626" lon="139.69729377062842">
        <ele>34.1</ele>
        <time>2025-08-30T09:35:19Z</time>
        <extensions>
          <gpxtpx:TrackPointExtension>
            <gpxtpx:hr>80</gpxtpx:hr>
          </gpxtpx:TrackPointExtension>
        </extensions>
      </trkpt>
      <trkpt lat="35.69349675463796" lon="139.69729384805177">
        <ele>34.1</ele>
        <time>2025-08-30T09:35:20Z</time>
        <extensions>
          <gpxtpx:TrackPointExtension>
            <gpxtpx:hr>80</gpxtpx:hr>
          </gpxtpx:TrackPointExtension>
        </extensions>
      </trkpt>
      <trkpt lat="35.69349719967336" lon="139.6972942375874">
        <ele>34.1</ele>
        <time>2025-08-30T09:35:21Z</time>
        <extensions>
          <gpxtpx:TrackPointExtension>
            <gpxtpx:hr>82</gpxtpx:hr>
          </gpxtpx:TrackPointExtension>
        </extensions>
      </trkpt>
      <trkpt lat="35.69349763314214" lon="139.69729455356202">
        <ele>34.1</ele>
        <time>2025-08-30T09:35:22Z</time>
        <extensions>
          <gpxtpx:TrackPointExtension>
            <gpxtpx:hr>82</gpxtpx:hr>
          </gpxtpx:TrackPointExtension>
        </extensions>
      </trkpt>
      <trkpt lat="35.69349752017469" lon="139.69729451259005">
        <ele>34.1</ele>
        <time>2025-08-30T09:35:23Z</time>
        <extensions>
          <gpxtpx:TrackPointExtension>
            <gpxtpx:hr>82</gpxtpx:hr>
          </gpxtpx:TrackPointExtension>
        </extensions>
      </trkpt>
      <trkpt lat="35.69349751492206" lon="139.69729440887482">
        <ele>34.1</ele>
        <time>2025-08-30T09:35:24Z</time>
        <extensions>
          <gpxtpx:TrackPointExtension>
            <gpxtpx:hr>82</gpxtpx:hr>
          </gpxtpx:TrackPointExtension>
        </extensions>
      </trkpt>
      <trkpt lat="35.693497280937926" lon="139.697294520763">
        <ele>34.1</ele>
        <time>2025-08-30T09:35:25Z</time>
        <extensions>
          <gpxtpx:TrackPointExtension>
            <gpxtpx:hr>82</gpxtpx:hr>
          </gpxtpx:TrackPointExtension>
        </extensions>
      </trkpt>
      <trkpt lat="35.69349661946242" lon="139.69729488411386">
        <ele>34.1</ele>
        <time>2025-08-30T09:35:26Z</time>
        <extensions>
          <gpxtpx:TrackPointExtension>
            <gpxtpx:hr>85</gpxtpx:hr>
          </gpxtpx:TrackPointExtension>
        </extensions>
      </trkpt>
      <trkpt lat="35.69349582103248" lon="139.69729537450021">
        <ele>34.1</ele>
        <time>2025-08-30T09:35:27Z</time>
        <extensions>
          <gpxtpx:TrackPointExtension>
            <gpxtpx:hr>85</gpxtpx:hr>
          </gpxtpx:TrackPointExtension>
        </extensions>
      </trkpt>
      <trkpt lat="35.693494973671" lon="139.69729553564042">
        <ele>34.1</ele>
        <time>2025-08-30T09:35:28Z</time>
        <extensions>
          <gpxtpx:TrackPointExtension>
            <gpxtpx:hr>85</gpxtpx:hr>
          </gpxtpx:TrackPointExtension>
        </extensions>
      </trkpt>
      <trkpt lat="35.69349485439842" lon="139.69729467172323">
        <ele>34.1</ele>
        <time>2025-08-30T09:35:29Z</time>
        <extensions>
          <gpxtpx:TrackPointExtension>
            <gpxtpx:hr>85</gpxtpx:hr>
          </gpxtpx:TrackPointExtension>
        </extensions>
      </trkpt>
      <trkpt lat="35.69349456869752" lon="139.6972936242238">
        <ele>34.1</ele>
        <time>2025-08-30T09:35:30Z</time>
        <extensions>
          <gpxtpx:TrackPointExtension>
            <gpxtpx:hr>85</gpxtpx:hr>
          </gpxtpx:TrackPointExtension>
        </extensions>
      </trkpt>
      <trkpt lat="35.69349454372349" lon="139.6972927297992">
        <ele>34.1</ele>
        <time>2025-08-30T09:35:31Z</time>
        <extensions>
          <gpxtpx:TrackPointExtension>
            <gpxtpx:hr>83</gpxtpx:hr>
          </gpxtpx:TrackPointExtension>
        </extensions>
      </trkpt>
      <trkpt lat="35.69349469027" lon="139.6972929585734">
        <ele>34.1</ele>
        <time>2025-08-30T09:35:32Z</time>
        <extensions>
          <gpxtpx:TrackPointExtension>
            <gpxtpx:hr>83</gpxtpx:hr>
          </gpxtpx:TrackPointExtension>
        </extensions>
      </trkpt>
      <trkpt lat="35.69349479460811" lon="139.6972930611159">
        <ele>34.1</ele>
        <time>2025-08-30T09:35:33Z</time>
        <extensions>
          <gpxtpx:TrackPointExtension>
            <gpxtpx:hr>83</gpxtpx:hr>
          </gpxtpx:TrackPointExtension>
        </extensions>
      </trkpt>
      <trkpt lat="35.69349487548886" lon="139.6972932175834">
        <ele>34.1</ele>
        <time>2025-08-30T09:35:34Z</time>
        <extensions>
          <gpxtpx:TrackPointExtension>
            <gpxtpx:hr>83</gpxtpx:hr>
          </gpxtpx:TrackPointExtension>
        </extensions>
      </trkpt>
      <trkpt lat="35.69349492435736" lon="139.69729330444113">
        <ele>34.1</ele>
        <time>2025-08-30T09:35:35Z</time>
        <extensions>
          <gpxtpx:TrackPointExtension>
            <gpxtpx:hr>83</gpxtpx:hr>
          </gpxtpx:TrackPointExtension>
        </extensions>
      </trkpt>
      <trkpt lat="35.69349495497258" lon="139.69729336809277">
        <ele>33.9</ele>
        <time>2025-08-30T09:35:36Z</time>
        <extensions>
          <gpxtpx:TrackPointExtension>
            <gpxtpx:hr>81</gpxtpx:hr>
          </gpxtpx:TrackPointExtension>
        </extensions>
      </trkpt>
      <trkpt lat="35.69349497298642" lon="139.6972934080868">
        <ele>33.9</ele>
        <time>2025-08-30T09:35:37Z</time>
        <extensions>
          <gpxtpx:TrackPointExtension>
            <gpxtpx:hr>81</gpxtpx:hr>
          </gpxtpx:TrackPointExtension>
        </extensions>
      </trkpt>
      <trkpt lat="35.69349498436526" lon="139.69729344348602">
        <ele>33.9</ele>
        <time>2025-08-30T09:35:38Z</time>
        <extensions>
          <gpxtpx:TrackPointExtension>
            <gpxtpx:hr>81</gpxtpx:hr>
          </gpxtpx:TrackPointExtension>
        </extensions>
      </trkpt>
      <trkpt lat="35.69349499305227" lon="139.697293492667">
        <ele>33.9</ele>
        <time>2025-08-30T09:35:39Z</time>
        <extensions>
          <gpxtpx:TrackPointExtension>
            <gpxtpx:hr>81</gpxtpx:hr>
          </gpxtpx:TrackPointExtension>
        </extensions>
      </trkpt>
      <trkpt lat="35.693495003791895" lon="139.69729359721404">
        <ele>33.9</ele>
        <time>2025-08-30T09:35:40Z</time>
        <extensions>
          <gpxtpx:TrackPointExtension>
            <gpxtpx:hr>81</gpxtpx:hr>
          </gpxtpx:TrackPointExtension>
        </extensions>
      </trkpt>
      <trkpt lat="35.69349502494383" lon="139.6972938567597">
        <ele>33.9</ele>
        <time>2025-08-30T09:35:41Z</time>
        <extensions>
          <gpxtpx:TrackPointExtension>
            <gpxtpx:hr>81</gpxtpx:hr>
          </gpxtpx:TrackPointExtension>
        </extensions>
      </trkpt>
      <trkpt lat="35.69349507649902" lon="139.6972941965849">
        <ele>33.9</ele>
        <time>2025-08-30T09:35:42Z</time>
        <extensions>
          <gpxtpx:TrackPointExtension>
            <gpxtpx:hr>81</gpxtpx:hr>
          </gpxtpx:TrackPointExtension>
        </extensions>
      </trkpt>
      <trkpt lat="35.69349520925486" lon="139.697294556993">
        <ele>33.9</ele>
        <time>2025-08-30T09:35:43Z</time>
        <extensions>
          <gpxtpx:TrackPointExtension>
            <gpxtpx:hr>81</gpxtpx:hr>
          </gpxtpx:TrackPointExtension>
        </extensions>
      </trkpt>
      <trkpt lat="35.69349555520008" lon="139.6972951517466">
        <ele>33.9</ele>
        <time>2025-08-30T09:35:44Z</time>
        <extensions>
          <gpxtpx:TrackPointExtension>
            <gpxtpx:hr>81</gpxtpx:hr>
          </gpxtpx:TrackPointExtension>
        </extensions>
      </trkpt>
      <trkpt lat="35.69349600277207" lon="139.69729459126305">
        <ele>33.9</ele>
        <time>2025-08-30T09:35:45Z</time>
        <extensions>
          <gpxtpx:TrackPointExtension>
            <gpxtpx:hr>81</gpxtpx:hr>
          </gpxtpx:TrackPointExtension>
        </extensions>
      </trkpt>
      <trkpt lat="35.69349669646574" lon="139.69729442771416">
        <ele>33.8</ele>
        <time>2025-08-30T09:35:46Z</time>
        <extensions>
          <gpxtpx:TrackPointExtension>
            <gpxtpx:hr>80</gpxtpx:hr>
          </gpxtpx:TrackPointExtension>
        </extensions>
      </trkpt>
      <trkpt lat="35.693496607185836" lon="139.69729295974165">
        <ele>33.8</ele>
        <time>2025-08-30T09:35:47Z</time>
        <extensions>
          <gpxtpx:TrackPointExtension>
            <gpxtpx:hr>80</gpxtpx:hr>
          </gpxtpx:TrackPointExtension>
        </extensions>
      </trkpt>
      <trkpt lat="35.69349660083285" lon="139.69729293864697">
        <ele>33.8</ele>
        <time>2025-08-30T09:35:48Z</time>
        <extensions>
          <gpxtpx:TrackPointExtension>
            <gpxtpx:hr>80</gpxtpx:hr>
          </gpxtpx:TrackPointExtension>
        </extensions>
      </trkpt>
      <trkpt lat="35.69349639511653" lon="139.6972926722911">
        <ele>33.8</ele>
        <time>2025-08-30T09:35:49Z</time>
        <extensions>
          <gpxtpx:TrackPointExtension>
            <gpxtpx:hr>80</gpxtpx:hr>
          </gpxtpx:TrackPointExtension>
        </extensions>
      </trkpt>
      <trkpt lat="35.69349715732411" lon="139.69729363560282">
        <ele>33.8</ele>
        <time>2025-08-30T09:35:50Z</time>
        <extensions>
          <gpxtpx:TrackPointExtension>
            <gpxtpx:hr>80</gpxtpx:hr>
          </gpxtpx:TrackPointExtension>
        </extensions>
      </trkpt>
      <trkpt lat="35.693497490441224" lon="139.69729409109212">
        <ele>33.8</ele>
        <time>2025-08-30T09:35:51Z</time>
        <extensions>
          <gpxtpx:TrackPointExtension>
            <gpxtpx:hr>77</gpxtpx:hr>
          </gpxtpx:TrackPointExtension>
        </extensions>
      </trkpt>
      <trkpt lat="35.69349804309461" lon="139.6972944561706">
        <ele>33.8</ele>
        <time>2025-08-30T09:35:52Z</time>
        <extensions>
          <gpxtpx:TrackPointExtension>
            <gpxtpx:hr>77</gpxtpx:hr>
          </gpxtpx:TrackPointExtension>
        </extensions>
      </trkpt>
      <trkpt lat="35.69349833258257" lon="139.6972945478195">
        <ele>33.8</ele>
        <time>2025-08-30T09:35:53Z</time>
        <extensions>
          <gpxtpx:TrackPointExtension>
            <gpxtpx:hr>77</gpxtpx:hr>
          </gpxtpx:TrackPointExtension>
        </extensions>
      </trkpt>
      <trkpt lat="35.693498979150476" lon="139.69729482596563">
        <ele>33.8</ele>
        <time>2025-08-30T09:35:54Z</time>
        <extensions>
          <gpxtpx:TrackPointExtension>
            <gpxtpx:hr>77</gpxtpx:hr>
          </gpxtpx:TrackPointExtension>
        </extensions>
      </trkpt>
      <trkpt lat="35.69349934892932" lon="139.69729504727405">
        <ele>33.8</ele>
        <time>2025-08-30T09:35:55Z</time>
        <extensions>
          <gpxtpx:TrackPointExtension>
            <gpxtpx:hr>77</gpxtpx:hr>
          </gpxtpx:TrackPointExtension>
        </extensions>
      </trkpt>
      <trkpt lat="35.69349962165705" lon="139.6972954025957">
        <ele>33.8</ele>
        <time>2025-08-30T09:35:56Z</time>
        <extensions>
          <gpxtpx:TrackPointExtension>
            <gpxtpx:hr>74</gpxtpx:hr>
          </gpxtpx:TrackPointExtension>
        </extensions>
      </trkpt>
      <trkpt lat="35.69349977596595" lon="139.69729580289496">
        <ele>33.8</ele>
        <time>2025-08-30T09:35:57Z</time>
        <extensions>
          <gpxtpx:TrackPointExtension>
            <gpxtpx:hr>74</gpxtpx:hr>
          </gpxtpx:TrackPointExtension>
        </extensions>
      </trkpt>
      <trkpt lat="35.69349986933731" lon="139.69729621949892">
        <ele>33.8</ele>
        <time>2025-08-30T09:35:58Z</time>
        <extensions>
          <gpxtpx:TrackPointExtension>
            <gpxtpx:hr>74</gpxtpx:hr>
          </gpxtpx:TrackPointExtension>
        </extensions>
      </trkpt>
      <trkpt lat="35.69349991698153" lon="139.69729656031797">
        <ele>33.8</ele>
        <time>2025-08-30T09:35:59Z</time>
        <extensions>
          <gpxtpx:TrackPointExtension>
            <gpxtpx:hr>74</gpxtpx:hr>
          </gpxtpx:TrackPointExtension>
        </extensions>
      </trkpt>
      <trkpt lat="35.69349993150557" lon="139.69729697862363">
        <ele>33.8</ele>
        <time>2025-08-30T09:36:00Z</time>
        <extensions>
          <gpxtpx:TrackPointExtension>
            <gpxtpx:hr>74</gpxtpx:hr>
          </gpxtpx:TrackPointExtension>
        </extensions>
      </trkpt>
      <trkpt lat="35.69349990477409" lon="139.69729775345857">
        <ele>33.8</ele>
        <time>2025-08-30T09:36:01Z</time>
        <extensions>
          <gpxtpx:TrackPointExtension>
            <gpxtpx:hr>72</gpxtpx:hr>
          </gpxtpx:TrackPointExtension>
        </extensions>
      </trkpt>
      <trkpt lat="35.6935001065513" lon="139.69729741493168">
        <ele>33.8</ele>
        <time>2025-08-30T09:36:02Z</time>
        <extensions>
          <gpxtpx:TrackPointExtension>
            <gpxtpx:hr>72</gpxtpx:hr>
          </gpxtpx:TrackPointExtension>
        </extensions>
      </trkpt>
      <trkpt lat="35.69350048541262" lon="139.69729732707893">
        <ele>33.8</ele>
        <time>2025-08-30T09:36:03Z</time>
        <extensions>
          <gpxtpx:TrackPointExtension>
            <gpxtpx:hr>72</gpxtpx:hr>
          </gpxtpx:TrackPointExtension>
        </extensions>
      </trkpt>
      <trkpt lat="35.6935010356356" lon="139.69729618997087">
        <ele>33.8</ele>
        <time>2025-08-30T09:36:04Z</time>
        <extensions>
          <gpxtpx:TrackPointExtension>
            <gpxtpx:hr>72</gpxtpx:hr>
          </gpxtpx:TrackPointExtension>
        </extensions>
      </trkpt>
      <trkpt lat="35.69350159679306" lon="139.69729624763838">
        <ele>33.8</ele>
        <time>2025-08-30T09:36:05Z</time>
        <extensions>
          <gpxtpx:TrackPointExtension>
            <gpxtpx:hr>72</gpxtpx:hr>
          </gpxtpx:TrackPointExtension>
        </extensions>
      </trkpt>
      <trkpt lat="35.69350215241198" lon="139.6972958122384">
        <ele>33.8</ele>
        <time>2025-08-30T09:36:06Z</time>
        <extensions>
          <gpxtpx:TrackPointExtension>
            <gpxtpx:hr>72</gpxtpx:hr>
          </gpxtpx:TrackPointExtension>
        </extensions>
      </trkpt>
      <trkpt lat="35.69350272714058" lon="139.69729587917908">
        <ele>33.8</ele>
        <time>2025-08-30T09:36:07Z</time>
        <extensions>
          <gpxtpx:TrackPointExtension>
            <gpxtpx:hr>72</gpxtpx:hr>
          </gpxtpx:TrackPointExtension>
        </extensions>
      </trkpt>
      <trkpt lat="35.69350328251442" lon="139.69729568059563">
        <ele>33.8</ele>
        <time>2025-08-30T09:36:08Z</time>
        <extensions>
          <gpxtpx:TrackPointExtension>
            <gpxtpx:hr>72</gpxtpx:hr>
          </gpxtpx:TrackPointExtension>
        </extensions>
      </trkpt>
      <trkpt lat="35.69350381093612" lon="139.69729546894794">
        <ele>33.8</ele>
        <time>2025-08-30T09:36:09Z</time>
        <extensions>
          <gpxtpx:TrackPointExtension>
            <gpxtpx:hr>72</gpxtpx:hr>
          </gpxtpx:TrackPointExtension>
        </extensions>
      </trkpt>
      <trkpt lat="35.69350427145715" lon="139.69729528766675">
        <ele>33.8</ele>
        <time>2025-08-30T09:36:10Z</time>
        <extensions>
          <gpxtpx:TrackPointExtension>
            <gpxtpx:hr>72</gpxtpx:hr>
          </gpxtpx:TrackPointExtension>
        </extensions>
      </trkpt>
      <trkpt lat="35.69350456394129" lon="139.69729509673425">
        <ele>33.8</ele>
        <time>2025-08-30T09:36:11Z</time>
        <extensions>
          <gpxtpx:TrackPointExtension>
            <gpxtpx:hr>72</gpxtpx:hr>
          </gpxtpx:TrackPointExtension>
        </extensions>
      </trkpt>
      <trkpt lat="35.693504754819664" lon="139.69729478445842">
        <ele>33.8</ele>
        <time>2025-08-30T09:36:12Z</time>
        <extensions>
          <gpxtpx:TrackPointExtension>
            <gpxtpx:hr>72</gpxtpx:hr>
          </gpxtpx:TrackPointExtension>
        </extensions>
      </trkpt>
      <trkpt lat="35.69350487766523" lon="139.69729441667172">
        <ele>33.8</ele>
        <time>2025-08-30T09:36:13Z</time>
        <extensions>
          <gpxtpx:TrackPointExtension>
            <gpxtpx:hr>72</gpxtpx:hr>
          </gpxtpx:TrackPointExtension>
        </extensions>
      </trkpt>
      <trkpt lat="35.693504978680565" lon="139.6972940510625">
        <ele>33.8</ele>
        <time>2025-08-30T09:36:14Z</time>
        <extensions>
          <gpxtpx:TrackPointExtension>
            <gpxtpx:hr>72</gpxtpx:hr>
          </gpxtpx:TrackPointExtension>
        </extensions>
      </trkpt>
      <trkpt lat="35.6935051121383" lon="139.69729381673093">
        <ele>33.8</ele>
        <time>2025-08-30T09:36:15Z</time>
        <extensions>
          <gpxtpx:TrackPointExtension>
            <gpxtpx:hr>72</gpxtpx:hr>
          </gpxtpx:TrackPointExtension>
        </extensions>
      </trkpt>
      <trkpt lat="35.69350538678985" lon="139.69729366330353">
        <ele>33.8</ele>
        <time>2025-08-30T09:36:16Z</time>
        <extensions>
          <gpxtpx:TrackPointExtension>
            <gpxtpx:hr>73</gpxtpx:hr>
          </gpxtpx:TrackPointExtension>
        </extensions>
      </trkpt>
      <trkpt lat="35.69350573061773" lon="139.69729357317797">
        <ele>33.8</ele>
        <time>2025-08-30T09:36:17Z</time>
        <extensions>
          <gpxtpx:TrackPointExtension>
            <gpxtpx:hr>73</gpxtpx:hr>
          </gpxtpx:TrackPointExtension>
        </extensions>
      </trkpt>
      <trkpt lat="35.69350608080672" lon="139.6972935202506">
        <ele>33.8</ele>
        <time>2025-08-30T09:36:18Z</time>
        <extensions>
          <gpxtpx:TrackPointExtension>
            <gpxtpx:hr>73</gpxtpx:hr>
          </gpxtpx:TrackPointExtension>
        </extensions>
      </trkpt>
      <trkpt lat="35.69350630451842" lon="139.69729349166082">
        <ele>33.8</ele>
        <time>2025-08-30T09:36:19Z</time>
        <extensions>
          <gpxtpx:TrackPointExtension>
            <gpxtpx:hr>73</gpxtpx:hr>
          </gpxtpx:TrackPointExtension>
        </extensions>
      </trkpt>
      <trkpt lat="35.69350644753859" lon="139.6972934795635">
        <ele>33.8</ele>
        <time>2025-08-30T09:36:20Z</time>
        <extensions>
          <gpxtpx:TrackPointExtension>
            <gpxtpx:hr>73</gpxtpx:hr>
          </gpxtpx:TrackPointExtension>
        </extensions>
      </trkpt>
      <trkpt lat="35.69350652070466" lon="139.69729348399017">
        <ele>33.8</ele>
        <time>2025-08-30T09:36:21Z</time>
        <extensions>
          <gpxtpx:TrackPointExtension>
            <gpxtpx:hr>76</gpxtpx:hr>
          </gpxtpx:TrackPointExtension>
        </extensions>
      </trkpt>
      <trkpt lat="35.69350653517356" lon="139.69729351593475">
        <ele>33.8</ele>
        <time>2025-08-30T09:36:22Z</time>
        <extensions>
          <gpxtpx:TrackPointExtension>
            <gpxtpx:hr>76</gpxtpx:hr>
          </gpxtpx:TrackPointExtension>
        </extensions>
      </trkpt>
      <trkpt lat="35.69350646660428" lon="139.6972936111068">
        <ele>33.8</ele>
        <time>2025-08-30T09:36:23Z</time>
        <extensions>
          <gpxtpx:TrackPointExtension>
            <gpxtpx:hr>76</gpxtpx:hr>
          </gpxtpx:TrackPointExtension>
        </extensions>
      </trkpt>
      <trkpt lat="35.69350622633375" lon="139.69729386683602">
        <ele>33.8</ele>
        <time>2025-08-30T09:36:24Z</time>
        <extensions>
          <gpxtpx:TrackPointExtension>
            <gpxtpx:hr>76</gpxtpx:hr>
          </gpxtpx:TrackPointExtension>
        </extensions>
      </trkpt>
      <trkpt lat="35.693505894609" lon="139.6972942058842">
        <ele>33.8</ele>
        <time>2025-08-30T09:36:25Z</time>
        <extensions>
          <gpxtpx:TrackPointExtension>
            <gpxtpx:hr>76</gpxtpx:hr>
          </gpxtpx:TrackPointExtension>
        </extensions>
      </trkpt>
      <trkpt lat="35.6935055321194" lon="139.69729456702473">
        <ele>33.8</ele>
        <time>2025-08-30T09:36:26Z</time>
        <extensions>
          <gpxtpx:TrackPointExtension>
            <gpxtpx:hr>78</gpxtpx:hr>
          </gpxtpx:TrackPointExtension>
        </extensions>
      </trkpt>
      <trkpt lat="35.69350525129744" lon="139.69729483063296">
        <ele>33.8</ele>
        <time>2025-08-30T09:36:27Z</time>
        <extensions>
          <gpxtpx:TrackPointExtension>
            <gpxtpx:hr>78</gpxtpx:hr>
          </gpxtpx:TrackPointExtension>
        </extensions>
      </trkpt>
      <trkpt lat="35.69350494493058" lon="139.6972950842602">
        <ele>33.8</ele>
        <time>2025-08-30T09:36:28Z</time>
        <extensions>
          <gpxtpx:TrackPointExtension>
            <gpxtpx:hr>78</gpxtpx:hr>
          </gpxtpx:TrackPointExtension>
        </extensions>
      </trkpt>
      <trkpt lat="35.693504436531114" lon="139.69729545035025">
        <ele>33.8</ele>
        <time>2025-08-30T09:36:29Z</time>
        <extensions>
          <gpxtpx:TrackPointExtension>
            <gpxtpx:hr>78</gpxtpx:hr>
          </gpxtpx:TrackPointExtension>
        </extensions>
      </trkpt>
      <trkpt lat="35.693503278695346" lon="139.69729623389085">
        <ele>33.8</ele>
        <time>2025-08-30T09:36:30Z</time>
        <extensions>
          <gpxtpx:TrackPointExtension>
            <gpxtpx:hr>78</gpxtpx:hr>
          </gpxtpx:TrackPointExtension>
        </extensions>
      </trkpt>
      <trkpt lat="35.69350226131704" lon="139.69729658485724">
        <ele>33.8</ele>
        <time>2025-08-30T09:36:31Z</time>
        <extensions>
          <gpxtpx:TrackPointExtension>
            <gpxtpx:hr>84</gpxtpx:hr>
          </gpxtpx:TrackPointExtension>
        </extensions>
      </trkpt>
      <trkpt lat="35.69350150478035" lon="139.69729550332946">
        <ele>33.8</ele>
        <time>2025-08-30T09:36:32Z</time>
        <extensions>
          <gpxtpx:TrackPointExtension>
            <gpxtpx:hr>84</gpxtpx:hr>
          </gpxtpx:TrackPointExtension>
        </extensions>
      </trkpt>
      <trkpt lat="35.693501223771364" lon="139.6972942555989">
        <ele>33.8</ele>
        <time>2025-08-30T09:36:33Z</time>
        <extensions>
          <gpxtpx:TrackPointExtension>
            <gpxtpx:hr>84</gpxtpx:hr>
          </gpxtpx:TrackPointExtension>
        </extensions>
      </trkpt>
      <trkpt lat="35.69350140980653" lon="139.69729181007045">
        <ele>33.8</ele>
        <time>2025-08-30T09:36:34Z</time>
        <extensions>
          <gpxtpx:TrackPointExtension>
            <gpxtpx:hr>84</gpxtpx:hr>
          </gpxtpx:TrackPointExtension>
        </extensions>
      </trkpt>
      <trkpt lat="35.693503184498816" lon="139.69728927323587">
        <ele>33.8</ele>
        <time>2025-08-30T09:36:35Z</time>
        <extensions>
          <gpxtpx:TrackPointExtension>
            <gpxtpx:hr>84</gpxtpx:hr>
          </gpxtpx:TrackPointExtension>
        </extensions>
      </trkpt>
      <trkpt lat="35.69350781158133" lon="139.69728492390104">
        <ele>33.8</ele>
        <time>2025-08-30T09:36:36Z</time>
        <extensions>
          <gpxtpx:TrackPointExtension>
            <gpxtpx:hr>87</gpxtpx:hr>
          </gpxtpx:TrackPointExtension>
        </extensions>
      </trkpt>
      <trkpt lat="35.69351312661654" lon="139.6972814116883">
        <ele>33.8</ele>
        <time>2025-08-30T09:36:37Z</time>
        <extensions>
          <gpxtpx:TrackPointExtension>
            <gpxtpx:hr>87</gpxtpx:hr>
          </gpxtpx:TrackPointExtension>
        </extensions>
      </trkpt>
      <trkpt lat="35.69352169556305" lon="139.69727707494144">
        <ele>33.8</ele>
        <time>2025-08-30T09:36:38Z</time>
        <extensions>
          <gpxtpx:TrackPointExtension>
            <gpxtpx:hr>87</gpxtpx:hr>
          </gpxtpx:TrackPointExtension>
        </extensions>
      </trkpt>
      <trkpt lat="35.693531070727786" lon="139.69727295372476">
        <ele>33.8</ele>
        <time>2025-08-30T09:36:39Z</time>
        <extensions>
          <gpxtpx:TrackPointExtension>
            <gpxtpx:hr>87</gpxtpx:hr>
          </gpxtpx:TrackPointExtension>
        </extensions>
      </trkpt>
      <trkpt lat="35.69354338178704" lon="139.6972686086717">
        <ele>33.8</ele>
        <time>2025-08-30T09:36:40Z</time>
        <extensions>
          <gpxtpx:TrackPointExtension>
            <gpxtpx:hr>87</gpxtpx:hr>
          </gpxtpx:TrackPointExtension>
        </extensions>
      </trkpt>
      <trkpt lat="35.6935551554573" lon="139.6972660705206">
        <ele>33.6</ele>
        <time>2025-08-30T09:36:41Z</time>
        <extensions>
          <gpxtpx:TrackPointExtension>
            <gpxtpx:hr>91</gpxtpx:hr>
          </gpxtpx:TrackPointExtension>
        </extensions>
      </trkpt>
      <trkpt lat="35.69356571376861" lon="139.697264607846">
        <ele>33.6</ele>
        <time>2025-08-30T09:36:42Z</time>
        <extensions>
          <gpxtpx:TrackPointExtension>
            <gpxtpx:hr>91</gpxtpx:hr>
          </gpxtpx:TrackPointExtension>
        </extensions>
      </trkpt>
      <trkpt lat="35.69357494381623" lon="139.69726419703883">
        <ele>33.6</ele>
        <time>2025-08-30T09:36:43Z</time>
        <extensions>
          <gpxtpx:TrackPointExtension>
            <gpxtpx:hr>91</gpxtpx:hr>
          </gpxtpx:TrackPointExtension>
        </extensions>
      </trkpt>
      <trkpt lat="35.69358291338295" lon="139.69726594554675">
        <ele>33.6</ele>
        <time>2025-08-30T09:36:44Z</time>
        <extensions>
          <gpxtpx:TrackPointExtension>
            <gpxtpx:hr>91</gpxtpx:hr>
          </gpxtpx:TrackPointExtension>
        </extensions>
      </trkpt>
      <trkpt lat="35.693589686931425" lon="139.6972685339213">
        <ele>33.6</ele>
        <time>2025-08-30T09:36:45Z</time>
        <extensions>
          <gpxtpx:TrackPointExtension>
            <gpxtpx:hr>91</gpxtpx:hr>
          </gpxtpx:TrackPointExtension>
        </extensions>
      </trkpt>
      <trkpt lat="35.6935945101628" lon="139.69727467598523">
        <ele>33.3</ele>
        <time>2025-08-30T09:36:46Z</time>
        <extensions>
          <gpxtpx:TrackPointExtension>
            <gpxtpx:hr>89</gpxtpx:hr>
          </gpxtpx:TrackPointExtension>
        </extensions>
      </trkpt>
      <trkpt lat="35.69359636701637" lon="139.6972805659264">
        <ele>33.3</ele>
        <time>2025-08-30T09:36:47Z</time>
        <extensions>
          <gpxtpx:TrackPointExtension>
            <gpxtpx:hr>89</gpxtpx:hr>
          </gpxtpx:TrackPointExtension>
        </extensions>
      </trkpt>
      <trkpt lat="35.693597027922266" lon="139.69728771602553">
        <ele>33.3</ele>
        <time>2025-08-30T09:36:48Z</time>
        <extensions>
          <gpxtpx:TrackPointExtension>
            <gpxtpx:hr>89</gpxtpx:hr>
          </gpxtpx:TrackPointExtension>
        </extensions>
      </trkpt>
      <trkpt lat="35.69359701608856" lon="139.69729265566966">
        <ele>33.3</ele>
        <time>2025-08-30T09:36:49Z</time>
        <extensions>
          <gpxtpx:TrackPointExtension>
            <gpxtpx:hr>89</gpxtpx:hr>
          </gpxtpx:TrackPointExtension>
        </extensions>
      </trkpt>
      <trkpt lat="35.69359786351478" lon="139.69729981869173">
        <ele>33.3</ele>
        <time>2025-08-30T09:36:50Z</time>
        <extensions>
          <gpxtpx:TrackPointExtension>
            <gpxtpx:hr>89</gpxtpx:hr>
          </gpxtpx:TrackPointExtension>
        </extensions>
      </trkpt>
      <trkpt lat="35.69359941272613" lon="139.69730686216278">
        <ele>32.9</ele>
        <time>2025-08-30T09:36:51Z</time>
        <extensions>
          <gpxtpx:TrackPointExtension>
            <gpxtpx:hr>89</gpxtpx:hr>
          </gpxtpx:TrackPointExtension>
        </extensions>
      </trkpt>
      <trkpt lat="35.693603209661006" lon="139.69731712566832">
        <ele>32.9</ele>
        <time>2025-08-30T09:36:52Z</time>
        <extensions>
          <gpxtpx:TrackPointExtension>
            <gpxtpx:hr>89</gpxtpx:hr>
          </gpxtpx:TrackPointExtension>
        </extensions>
      </trkpt>
      <trkpt lat="35.693609426526976" lon="139.6973287160875">
        <ele>32.9</ele>
        <time>2025-08-30T09:36:53Z</time>
        <extensions>
          <gpxtpx:TrackPointExtension>
            <gpxtpx:hr>89</gpxtpx:hr>
          </gpxtpx:TrackPointExtension>
        </extensions>
      </trkpt>
      <trkpt lat="35.6936176970224" lon="139.69734162419385">
        <ele>32.9</ele>
        <time>2025-08-30T09:36:54Z</time>
        <extensions>
          <gpxtpx:TrackPointExtension>
            <gpxtpx:hr>89</gpxtpx:hr>
          </gpxtpx:TrackPointExtension>
        </extensions>
      </trkpt>
      <trkpt lat="35.693627882980806" lon="139.69735620695175">
        <ele>32.9</ele>
        <time>2025-08-30T09:36:55Z</time>
        <extensions>
          <gpxtpx:TrackPointExtension>
            <gpxtpx:hr>89</gpxtpx:hr>
          </gpxtpx:TrackPointExtension>
        </extensions>
      </trkpt>
      <trkpt lat="35.69363685912641" lon="139.6973698158228">
        <ele>32.0</ele>
        <time>2025-08-30T09:36:56Z</time>
        <extensions>
          <gpxtpx:TrackPointExtension>
            <gpxtpx:hr>87</gpxtpx:hr>
          </gpxtpx:TrackPointExtension>
        </extensions>
      </trkpt>
      <trkpt lat="35.69364453750558" lon="139.6973854118985">
        <ele>32.0</ele>
        <time>2025-08-30T09:36:57Z</time>
        <extensions>
          <gpxtpx:TrackPointExtension>
            <gpxtpx:hr>87</gpxtpx:hr>
          </gpxtpx:TrackPointExtension>
        </extensions>
      </trkpt>
      <trkpt lat="35.69364914933204" lon="139.69739975371778">
        <ele>32.0</ele>
        <time>2025-08-30T09:36:58Z</time>
        <extensions>
          <gpxtpx:TrackPointExtension>
            <gpxtpx:hr>87</gpxtpx:hr>
          </gpxtpx:TrackPointExtension>
        </extensions>
      </trkpt>
      <trkpt lat="35.69365295914377" lon="139.69741545312016">
        <ele>32.0</ele>
        <time>2025-08-30T09:36:59Z</time>
        <extensions>
          <gpxtpx:TrackPointExtension>
            <gpxtpx:hr>87</gpxtpx:hr>
          </gpxtpx:TrackPointExtension>
        </extensions>
      </trkpt>
      <trkpt lat="35.693657376818955" lon="139.69743179670925">
        <ele>32.0</ele>
        <time>2025-08-30T09:37:00Z</time>
        <extensions>
          <gpxtpx:TrackPointExtension>
            <gpxtpx:hr>87</gpxtpx:hr>
          </gpxtpx:TrackPointExtension>
        </extensions>
      </trkpt>
      <trkpt lat="35.69366275923842" lon="139.69744886526678">
        <ele>30.7</ele>
        <time>2025-08-30T09:37:01Z</time>
        <extensions>
          <gpxtpx:TrackPointExtension>
            <gpxtpx:hr>87</gpxtpx:hr>
          </gpxtpx:TrackPointExtension>
        </extensions>
      </trkpt>
      <trkpt lat="35.69366848144836" lon="139.69746588363856">
        <ele>30.7</ele>
        <time>2025-08-30T09:37:02Z</time>
        <extensions>
          <gpxtpx:TrackPointExtension>
            <gpxtpx:hr>87</gpxtpx:hr>
          </gpxtpx:TrackPointExtension>
        </extensions>
      </trkpt>
      <trkpt lat="35.69367414052449" lon="139.69748220087627">
        <ele>30.7</ele>
        <time>2025-08-30T09:37:03Z</time>
        <extensions>
          <gpxtpx:TrackPointExtension>
            <gpxtpx:hr>87</gpxtpx:hr>
          </gpxtpx:TrackPointExtension>
        </extensions>
      </trkpt>
      <trkpt lat="35.6936793155065" lon="139.69749735856328">
        <ele>30.7</ele>
        <time>2025-08-30T09:37:04Z</time>
        <extensions>
          <gpxtpx:TrackPointExtension>
            <gpxtpx:hr>87</gpxtpx:hr>
          </gpxtpx:TrackPointExtension>
        </extensions>
      </trkpt>
      <trkpt lat="35.693684573346026" lon="139.69751201877745">
        <ele>30.7</ele>
        <time>2025-08-30T09:37:05Z</time>
        <extensions>
          <gpxtpx:TrackPointExtension>
            <gpxtpx:hr>87</gpxtpx:hr>
          </gpxtpx:TrackPointExtension>
        </extensions>
      </trkpt>
      <trkpt lat="35.69368913977312" lon="139.69752435744485">
        <ele>29.3</ele>
        <time>2025-08-30T09:37:06Z</time>
        <extensions>
          <gpxtpx:TrackPointExtension>
            <gpxtpx:hr>88</gpxtpx:hr>
          </gpxtpx:TrackPointExtension>
        </extensions>
      </trkpt>
      <trkpt lat="35.693693395450964" lon="139.6975366324356">
        <ele>29.3</ele>
        <time>2025-08-30T09:37:07Z</time>
        <extensions>
          <gpxtpx:TrackPointExtension>
            <gpxtpx:hr>88</gpxtpx:hr>
          </gpxtpx:TrackPointExtension>
        </extensions>
      </trkpt>
      <trkpt lat="35.69369710101687" lon="139.6975486139201">
        <ele>29.3</ele>
        <time>2025-08-30T09:37:08Z</time>
        <extensions>
          <gpxtpx:TrackPointExtension>
            <gpxtpx:hr>88</gpxtpx:hr>
          </gpxtpx:TrackPointExtension>
        </extensions>
      </trkpt>
      <trkpt lat="35.69370079393855" lon="139.69756288696638">
        <ele>29.3</ele>
        <time>2025-08-30T09:37:09Z</time>
        <extensions>
          <gpxtpx:TrackPointExtension>
            <gpxtpx:hr>88</gpxtpx:hr>
          </gpxtpx:TrackPointExtension>
        </extensions>
      </trkpt>
      <trkpt lat="35.693703935317885" lon="139.697577368199">
        <ele>29.3</ele>
        <time>2025-08-30T09:37:10Z</time>
        <extensions>
          <gpxtpx:TrackPointExtension>
            <gpxtpx:hr>88</gpxtpx:hr>
          </gpxtpx:TrackPointExtension>
        </extensions>
      </trkpt>
      <trkpt lat="35.69370664839622" lon="139.69759168040306">
        <ele>28.5</ele>
        <time>2025-08-30T09:37:11Z</time>
        <extensions>
          <gpxtpx:TrackPointExtension>
            <gpxtpx:hr>91</gpxtpx:hr>
          </gpxtpx:TrackPointExtension>
        </extensions>
      </trkpt>
      <trkpt lat="35.69370901739202" lon="139.69760517577453">
        <ele>28.5</ele>
        <time>2025-08-30T09:37:12Z</time>
        <extensions>
          <gpxtpx:TrackPointExtension>
            <gpxtpx:hr>91</gpxtpx:hr>
          </gpxtpx:TrackPointExtension>
        </extensions>
      </trkpt>
      <trkpt lat="35.69371109612544" lon="139.6976179937148">
        <ele>28.5</ele>
        <time>2025-08-30T09:37:13Z</time>
        <extensions>
          <gpxtpx:TrackPointExtension>
            <gpxtpx:hr>91</gpxtpx:hr>
          </gpxtpx:TrackPointExtension>
        </extensions>
      </trkpt>
      <trkpt lat="35.69371310282073" lon="139.69763054818065">
        <ele>28.5</ele>
        <time>2025-08-30T09:37:14Z</time>
        <extensions>
          <gpxtpx:TrackPointExtension>
            <gpxtpx:hr>91</gpxtpx:hr>
          </gpxtpx:TrackPointExtension>
        </extensions>
      </trkpt>
      <trkpt lat="35.69371528078066" lon="139.69764350213092">
        <ele>28.5</ele>
        <time>2025-08-30T09:37:15Z</time>
        <extensions>
          <gpxtpx:TrackPointExtension>
            <gpxtpx:hr>91</gpxtpx:hr>
          </gpxtpx:TrackPointExtension>
        </extensions>
      </trkpt>
      <trkpt lat="35.693716727342" lon="139.69765496215345">
        <ele>28.1</ele>
        <time>2025-08-30T09:37:16Z</time>
        <extensions>
          <gpxtpx:TrackPointExtension>
            <gpxtpx:hr>88</gpxtpx:hr>
          </gpxtpx:TrackPointExtension>
        </extensions>
      </trkpt>
      <trkpt lat="35.69371831756958" lon="139.6976655887008">
        <ele>28.1</ele>
        <time>2025-08-30T09:37:17Z</time>
        <extensions>
          <gpxtpx:TrackPointExtension>
            <gpxtpx:hr>88</gpxtpx:hr>
          </gpxtpx:TrackPointExtension>
        </extensions>
      </trkpt>
      <trkpt lat="35.69372017152811" lon="139.69767438922483">
        <ele>28.1</ele>
        <time>2025-08-30T09:37:18Z</time>
        <extensions>
          <gpxtpx:TrackPointExtension>
            <gpxtpx:hr>88</gpxtpx:hr>
          </gpxtpx:TrackPointExtension>
        </extensions>
      </trkpt>
      <trkpt lat="35.6937236757798" lon="139.69768319267234">
        <ele>28.1</ele>
        <time>2025-08-30T09:37:19Z</time>
        <extensions>
          <gpxtpx:TrackPointExtension>
            <gpxtpx:hr>88</gpxtpx:hr>
          </gpxtpx:TrackPointExtension>
        </extensions>
      </trkpt>
      <trkpt lat="35.69372630146472" lon="139.69769063196122">
        <ele>28.1</ele>
        <time>2025-08-30T09:37:20Z</time>
        <extensions>
          <gpxtpx:TrackPointExtension>
            <gpxtpx:hr>88</gpxtpx:hr>
          </gpxtpx:TrackPointExtension>
        </extensions>
      </trkpt>
      <trkpt lat="35.6937281284299" lon="139.69769651679485">
        <ele>28.1</ele>
        <time>2025-08-30T09:37:21Z</time>
        <extensions>
          <gpxtpx:TrackPointExtension>
            <gpxtpx:hr>91</gpxtpx:hr>
          </gpxtpx:TrackPointExtension>
        </extensions>
      </trkpt>
      <trkpt lat="35.693728301604736" lon="139.69769942973488">
        <ele>28.1</ele>
        <time>2025-08-30T09:37:22Z</time>
        <extensions>
          <gpxtpx:TrackPointExtension>
            <gpxtpx:hr>91</gpxtpx:hr>
          </gpxtpx:TrackPointExtension>
        </extensions>
      </trkpt>
      <trkpt lat="35.69372806694206" lon="139.69770103217652">
        <ele>28.1</ele>
        <time>2025-08-30T09:37:23Z</time>
        <extensions>
          <gpxtpx:TrackPointExtension>
            <gpxtpx:hr>91</gpxtpx:hr>
          </gpxtpx:TrackPointExtension>
        </extensions>
      </trkpt>
      <trkpt lat="35.69372688433837" lon="139.6977013971456">
        <ele>28.1</ele>
        <time>2025-08-30T09:37:24Z</time>
        <extensions>
          <gpxtpx:TrackPointExtension>
            <gpxtpx:hr>91</gpxtpx:hr>
          </gpxtpx:TrackPointExtension>
        </extensions>
      </trkpt>
      <trkpt lat="35.693725512313065" lon="139.69770139934127">
        <ele>28.1</ele>
        <time>2025-08-30T09:37:25Z</time>
        <extensions>
          <gpxtpx:TrackPointExtension>
            <gpxtpx:hr>91</gpxtpx:hr>
          </gpxtpx:TrackPointExtension>
        </extensions>
      </trkpt>
      <trkpt lat="35.693724029008585" lon="139.69770001806336">
        <ele>27.8</ele>
        <time>2025-08-30T09:37:26Z</time>
        <extensions>
          <gpxtpx:TrackPointExtension>
            <gpxtpx:hr>94</gpxtpx:hr>
          </gpxtpx:TrackPointExtension>
        </extensions>
      </trkpt>
      <trkpt lat="35.69372216188742" lon="139.69769872978523">
        <ele>27.8</ele>
        <time>2025-08-30T09:37:27Z</time>
        <extensions>
          <gpxtpx:TrackPointExtension>
            <gpxtpx:hr>94</gpxtpx:hr>
          </gpxtpx:TrackPointExtension>
        </extensions>
      </trkpt>
      <trkpt lat="35.69372102221885" lon="139.69769805233838">
        <ele>27.8</ele>
        <time>2025-08-30T09:37:28Z</time>
        <extensions>
          <gpxtpx:TrackPointExtension>
            <gpxtpx:hr>94</gpxtpx:hr>
          </gpxtpx:TrackPointExtension>
        </extensions>
      </trkpt>
      <trkpt lat="35.69371977042339" lon="139.69769940638017">
        <ele>27.8</ele>
        <time>2025-08-30T09:37:29Z</time>
        <extensions>
          <gpxtpx:TrackPointExtension>
            <gpxtpx:hr>94</gpxtpx:hr>
          </gpxtpx:TrackPointExtension>
        </extensions>
      </trkpt>
      <trkpt lat="35.6937195115173" lon="139.69770137407374">
        <ele>27.8</ele>
        <time>2025-08-30T09:37:30Z</time>
        <extensions>
          <gpxtpx:TrackPointExtension>
            <gpxtpx:hr>94</gpxtpx:hr>
          </gpxtpx:TrackPointExtension>
        </extensions>
      </trkpt>
      <trkpt lat="35.69371900787908" lon="139.69770360569436">
        <ele>27.6</ele>
        <time>2025-08-30T09:37:31Z</time>
        <extensions>
          <gpxtpx:TrackPointExtension>
            <gpxtpx:hr>90</gpxtpx:hr>
          </gpxtpx:TrackPointExtension>
        </extensions>
      </trkpt>
      <trkpt lat="35.69371866940935" lon="139.69770671122296">
        <ele>27.6</ele>
        <time>2025-08-30T09:37:32Z</time>
        <extensions>
          <gpxtpx:TrackPointExtension>
            <gpxtpx:hr>90</gpxtpx:hr>
          </gpxtpx:TrackPointExtension>
        </extensions>
      </trkpt>
      <trkpt lat="35.69371782610538" lon="139.69771153771063">
        <ele>27.6</ele>
        <time>2025-08-30T09:37:33Z</time>
        <extensions>
          <gpxtpx:TrackPointExtension>
            <gpxtpx:hr>90</gpxtpx:hr>
          </gpxtpx:TrackPointExtension>
        </extensions>
      </trkpt>
      <trkpt lat="35.69371633050122" lon="139.6977188824588">
        <ele>27.6</ele>
        <time>2025-08-30T09:37:34Z</time>
        <extensions>
          <gpxtpx:TrackPointExtension>
            <gpxtpx:hr>90</gpxtpx:hr>
          </gpxtpx:TrackPointExtension>
        </extensions>
      </trkpt>
      <trkpt lat="35.6937150143267" lon="139.69772668388586">
        <ele>27.6</ele>
        <time>2025-08-30T09:37:35Z</time>
        <extensions>
          <gpxtpx:TrackPointExtension>
            <gpxtpx:hr>90</gpxtpx:hr>
          </gpxtpx:TrackPointExtension>
        </extensions>
      </trkpt>
      <trkpt lat="35.693714499057805" lon="139.69773321857733">
        <ele>27.6</ele>
        <time>2025-08-30T09:37:36Z</time>
        <extensions>
          <gpxtpx:TrackPointExtension>
            <gpxtpx:hr>88</gpxtpx:hr>
          </gpxtpx:TrackPointExtension>
        </extensions>
      </trkpt>
      <trkpt lat="35.69371421981173" lon="139.6977389300741">
        <ele>27.6</ele>
        <time>2025-08-30T09:37:37Z</time>
        <extensions>
          <gpxtpx:TrackPointExtension>
            <gpxtpx:hr>88</gpxtpx:hr>
          </gpxtpx:TrackPointExtension>
        </extensions>
      </trkpt>
      <trkpt lat="35.6937145908343" lon="139.6977425848811">
        <ele>27.6</ele>
        <time>2025-08-30T09:37:38Z</time>
        <extensions>
          <gpxtpx:TrackPointExtension>
            <gpxtpx:hr>88</gpxtpx:hr>
          </gpxtpx:TrackPointExtension>
        </extensions>
      </trkpt>
      <trkpt lat="35.69371427647794" lon="139.6977464151987">
        <ele>27.6</ele>
        <time>2025-08-30T09:37:39Z</time>
        <extensions>
          <gpxtpx:TrackPointExtension>
            <gpxtpx:hr>88</gpxtpx:hr>
          </gpxtpx:TrackPointExtension>
        </extensions>
      </trkpt>
      <trkpt lat="35.69371430950523" lon="139.6977487587189">
        <ele>27.6</ele>
        <time>2025-08-30T09:37:40Z</time>
        <extensions>
          <gpxtpx:TrackPointExtension>
            <gpxtpx:hr>88</gpxtpx:hr>
          </gpxtpx:TrackPointExtension>
        </extensions>
      </trkpt>
      <trkpt lat="35.69371414483578" lon="139.6977510614797">
        <ele>27.6</ele>
        <time>2025-08-30T09:37:41Z</time>
        <extensions>
          <gpxtpx:TrackPointExtension>
            <gpxtpx:hr>86</gpxtpx:hr>
          </gpxtpx:TrackPointExtension>
        </extensions>
      </trkpt>
      <trkpt lat="35.69371448227777" lon="139.69775235064682">
        <ele>27.6</ele>
        <time>2025-08-30T09:37:42Z</time>
        <extensions>
          <gpxtpx:TrackPointExtension>
            <gpxtpx:hr>86</gpxtpx:hr>
          </gpxtpx:TrackPointExtension>
        </extensions>
      </trkpt>
      <trkpt lat="35.69371500539307" lon="139.69775341205184">
        <ele>27.6</ele>
        <time>2025-08-30T09:37:43Z</time>
        <extensions>
          <gpxtpx:TrackPointExtension>
            <gpxtpx:hr>86</gpxtpx:hr>
          </gpxtpx:TrackPointExtension>
        </extensions>
      </trkpt>
      <trkpt lat="35.693715086560715" lon="139.69775420414308">
        <ele>27.6</ele>
        <time>2025-08-30T09:37:44Z</time>
        <extensions>
          <gpxtpx:TrackPointExtension>
            <gpxtpx:hr>86</gpxtpx:hr>
          </gpxtpx:TrackPointExtension>
        </extensions>
      </trkpt>
      <trkpt lat="35.69371530666683" lon="139.6977548782093">
        <ele>27.6</ele>
        <time>2025-08-30T09:37:45Z</time>
        <extensions>
          <gpxtpx:TrackPointExtension>
            <gpxtpx:hr>86</gpxtpx:hr>
          </gpxtpx:TrackPointExtension>
        </extensions>
      </trkpt>
      <trkpt lat="35.69371435460543" lon="139.6977551789858">
        <ele>27.6</ele>
        <time>2025-08-30T09:37:46Z</time>
        <extensions>
          <gpxtpx:TrackPointExtension>
            <gpxtpx:hr>82</gpxtpx:hr>
          </gpxtpx:TrackPointExtension>
        </extensions>
      </trkpt>
      <trkpt lat="35.693713997981895" lon="139.69775535527387">
        <ele>27.6</ele>
        <time>2025-08-30T09:37:47Z</time>
        <extensions>
          <gpxtpx:TrackPointExtension>
            <gpxtpx:hr>82</gpxtpx:hr>
          </gpxtpx:TrackPointExtension>
        </extensions>
      </trkpt>
      <trkpt lat="35.69371358931686" lon="139.69775537262421">
        <ele>27.6</ele>
        <time>2025-08-30T09:37:48Z</time>
        <extensions>
          <gpxtpx:TrackPointExtension>
            <gpxtpx:hr>82</gpxtpx:hr>
          </gpxtpx:TrackPointExtension>
        </extensions>
      </trkpt>
      <trkpt lat="35.69371337239313" lon="139.69775593574388">
        <ele>27.6</ele>
        <time>2025-08-30T09:37:49Z</time>
        <extensions>
          <gpxtpx:TrackPointExtension>
            <gpxtpx:hr>82</gpxtpx:hr>
          </gpxtpx:TrackPointExtension>
        </extensions>
      </trkpt>
      <trkpt lat="35.69371303573184" lon="139.69775629585718">
        <ele>27.6</ele>
        <time>2025-08-30T09:37:50Z</time>
        <extensions>
          <gpxtpx:TrackPointExtension>
            <gpxtpx:hr>82</gpxtpx:hr>
          </gpxtpx:TrackPointExtension>
        </extensions>
      </trkpt>
      <trkpt lat="35.69371235489566" lon="139.69775668909466">
        <ele>27.6</ele>
        <time>2025-08-30T09:37:51Z</time>
        <extensions>
          <gpxtpx:TrackPointExtension>
            <gpxtpx:hr>85</gpxtpx:hr>
          </gpxtpx:TrackPointExtension>
        </extensions>
      </trkpt>
      <trkpt lat="35.69371255357853" lon="139.69775672835996">
        <ele>27.6</ele>
        <time>2025-08-30T09:37:52Z</time>
        <extensions>
          <gpxtpx:TrackPointExtension>
            <gpxtpx:hr>85</gpxtpx:hr>
          </gpxtpx:TrackPointExtension>
        </extensions>
      </trkpt>
      <trkpt lat="35.69371266717427" lon="139.6977567648115">
        <ele>27.6</ele>
        <time>2025-08-30T09:37:53Z</time>
        <extensions>
          <gpxtpx:TrackPointExtension>
            <gpxtpx:hr>85</gpxtpx:hr>
          </gpxtpx:TrackPointExtension>
        </extensions>
      </trkpt>
      <trkpt lat="35.69371295729781" lon="139.69775674033554">
        <ele>27.6</ele>
        <time>2025-08-30T09:37:54Z</time>
        <extensions>
          <gpxtpx:TrackPointExtension>
            <gpxtpx:hr>85</gpxtpx:hr>
          </gpxtpx:TrackPointExtension>
        </extensions>
      </trkpt>
      <trkpt lat="35.69371317664866" lon="139.69775667410127">
        <ele>27.6</ele>
        <time>2025-08-30T09:37:55Z</time>
        <extensions>
          <gpxtpx:TrackPointExtension>
            <gpxtpx:hr>85</gpxtpx:hr>
          </gpxtpx:TrackPointExtension>
        </extensions>
      </trkpt>
      <trkpt lat="35.6937134663716" lon="139.69775648919858">
        <ele>27.6</ele>
        <time>2025-08-30T09:37:56Z</time>
        <extensions>
          <gpxtpx:TrackPointExtension>
            <gpxtpx:hr>82</gpxtpx:hr>
          </gpxtpx:TrackPointExtension>
        </extensions>
      </trkpt>
      <trkpt lat="35.693713431727126" lon="139.6977568708985">
        <ele>27.6</ele>
        <time>2025-08-30T09:37:57Z</time>
        <extensions>
          <gpxtpx:TrackPointExtension>
            <gpxtpx:hr>82</gpxtpx:hr>
          </gpxtpx:TrackPointExtension>
        </extensions>
      </trkpt>
      <trkpt lat="35.69371344652698" lon="139.69775717735504">
        <ele>27.6</ele>
        <time>2025-08-30T09:37:58Z</time>
        <extensions>
          <gpxtpx:TrackPointExtension>
            <gpxtpx:hr>82</gpxtpx:hr>
          </gpxtpx:TrackPointExtension>
        </extensions>
      </trkpt>
      <trkpt lat="35.69371327871751" lon="139.69775820567097">
        <ele>27.6</ele>
        <time>2025-08-30T09:37:59Z</time>
        <extensions>
          <gpxtpx:TrackPointExtension>
            <gpxtpx:hr>82</gpxtpx:hr>
          </gpxtpx:TrackPointExtension>
        </extensions>
      </trkpt>
      <trkpt lat="35.69371354563059" lon="139.6977584952996">
        <ele>27.6</ele>
        <time>2025-08-30T09:38:00Z</time>
        <extensions>
          <gpxtpx:TrackPointExtension>
            <gpxtpx:hr>82</gpxtpx:hr>
          </gpxtpx:TrackPointExtension>
        </extensions>
      </trkpt>
      <trkpt lat="35.69371384860835" lon="139.69776032841816">
        <ele>27.6</ele>
        <time>2025-08-30T09:38:01Z</time>
        <extensions>
          <gpxtpx:TrackPointExtension>
            <gpxtpx:hr>80</gpxtpx:hr>
          </gpxtpx:TrackPointExtension>
        </extensions>
      </trkpt>
      <trkpt lat="35.693714470327926" lon="139.69776319672783">
        <ele>27.6</ele>
        <time>2025-08-30T09:38:02Z</time>
        <extensions>
          <gpxtpx:TrackPointExtension>
            <gpxtpx:hr>80</gpxtpx:hr>
          </gpxtpx:TrackPointExtension>
        </extensions>
      </trkpt>
      <trkpt lat="35.693714430456346" lon="139.69776850817578">
        <ele>27.6</ele>
        <time>2025-08-30T09:38:03Z</time>
        <extensions>
          <gpxtpx:TrackPointExtension>
            <gpxtpx:hr>80</gpxtpx:hr>
          </gpxtpx:TrackPointExtension>
        </extensions>
      </trkpt>
      <trkpt lat="35.69371429982135" lon="139.69777305180446">
        <ele>27.6</ele>
        <time>2025-08-30T09:38:04Z</time>
        <extensions>
          <gpxtpx:TrackPointExtension>
            <gpxtpx:hr>80</gpxtpx:hr>
          </gpxtpx:TrackPointExtension>
        </extensions>
      </trkpt>
      <trkpt lat="35.69371365480689" lon="139.69777676312745">
        <ele>27.6</ele>
        <time>2025-08-30T09:38:05Z</time>
        <extensions>
          <gpxtpx:TrackPointExtension>
            <gpxtpx:hr>80</gpxtpx:hr>
          </gpxtpx:TrackPointExtension>
        </extensions>
      </trkpt>
      <trkpt lat="35.69371318822127" lon="139.6977789717296">
        <ele>27.6</ele>
        <time>2025-08-30T09:38:06Z</time>
        <extensions>
          <gpxtpx:TrackPointExtension>
            <gpxtpx:hr>80</gpxtpx:hr>
          </gpxtpx:TrackPointExtension>
        </extensions>
      </trkpt>
      <trkpt lat="35.69371225404399" lon="139.69778132035813">
        <ele>27.6</ele>
        <time>2025-08-30T09:38:07Z</time>
        <extensions>
          <gpxtpx:TrackPointExtension>
            <gpxtpx:hr>80</gpxtpx:hr>
          </gpxtpx:TrackPointExtension>
        </extensions>
      </trkpt>
      <trkpt lat="35.69371114683165" lon="139.69778350141732">
        <ele>27.6</ele>
        <time>2025-08-30T09:38:08Z</time>
        <extensions>
          <gpxtpx:TrackPointExtension>
            <gpxtpx:hr>80</gpxtpx:hr>
          </gpxtpx:TrackPointExtension>
        </extensions>
      </trkpt>
      <trkpt lat="35.69371030277997" lon="139.69778538136552">
        <ele>27.6</ele>
        <time>2025-08-30T09:38:09Z</time>
        <extensions>
          <gpxtpx:TrackPointExtension>
            <gpxtpx:hr>80</gpxtpx:hr>
          </gpxtpx:TrackPointExtension>
        </extensions>
      </trkpt>
      <trkpt lat="35.69370976423527" lon="139.6977868464303">
        <ele>27.6</ele>
        <time>2025-08-30T09:38:10Z</time>
        <extensions>
          <gpxtpx:TrackPointExtension>
            <gpxtpx:hr>80</gpxtpx:hr>
          </gpxtpx:TrackPointExtension>
        </extensions>
      </trkpt>
      <trkpt lat="35.69370981252752" lon="139.69778783309658">
        <ele>27.6</ele>
        <time>2025-08-30T09:38:11Z</time>
        <extensions>
          <gpxtpx:TrackPointExtension>
            <gpxtpx:hr>81</gpxtpx:hr>
          </gpxtpx:TrackPointExtension>
        </extensions>
      </trkpt>
      <trkpt lat="35.69371016872558" lon="139.69778829204756">
        <ele>27.6</ele>
        <time>2025-08-30T09:38:12Z</time>
        <extensions>
          <gpxtpx:TrackPointExtension>
            <gpxtpx:hr>81</gpxtpx:hr>
          </gpxtpx:TrackPointExtension>
        </extensions>
      </trkpt>
      <trkpt lat="35.69370988692078" lon="139.6977890027615">
        <ele>27.6</ele>
        <time>2025-08-30T09:38:13Z</time>
        <extensions>
          <gpxtpx:TrackPointExtension>
            <gpxtpx:hr>81</gpxtpx:hr>
          </gpxtpx:TrackPointExtension>
        </extensions>
      </trkpt>
      <trkpt lat="35.69370975967155" lon="139.69778936755398">
        <ele>27.6</ele>
        <time>2025-08-30T09:38:14Z</time>
        <extensions>
          <gpxtpx:TrackPointExtension>
            <gpxtpx:hr>81</gpxtpx:hr>
          </gpxtpx:TrackPointExtension>
        </extensions>
      </trkpt>
      <trkpt lat="35.69370927323334" lon="139.69779024582158">
        <ele>27.6</ele>
        <time>2025-08-30T09:38:15Z</time>
        <extensions>
          <gpxtpx:TrackPointExtension>
            <gpxtpx:hr>81</gpxtpx:hr>
          </gpxtpx:TrackPointExtension>
        </extensions>
      </trkpt>
      <trkpt lat="35.69370982064683" lon="139.69779016510384">
        <ele>27.6</ele>
        <time>2025-08-30T09:38:16Z</time>
        <extensions>
          <gpxtpx:TrackPointExtension>
            <gpxtpx:hr>81</gpxtpx:hr>
          </gpxtpx:TrackPointExtension>
        </extensions>
      </trkpt>
      <trkpt lat="35.693710355628745" lon="139.69779092567325">
        <ele>27.6</ele>
        <time>2025-08-30T09:38:17Z</time>
        <extensions>
          <gpxtpx:TrackPointExtension>
            <gpxtpx:hr>81</gpxtpx:hr>
          </gpxtpx:TrackPointExtension>
        </extensions>
      </trkpt>
      <trkpt lat="35.69371130573691" lon="139.6977910842604">
        <ele>27.6</ele>
        <time>2025-08-30T09:38:18Z</time>
        <extensions>
          <gpxtpx:TrackPointExtension>
            <gpxtpx:hr>81</gpxtpx:hr>
          </gpxtpx:TrackPointExtension>
        </extensions>
      </trkpt>
      <trkpt lat="35.69371236296346" lon="139.6977921895187">
        <ele>27.6</ele>
        <time>2025-08-30T09:38:19Z</time>
        <extensions>
          <gpxtpx:TrackPointExtension>
            <gpxtpx:hr>81</gpxtpx:hr>
          </gpxtpx:TrackPointExtension>
        </extensions>
      </trkpt>
      <trkpt lat="35.69371338059456" lon="139.6977923296661">
        <ele>27.6</ele>
        <time>2025-08-30T09:38:20Z</time>
        <extensions>
          <gpxtpx:TrackPointExtension>
            <gpxtpx:hr>81</gpxtpx:hr>
          </gpxtpx:TrackPointExtension>
        </extensions>
      </trkpt>
      <trkpt lat="35.69371434747292" lon="139.6977937286859">
        <ele>27.6</ele>
        <time>2025-08-30T09:38:21Z</time>
        <extensions>
          <gpxtpx:TrackPointExtension>
            <gpxtpx:hr>83</gpxtpx:hr>
          </gpxtpx:TrackPointExtension>
        </extensions>
      </trkpt>
      <trkpt lat="35.693715071289475" lon="139.6977941761196">
        <ele>27.6</ele>
        <time>2025-08-30T09:38:22Z</time>
        <extensions>
          <gpxtpx:TrackPointExtension>
            <gpxtpx:hr>83</gpxtpx:hr>
          </gpxtpx:TrackPointExtension>
        </extensions>
      </trkpt>
      <trkpt lat="35.69371548571513" lon="139.69779554362927">
        <ele>27.6</ele>
        <time>2025-08-30T09:38:23Z</time>
        <extensions>
          <gpxtpx:TrackPointExtension>
            <gpxtpx:hr>83</gpxtpx:hr>
          </gpxtpx:TrackPointExtension>
        </extensions>
      </trkpt>
      <trkpt lat="35.69371576981148" lon="139.69779581059092">
        <ele>27.6</ele>
        <time>2025-08-30T09:38:24Z</time>
        <extensions>
          <gpxtpx:TrackPointExtension>
            <gpxtpx:hr>83</gpxtpx:hr>
          </gpxtpx:TrackPointExtension>
        </extensions>
      </trkpt>
      <trkpt lat="35.693715959628555" lon="139.69779650805427">
        <ele>27.6</ele>
        <time>2025-08-30T09:38:25Z</time>
        <extensions>
          <gpxtpx:TrackPointExtension>
            <gpxtpx:hr>83</gpxtpx:hr>
          </gpxtpx:TrackPointExtension>
        </extensions>
      </trkpt>
      <trkpt lat="35.693716257404624" lon="139.69779661400352">
        <ele>27.6</ele>
        <time>2025-08-30T09:38:26Z</time>
        <extensions>
          <gpxtpx:TrackPointExtension>
            <gpxtpx:hr>83</gpxtpx:hr>
          </gpxtpx:TrackPointExtension>
        </extensions>
      </trkpt>
      <trkpt lat="35.69371646885347" lon="139.69779677036843">
        <ele>27.6</ele>
        <time>2025-08-30T09:38:27Z</time>
        <extensions>
          <gpxtpx:TrackPointExtension>
            <gpxtpx:hr>83</gpxtpx:hr>
          </gpxtpx:TrackPointExtension>
        </extensions>
      </trkpt>
      <trkpt lat="35.69371670890985" lon="139.69779689613864">
        <ele>27.6</ele>
        <time>2025-08-30T09:38:28Z</time>
        <extensions>
          <gpxtpx:TrackPointExtension>
            <gpxtpx:hr>83</gpxtpx:hr>
          </gpxtpx:TrackPointExtension>
        </extensions>
      </trkpt>
      <trkpt lat="35.69371709997606" lon="139.69779717577535">
        <ele>27.6</ele>
        <time>2025-08-30T09:38:29Z</time>
        <extensions>
          <gpxtpx:TrackPointExtension>
            <gpxtpx:hr>83</gpxtpx:hr>
          </gpxtpx:TrackPointExtension>
        </extensions>
      </trkpt>
      <trkpt lat="35.69371712670246" lon="139.69779754965094">
        <ele>27.6</ele>
        <time>2025-08-30T09:38:30Z</time>
        <extensions>
          <gpxtpx:TrackPointExtension>
            <gpxtpx:hr>83</gpxtpx:hr>
          </gpxtpx:TrackPointExtension>
        </extensions>
      </trkpt>
      <trkpt lat="35.69371638306507" lon="139.69779729301192">
        <ele>27.6</ele>
        <time>2025-08-30T09:38:31Z</time>
        <extensions>
          <gpxtpx:TrackPointExtension>
            <gpxtpx:hr>80</gpxtpx:hr>
          </gpxtpx:TrackPointExtension>
        </extensions>
      </trkpt>
      <trkpt lat="35.693715617930586" lon="139.69779720784365">
        <ele>27.6</ele>
        <time>2025-08-30T09:38:32Z</time>
        <extensions>
          <gpxtpx:TrackPointExtension>
            <gpxtpx:hr>80</gpxtpx:hr>
          </gpxtpx:TrackPointExtension>
        </extensions>
      </trkpt>
      <trkpt lat="35.693714787586025" lon="139.69779679427828">
        <ele>27.6</ele>
        <time>2025-08-30T09:38:33Z</time>
        <extensions>
          <gpxtpx:TrackPointExtension>
            <gpxtpx:hr>80</gpxtpx:hr>
          </gpxtpx:TrackPointExtension>
        </extensions>
      </trkpt>
      <trkpt lat="35.69371475375017" lon="139.6977971886308">
        <ele>27.6</ele>
        <time>2025-08-30T09:38:34Z</time>
        <extensions>
          <gpxtpx:TrackPointExtension>
            <gpxtpx:hr>80</gpxtpx:hr>
          </gpxtpx:TrackPointExtension>
        </extensions>
      </trkpt>
      <trkpt lat="35.693714538293875" lon="139.69779733377442">
        <ele>27.6</ele>
        <time>2025-08-30T09:38:35Z</time>
        <extensions>
          <gpxtpx:TrackPointExtension>
            <gpxtpx:hr>80</gpxtpx:hr>
          </gpxtpx:TrackPointExtension>
        </extensions>
      </trkpt>
      <trkpt lat="35.69371476331281" lon="139.6977977710899">
        <ele>27.6</ele>
        <time>2025-08-30T09:38:36Z</time>
        <extensions>
          <gpxtpx:TrackPointExtension>
            <gpxtpx:hr>80</gpxtpx:hr>
          </gpxtpx:TrackPointExtension>
        </extensions>
      </trkpt>
      <trkpt lat="35.69371494502921" lon="139.69779801459532">
        <ele>27.6</ele>
        <time>2025-08-30T09:38:37Z</time>
        <extensions>
          <gpxtpx:TrackPointExtension>
            <gpxtpx:hr>80</gpxtpx:hr>
          </gpxtpx:TrackPointExtension>
        </extensions>
      </trkpt>
      <trkpt lat="35.69371529133703" lon="139.69779820133476">
        <ele>27.6</ele>
        <time>2025-08-30T09:38:38Z</time>
        <extensions>
          <gpxtpx:TrackPointExtension>
            <gpxtpx:hr>80</gpxtpx:hr>
          </gpxtpx:TrackPointExtension>
        </extensions>
      </trkpt>
      <trkpt lat="35.69371567801805" lon="139.69779831220347">
        <ele>27.6</ele>
        <time>2025-08-30T09:38:39Z</time>
        <extensions>
          <gpxtpx:TrackPointExtension>
            <gpxtpx:hr>80</gpxtpx:hr>
          </gpxtpx:TrackPointExtension>
        </extensions>
      </trkpt>
      <trkpt lat="35.69371606887336" lon="139.697798395738">
        <ele>27.6</ele>
        <time>2025-08-30T09:38:40Z</time>
        <extensions>
          <gpxtpx:TrackPointExtension>
            <gpxtpx:hr>80</gpxtpx:hr>
          </gpxtpx:TrackPointExtension>
        </extensions>
      </trkpt>
      <trkpt lat="35.693716342028424" lon="139.69779848211547">
        <ele>27.9</ele>
        <time>2025-08-30T09:38:41Z</time>
        <extensions>
          <gpxtpx:TrackPointExtension>
            <gpxtpx:hr>80</gpxtpx:hr>
          </gpxtpx:TrackPointExtension>
        </extensions>
      </trkpt>
      <trkpt lat="35.69371658368035" lon="139.6977986340582">
        <ele>27.9</ele>
        <time>2025-08-30T09:38:42Z</time>
        <extensions>
          <gpxtpx:TrackPointExtension>
            <gpxtpx:hr>80</gpxtpx:hr>
          </gpxtpx:TrackPointExtension>
        </extensions>
      </trkpt>
      <trkpt lat="35.69371689594942" lon="139.69779898760632">
        <ele>27.9</ele>
        <time>2025-08-30T09:38:43Z</time>
        <extensions>
          <gpxtpx:TrackPointExtension>
            <gpxtpx:hr>80</gpxtpx:hr>
          </gpxtpx:TrackPointExtension>
        </extensions>
      </trkpt>
      <trkpt lat="35.6937175268891" lon="139.6977998875021">
        <ele>27.9</ele>
        <time>2025-08-30T09:38:44Z</time>
        <extensions>
          <gpxtpx:TrackPointExtension>
            <gpxtpx:hr>80</gpxtpx:hr>
          </gpxtpx:TrackPointExtension>
        </extensions>
      </trkpt>
      <trkpt lat="35.6937182350339" lon="139.69780052118097">
        <ele>27.9</ele>
        <time>2025-08-30T09:38:45Z</time>
        <extensions>
          <gpxtpx:TrackPointExtension>
            <gpxtpx:hr>80</gpxtpx:hr>
          </gpxtpx:TrackPointExtension>
        </extensions>
      </trkpt>
      <trkpt lat="35.69371883558756" lon="139.69780028444245">
        <ele>27.9</ele>
        <time>2025-08-30T09:38:46Z</time>
        <extensions>
          <gpxtpx:TrackPointExtension>
            <gpxtpx:hr>80</gpxtpx:hr>
          </gpxtpx:TrackPointExtension>
        </extensions>
      </trkpt>
      <trkpt lat="35.69371909994457" lon="139.6977992277955">
        <ele>27.9</ele>
        <time>2025-08-30T09:38:47Z</time>
        <extensions>
          <gpxtpx:TrackPointExtension>
            <gpxtpx:hr>80</gpxtpx:hr>
          </gpxtpx:TrackPointExtension>
        </extensions>
      </trkpt>
      <trkpt lat="35.69371811061384" lon="139.69779775452133">
        <ele>27.9</ele>
        <time>2025-08-30T09:38:48Z</time>
        <extensions>
          <gpxtpx:TrackPointExtension>
            <gpxtpx:hr>80</gpxtpx:hr>
          </gpxtpx:TrackPointExtension>
        </extensions>
      </trkpt>
      <trkpt lat="35.69371761494244" lon="139.69779722308047">
        <ele>27.9</ele>
        <time>2025-08-30T09:38:49Z</time>
      </trkpt>
      <trkpt lat="35.69371652228318" lon="139.69779662933334">
        <ele>27.9</ele>
        <time>2025-08-30T09:38:50Z</time>
      </trkpt>
    </trkseg>
  </trk>
</gpx>